Brand,model,Year,Age,kmDriven,Transmission,Owner,FuelType,AskPrice,brand_model
Honda,City,2001,23,98000.0,0,1,0,195000,Honda City
Toyota,Innova,2009,15,190000.0,0,1,1,375000,Toyota Innova
Volkswagen,VentoTest,2010,14,77246.0,0,0,1,184999,Volkswagen VentoTest
Maruti Suzuki,Swift,2017,7,83500.0,0,1,1,565000,Maruti Suzuki Swift
Maruti Suzuki,Baleno,2019,5,45000.0,1,0,0,685000,Maruti Suzuki Baleno
BMW,X3,2014,10,83000.0,1,0,1,1350000,BMW X3
Toyota,Innova,2014,10,168000.0,0,1,1,1025000,Toyota Innova
BMW,5 Series,2019,5,25000.0,1,1,1,5950000,BMW 5 Series
Maruti Suzuki,maruti-suzuki-dzire,2020,4,33759.0,0,1,0,622000,Maruti Suzuki maruti-suzuki-dzire
Ford,Ecosport,2017,7,69713.0,0,1,0,649000,Ford Ecosport
Maruti Suzuki,Alto-K10,2018,6,70000.0,1,0,0,395000,Maruti Suzuki Alto-K10
Kia,Carnival,2021,3,25000.0,1,0,1,2900000,Kia Carnival
Maruti Suzuki,Swift-Dzire,2012,12,72700.0,0,1,0,240000,Maruti Suzuki Swift-Dzire
Toyota,Corolla,2007,17,121931.0,1,1,0,201350,Toyota Corolla
Mercedes-Benz,GLE COUPE,2021,3,32000.0,1,1,0,11800000,Mercedes-Benz GLE COUPE
Hyundai,Xcent,2018,6,130000.0,0,1,1,330000,Hyundai Xcent
Kia,Seltos,2020,4,68000.0,0,0,1,1045000,Kia Seltos
Maruti Suzuki,Ertiga,2016,8,65000.0,0,1,1,785000,Maruti Suzuki Ertiga
Maruti Suzuki,Ertiga,2017,7,59000.0,1,1,0,555000,Maruti Suzuki Ertiga
BMW,3 Series GT,2015,9,61000.0,1,1,1,1500000,BMW 3 Series GT
Ford,Endeavour,2019,5,77000.0,1,1,1,2399000,Ford Endeavour
Toyota,Innova Crysta,2017,7,107000.0,1,0,1,1325000,Toyota Innova Crysta
Honda,City,2010,14,99000.0,0,0,0,295000,Honda City
Audi,A3,2015,9,42000.0,1,1,1,1050000,Audi A3
Renault,KWID,2019,5,48073.0,1,1,0,355000,Renault KWID
MG,Hector,2019,5,32618.0,1,0,0,1250000,MG Hector
Maruti Suzuki,Swift-Dzire,2012,12,70000.0,0,1,1,315000,Maruti Suzuki Swift-Dzire
Maruti Suzuki,Celerio,2014,10,51000.0,1,1,0,345000,Maruti Suzuki Celerio
Maruti Suzuki,Vitara-Brezza,2018,6,137000.0,0,0,1,845000,Maruti Suzuki Vitara-Brezza
Toyota,2.8 Legender 4X2,2023,1,1996.0,1,0,1,4195000,Toyota 2.8 Legender 4X2
Toyota,Innova Crysta,2017,7,90000.0,0,1,1,1950000,Toyota Innova Crysta
Toyota,Innova,2011,13,84000.0,0,1,1,490000,Toyota Innova
Volvo,S90,2018,6,53000.0,1,0,1,2950000,Volvo S90
Hyundai,Venue,2021,3,17000.0,0,0,0,685000,Hyundai Venue
Maruti Suzuki,Ertiga,2018,6,70000.0,0,1,0,749000,Maruti Suzuki Ertiga
Hyundai,Creta,2023,1,5000.0,1,0,0,1600000,Hyundai Creta
Hyundai,Alcazar,2022,2,47110.0,0,1,1,1695000,Hyundai Alcazar
Hyundai,i20,2019,5,35000.0,0,0,0,585000,Hyundai i20
Mercedes-Benz,E-Class,2019,5,101570.0,1,0,1,4200000,Mercedes-Benz E-Class
Volkswagen,Polo,2021,3,42000.0,0,1,0,675000,Volkswagen Polo
Maruti Suzuki,Baleno,2018,6,30000.0,0,1,0,630000,Maruti Suzuki Baleno
Hyundai,Verna,2016,8,82100.0,0,1,1,465000,Hyundai Verna
Audi,A4,2012,12,90000.0,1,1,1,899000,Audi A4
Toyota,Fortuner,2011,13,193000.0,0,1,1,1125000,Toyota Fortuner
Mercedes-Benz,C-Class,2015,9,65000.0,1,0,1,1750000,Mercedes-Benz C-Class
Hyundai,Creta,2022,2,30000.0,1,1,0,1690000,Hyundai Creta
Maruti Suzuki,Swift-Dzire,2020,4,94856.0,0,0,0,690000,Maruti Suzuki Swift-Dzire
Skoda,Kushaq,2023,1,12000.0,1,0,0,1800000,Skoda Kushaq
Maruti Suzuki,Ciaz,2018,6,0.0,0,0,0,500000,Maruti Suzuki Ciaz
Tata,Safari,2010,14,500000.0,0,0,1,800000,Tata Safari
Toyota,Innova Crysta,2018,6,118000.0,1,0,1,1795000,Toyota Innova Crysta
Mercedes-Benz,C-Class,2016,8,41000.0,1,1,0,2000000,Mercedes-Benz C-Class
Honda,City,2010,14,79000.0,0,1,0,290000,Honda City
Honda,BRV,2016,8,103001.0,0,1,1,555555,Honda BRV
Hyundai,Creta,2017,7,70000.0,0,1,0,765000,Hyundai Creta
Renault,Duster,2018,6,130000.0,0,0,1,690000,Renault Duster
Maruti Suzuki,Wagon-R,2011,13,78000.0,0,1,0,225000,Maruti Suzuki Wagon-R
Toyota,Fortuner,2017,7,115000.0,1,1,1,2390000,Toyota Fortuner
Mahindra,Bolero Power Plus,2017,7,160000.0,0,1,1,550000,Mahindra Bolero Power Plus
Hyundai,Eon,2017,7,27000.0,0,1,0,300000,Hyundai Eon
MG,Hector Plus,2020,4,81600.0,1,0,0,1021000,MG Hector Plus
Hyundai,Creta,2017,7,54000.0,1,0,0,811000,Hyundai Creta
Mahindra,XUV500,2018,6,76000.0,0,0,1,1125000,Mahindra XUV500
Mercedes-Benz,GLS,2014,10,86000.0,1,0,1,3000000,Mercedes-Benz GLS
Hyundai,i10,2011,13,65000.0,0,1,0,115000,Hyundai i10
Mercedes-Benz,GLA Class,2018,6,60000.0,1,1,1,1450000,Mercedes-Benz GLA Class
Kia,Carens,2023,1,24000.0,0,0,0,1225000,Kia Carens
Toyota,Innova,2011,13,100231.0,0,1,1,429101,Toyota Innova
Maruti Suzuki,Ignis,2023,1,13000.0,0,1,0,610000,Maruti Suzuki Ignis
Hyundai,Grand i10,2017,7,47000.0,0,0,0,519999,Hyundai Grand i10
Hyundai,Getz Prime,2007,17,115031.0,0,1,0,140000,Hyundai Getz Prime
Maruti Suzuki,Swift,2014,10,67000.0,0,0,0,280000,Maruti Suzuki Swift
Hyundai,Xcent,2016,8,74500.0,0,0,1,425000,Hyundai Xcent
Honda,City,2016,8,93000.0,1,1,0,575000,Honda City
Maruti Suzuki,Ritz,2015,9,59000.0,0,0,0,295000,Maruti Suzuki Ritz
Toyota,Innova Crysta,2017,7,79000.0,1,1,1,1725000,Toyota Innova Crysta
Hyundai,Verna,2022,2,69000.0,1,0,1,1250000,Hyundai Verna
Hyundai,Creta,2015,9,76000.0,1,1,1,650000,Hyundai Creta
Kia,Sonet,2020,4,34500.0,1,0,0,935000,Kia Sonet
Ford,Ecosport,2016,8,130000.0,0,1,1,400000,Ford Ecosport
Mercedes-Benz,GLC Coupe,2022,2,20000.0,1,0,1,7500000,Mercedes-Benz GLC Coupe
Mahindra,Scorpio-N,2023,1,15905.0,1,0,1,2350000,Mahindra Scorpio-N
Toyota,Innova Crysta,2021,3,21000.0,0,0,1,2125000,Toyota Innova Crysta
Mini,Cooper 3 DOOR,2019,5,13000.0,1,0,0,3950000,Mini Cooper 3 DOOR
Maruti Suzuki,Ertiga,2015,9,75000.0,0,0,1,435000,Maruti Suzuki Ertiga
Volkswagen,Polo,2012,12,80000.0,0,1,1,300000,Volkswagen Polo
Maruti Suzuki,Wagon-R,2016,8,50000.0,0,0,0,245000,Maruti Suzuki Wagon-R
Tata,Nexon,2022,2,40000.0,1,1,0,680000,Tata Nexon
Maruti Suzuki,Ritz,2013,11,87000.0,0,0,1,385000,Maruti Suzuki Ritz
Toyota,Etios,2015,9,155000.0,0,1,1,589000,Toyota Etios
Volkswagen,CrossPolo,2014,10,80000.0,0,1,1,425000,Volkswagen CrossPolo
Maruti Suzuki,Wagon-R,2014,10,84000.0,0,1,0,265000,Maruti Suzuki Wagon-R
Volkswagen,Polo,2021,3,18000.0,1,0,0,850000,Volkswagen Polo
Maruti Suzuki,Baleno,2017,7,47000.0,1,0,0,575000,Maruti Suzuki Baleno
Volkswagen,Vento,2011,13,134000.0,0,0,1,425000,Volkswagen Vento
Maruti Suzuki,Alto-K10,2011,13,82000.0,0,0,0,180000,Maruti Suzuki Alto-K10
Maruti Suzuki,Celerio,2015,9,35000.0,1,0,0,425000,Maruti Suzuki Celerio
Renault,Duster,2015,9,150000.0,1,1,1,450000,Renault Duster
Toyota,Fortuner,2012,12,132000.0,0,0,1,1095000,Toyota Fortuner
Land Rover,Range Rover Evoque,2017,7,130000.0,1,1,0,2500000,Land Rover Range Rover Evoque
Maruti Suzuki,Ertiga,2020,4,59000.0,1,0,0,980000,Maruti Suzuki Ertiga
Tata,Nexon,2018,6,95000.0,1,1,0,575000,Tata Nexon
Tata,Indigo Ecs,2016,8,115000.0,0,1,1,110000,Tata Indigo Ecs
Mahindra,Thar,2022,2,11000.0,0,0,1,1675000,Mahindra Thar
Toyota,Camry,2015,9,68000.0,1,1,0,1185000,Toyota Camry
Skoda,Kushaq,2021,3,74000.0,1,0,0,1199000,Skoda Kushaq
Maruti Suzuki,Ritz,2012,12,88000.0,0,0,0,385000,Maruti Suzuki Ritz
Hyundai,Grand i10,2014,10,47000.0,1,1,0,455000,Hyundai Grand i10
Mahindra,Bolero,2015,9,16.0,0,0,1,390000,Mahindra Bolero
Honda,Brio,2012,12,68000.0,0,0,0,235000,Honda Brio
Honda,City ZX,2007,17,115000.0,0,1,0,265000,Honda City ZX
Hyundai,i10,2011,13,50000.0,0,1,0,150000,Hyundai i10
Honda,WRV,2017,7,98000.0,0,0,1,600000,Honda WRV
Land Rover,Discovery Sport,2019,5,62000.0,1,0,1,3099000,Land Rover Discovery Sport
Tata,Harrier,2019,5,67000.0,0,1,1,899000,Tata Harrier
Tata,Zest,2015,9,69000.0,0,1,0,340000,Tata Zest
Maruti Suzuki,Eeco,2021,3,49000.0,0,0,0,540000,Maruti Suzuki Eeco
Maruti Suzuki,Swift-Dzire,2013,11,162000.0,0,1,1,390000,Maruti Suzuki Swift-Dzire
Toyota,Fortuner,2018,6,86000.0,0,0,1,2499000,Toyota Fortuner
Hyundai,Creta,2023,1,35000.0,1,0,1,2025000,Hyundai Creta
Maruti Suzuki,Wagon-R,2014,10,38000.0,0,0,0,370000,Maruti Suzuki Wagon-R
Hyundai,Creta,2020,4,105000.0,0,0,1,1050000,Hyundai Creta
Toyota,2.8 Legender 4X2,2022,2,25500.0,1,0,1,4199999,Toyota 2.8 Legender 4X2
Maruti Suzuki,Swift Dzire,2015,9,67000.0,0,0,0,450000,Maruti Suzuki Swift Dzire
Volkswagen,VentoTest,2016,8,78000.0,1,0,0,555000,Volkswagen VentoTest
Toyota,Innova,2006,18,191000.0,0,0,1,295000,Toyota Innova
Hyundai,Creta,2018,6,66000.0,1,1,0,1075000,Hyundai Creta
Toyota,Innova Crysta,2016,8,75000.0,0,0,1,1480000,Toyota Innova Crysta
Maruti Suzuki,Vitara-Brezza,2018,6,85600.0,0,0,1,750000,Maruti Suzuki Vitara-Brezza
Maruti Suzuki,Ertiga,2012,12,155000.0,0,1,1,650000,Maruti Suzuki Ertiga
Hyundai,i10,2010,14,46000.0,0,1,0,78000,Hyundai i10
Maruti Suzuki,Ciaz,2015,9,68000.0,0,0,0,330000,Maruti Suzuki Ciaz
Ford,Ecosport,2018,6,73000.0,1,0,0,590000,Ford Ecosport
Honda,City,2011,13,74000.0,1,1,0,375000,Honda City
Maruti Suzuki,Swift,2018,6,65000.0,1,1,0,590000,Maruti Suzuki Swift
Audi,A4,2021,3,50000.0,1,0,0,3250000,Audi A4
Honda,City,2014,10,61000.0,1,0,0,685000,Honda City
Maruti Suzuki,Swift,2005,19,98000.0,0,1,0,160000,Maruti Suzuki Swift
Mahindra,XUV500,2017,7,76000.0,1,1,1,760000,Mahindra XUV500
Mahindra,XUV500,2016,8,89100.0,0,1,1,760000,Mahindra XUV500
Volkswagen,Polo,2018,6,73961.0,1,1,0,935000,Volkswagen Polo
Ford,Endeavour,2019,5,60000.0,1,0,1,2740000,Ford Endeavour
Mahindra,Thar,2018,6,46850.0,0,1,1,880000,Mahindra Thar
Mahindra,Thar,2023,1,28000.0,1,0,1,1785000,Mahindra Thar
Mahindra,XUV500,2013,11,99000.0,0,1,1,470000,Mahindra XUV500
Maruti Suzuki,Sx4,2009,15,56328.0,0,0,0,265000,Maruti Suzuki Sx4
Audi,A3,2015,9,42000.0,1,1,1,1050000,Audi A3
Hyundai,Creta,2018,6,127000.0,0,0,1,995000,Hyundai Creta
Mercedes-Benz,C-Class,2013,11,78000.0,1,1,0,790000,Mercedes-Benz C-Class
Toyota,Innova Crysta,2022,2,31000.0,1,0,1,2700000,Toyota Innova Crysta
Skoda,Kodiaq,2020,4,57000.0,1,0,1,3045000,Skoda Kodiaq
Ford,Endeavour,2017,7,70000.0,1,1,1,2650000,Ford Endeavour
Honda,City,2016,8,93000.0,1,1,0,575000,Honda City
Hyundai,Eon,2014,10,41453.0,0,1,0,220000,Hyundai Eon
Tata,Altroz,2021,3,33000.0,0,0,0,545000,Tata Altroz
Maruti Suzuki,Celerio,2018,6,37000.0,1,1,0,460000,Maruti Suzuki Celerio
Volkswagen,Polo,2015,9,65000.0,0,0,0,375000,Volkswagen Polo
Hyundai,Grand i10 Nios,2022,2,36000.0,1,0,0,690000,Hyundai Grand i10 Nios
Toyota,Camry,2016,8,130000.0,1,1,0,1399999,Toyota Camry
Maruti Suzuki,Alto-800,2013,11,100000.0,0,1,0,160000,Maruti Suzuki Alto-800
BMW,X1,2016,8,93000.0,1,0,1,2100000,BMW X1
Hyundai,Creta,2019,5,48000.0,0,0,1,1065000,Hyundai Creta
BMW,X5,2016,8,63000.0,1,1,1,2290000,BMW X5
Hyundai,i20,2015,9,85000.0,0,1,1,560000,Hyundai i20
Skoda,Rapid,2017,7,70000.0,1,0,1,750000,Skoda Rapid
Hyundai,Verna,2013,11,59000.0,0,1,0,425000,Hyundai Verna
Mahindra,TUV,2015,9,72000.0,1,1,1,390000,Mahindra TUV
Mercedes-Benz,E-Class,2012,12,74000.0,1,1,1,1295000,Mercedes-Benz E-Class
Honda,City,2018,6,78127.0,0,0,1,785000,Honda City
Maruti Suzuki,Ciaz,2020,4,26000.0,0,0,0,775000,Maruti Suzuki Ciaz
Renault,KWID,2017,7,65663.0,1,1,0,325000,Renault KWID
BMW,5 Series,2018,6,24000.0,1,0,0,4199000,BMW 5 Series
Toyota,Fortuner,2015,9,160000.0,1,1,1,1250000,Toyota Fortuner
Volkswagen,Polo,2020,4,79000.0,0,1,0,725000,Volkswagen Polo
Maruti Suzuki,Baleno,2018,6,31000.0,0,0,0,549000,Maruti Suzuki Baleno
Hyundai,Creta,2019,5,55000.0,1,0,1,1299999,Hyundai Creta
Maruti Suzuki,Swift Dzire,2015,9,89000.0,0,1,1,431000,Maruti Suzuki Swift Dzire
Hyundai,Alcazar,2022,2,37000.0,1,0,1,1820000,Hyundai Alcazar
Maruti Suzuki,Alto K10,2016,8,56000.0,0,0,0,275000,Maruti Suzuki Alto K10
Mercedes-Benz,M-Class,2015,9,75000.0,1,0,1,2450000,Mercedes-Benz M-Class
Honda,Brio,2014,10,32001.0,0,1,0,295000,Honda Brio
Maruti Suzuki,Swift-Dzire,2024,0,22000.0,0,0,0,260000,Maruti Suzuki Swift-Dzire
Hyundai,i20,2010,14,45000.0,0,1,0,150000,Hyundai i20
Toyota,Fortuner,2021,3,60000.0,1,0,0,3200000,Toyota Fortuner
Kia,Seltos,2021,3,41000.0,1,0,0,1390000,Kia Seltos
Volkswagen,Polo,2015,9,51000.0,0,1,0,499999,Volkswagen Polo
Toyota,Glanza,2021,3,28000.0,1,1,0,750000,Toyota Glanza
BMW,5 Series,2019,5,38000.0,1,0,1,4450000,BMW 5 Series
Skoda,Rapid,2019,5,64800.0,1,0,1,799000,Skoda Rapid
Jeep,Compass,2022,2,17300.0,1,0,0,1995000,Jeep Compass
Volkswagen,VentoTest,2013,11,38000.0,0,0,0,292000,Volkswagen VentoTest
Honda,City,2011,13,95000.0,1,1,0,280000,Honda City
Honda,Brio,2012,12,72000.0,0,0,0,165000,Honda Brio
Maruti Suzuki,Ertiga,2016,8,135000.0,0,1,1,875000,Maruti Suzuki Ertiga
Toyota,Etios,2012,12,135000.0,0,1,1,395000,Toyota Etios
Volkswagen,VentoTest,2019,5,160000.0,0,0,1,695000,Volkswagen VentoTest
Tata,Harrier,2022,2,14000.0,1,0,1,1875000,Tata Harrier
Kia,Seltos,2020,4,50200.0,1,0,0,1300000,Kia Seltos
Maruti Suzuki,Alto-800,2014,10,47000.0,0,0,0,255000,Maruti Suzuki Alto-800
Audi,A3,2015,9,42000.0,1,1,1,1050000,Audi A3
Honda,City,2011,13,59600.0,0,1,0,210000,Honda City
Maruti Suzuki,Ritz,2010,14,8000.0,1,1,0,185000,Maruti Suzuki Ritz
Maruti Suzuki,Wagon-R,2023,1,30000.0,0,0,0,675000,Maruti Suzuki Wagon-R
Renault,KWID,2017,7,54000.0,1,1,0,365000,Renault KWID
Maruti Suzuki,Omni,1998,26,80000.0,0,1,0,75000,Maruti Suzuki Omni
Chevrolet,Cruze,2011,13,100000.0,1,1,1,295000,Chevrolet Cruze
Mahindra,XUV500,2017,7,48000.0,1,0,1,1199999,Mahindra XUV500
Hyundai,Verna,2013,11,150000.0,1,1,1,410000,Hyundai Verna
Hyundai,Creta,2016,8,63000.0,0,1,0,650000,Hyundai Creta
Toyota,Fortuner,2014,10,333000.0,1,1,1,1445000,Toyota Fortuner
Honda,City,2018,6,62000.0,0,0,0,695000,Honda City
Honda,Amaze,2021,3,56001.0,1,0,1,1125000,Honda Amaze
Toyota,Innova Crysta,2017,7,25000.0,0,0,1,1565000,Toyota Innova Crysta
Honda,Jazz,2015,9,68001.0,0,1,0,444000,Honda Jazz
Renault,Scala,2013,11,72000.0,0,0,1,345000,Renault Scala
BMW,3 Series GT,2019,5,50000.0,1,1,1,2675000,BMW 3 Series GT
Honda,City,2016,8,95000.0,0,1,0,535000,Honda City
Maruti Suzuki,S-Presso,2021,3,39000.0,1,0,0,465000,Maruti Suzuki S-Presso
Mahindra,XUV500,2013,11,60000.0,0,1,1,695000,Mahindra XUV500
Hyundai,Tucson,2017,7,72315.0,1,1,1,1035000,Hyundai Tucson
Hyundai,Verna,2014,10,82000.0,1,1,0,390000,Hyundai Verna
Toyota,Camry,2015,9,68000.0,1,1,0,1185000,Toyota Camry
Maruti Suzuki,Alto,2019,5,85000.0,1,1,0,280000,Maruti Suzuki Alto
Hyundai,Santa Fe,2016,8,64000.0,1,0,1,1245000,Hyundai Santa Fe
Hyundai,Xcent,2016,8,68500.0,0,1,0,440000,Hyundai Xcent
Maruti Suzuki,Dzire,2022,2,44000.0,1,0,0,780000,Maruti Suzuki Dzire
Maruti Suzuki,Swift,2019,5,59000.0,0,0,0,540000,Maruti Suzuki Swift
MG,ASTOR,2022,2,32000.0,1,0,0,1275000,MG ASTOR
Audi,Q7,2014,10,45000.0,1,1,1,1200000,Audi Q7
Volkswagen,VentoTest,2016,8,130000.0,1,1,0,525000,Volkswagen VentoTest
Mercedes-Benz,GLE COUPE,2021,3,32000.0,1,1,0,11800000,Mercedes-Benz GLE COUPE
Maruti Suzuki,Alto-800,2019,5,,0,0,0,300000,Maruti Suzuki Alto-800
Toyota,Innova Crysta,2017,7,112000.0,1,0,1,1551111,Toyota Innova Crysta
Mini,Cooper 5 DOOR,2014,10,32000.0,1,1,1,1900000,Mini Cooper 5 DOOR
Renault,KWID,2017,7,78537.0,1,0,0,375000,Renault KWID
Volkswagen,VentoTest,2018,6,70673.0,1,0,1,775000,Volkswagen VentoTest
Maruti Suzuki,Baleno,2018,6,39848.0,0,0,0,479931,Maruti Suzuki Baleno
Audi,Q3,2016,8,77000.0,1,0,1,1500000,Audi Q3
Maruti Suzuki,Alto,2008,16,111400.0,0,1,0,150000,Maruti Suzuki Alto
Toyota,Fortuner,2017,7,30000.0,1,1,1,3495000,Toyota Fortuner
Skoda,Rapid,2015,9,82000.0,1,1,1,325000,Skoda Rapid
Maruti Suzuki,Swift-Dzire,2013,11,89000.0,0,1,1,361000,Maruti Suzuki Swift-Dzire
Toyota,Fortuner,2015,9,195000.0,1,0,1,1550000,Toyota Fortuner
Tata,Hexa,2017,7,65110.0,0,0,1,695000,Tata Hexa
Hyundai,Creta Facelift,2022,2,25000.0,0,0,0,1375000,Hyundai Creta Facelift
BMW,7 Series,2014,10,115000.0,1,0,1,1500000,BMW 7 Series
Honda,Jazz,2015,9,64000.0,0,0,0,574999,Honda Jazz
Volkswagen,Polo,2013,11,61000.0,1,0,0,415000,Volkswagen Polo
Hyundai,Grand i10,2014,10,54000.0,1,1,0,479000,Hyundai Grand i10
Maruti Suzuki,Ciaz,2020,4,610003.0,0,0,0,840000,Maruti Suzuki Ciaz
Toyota,Innova Crysta,2022,2,25000.0,1,0,1,2600000,Toyota Innova Crysta
Maruti Suzuki,Celerio,2015,9,103000.0,1,1,0,360000,Maruti Suzuki Celerio
Mahindra,Thar,2022,2,14000.0,1,0,0,1550000,Mahindra Thar
Tata,Bolt,2015,9,56000.0,0,0,0,235000,Tata Bolt
BMW,5 Series,2016,8,47000.0,1,1,1,2500000,BMW 5 Series
Jaguar,XF,2013,11,97763.0,1,1,1,1550000,Jaguar XF
Tata,Tiago,2021,3,74000.0,0,1,0,515000,Tata Tiago
Honda,Brio,2015,9,50000.0,0,1,0,385000,Honda Brio
Toyota,Innova Crysta,2021,3,42000.0,0,1,1,2550000,Toyota Innova Crysta
Skoda,Rapid,2014,10,71000.0,1,1,0,395000,Skoda Rapid
Mahindra,Thar,2020,4,40000.0,0,0,1,1195000,Mahindra Thar
BMW,3 Series GT,2015,9,61000.0,1,1,1,1500000,BMW 3 Series GT
Hyundai,i20,2010,14,83000.0,0,1,0,235000,Hyundai i20
Toyota,Fortuner,2012,12,166000.0,0,1,1,1650000,Toyota Fortuner
Tata,Indigo Marina,2004,20,70899.0,0,1,0,98000,Tata Indigo Marina
Maruti Suzuki,Ertiga,2019,5,91000.0,0,0,1,1149000,Maruti Suzuki Ertiga
Tata,Safari,2022,2,27000.0,0,0,1,1865000,Tata Safari
Hyundai,Creta,2018,6,77620.0,1,0,1,1350000,Hyundai Creta
Ford,Ecosport,2017,7,85000.0,0,1,1,649999,Ford Ecosport
Tata,Nano Genx,2016,8,58.0,1,1,0,186000,Tata Nano Genx
Maruti Suzuki,Swift-Dzire,2016,8,25.0,0,1,1,420000,Maruti Suzuki Swift-Dzire
Maruti Suzuki,Alto-800,2006,18,20024.0,0,0,0,20000,Maruti Suzuki Alto-800
Hyundai,Grand i10,2014,10,80000.0,0,1,0,375556,Hyundai Grand i10
Volkswagen,Polo,2019,5,35000.0,1,1,0,1185000,Volkswagen Polo
Honda,City Hybrid eHEV,2016,8,77000.0,1,0,0,575000,Honda City Hybrid eHEV
Maruti Suzuki,Swift,2018,6,63259.0,1,1,1,520000,Maruti Suzuki Swift
Ford,Ecosport,2017,7,110000.0,0,0,1,449999,Ford Ecosport
Hyundai,i20,2023,1,14000.0,1,0,0,925000,Hyundai i20
Volkswagen,Tiguan,2018,6,52000.0,1,0,1,1915000,Volkswagen Tiguan
Mercedes-Benz,G,2011,13,45000.0,1,1,1,7500000,Mercedes-Benz G
BMW,3 Series,2016,8,65000.0,1,1,1,1325000,BMW 3 Series
Renault,Duster,2016,8,75000.0,1,1,1,595000,Renault Duster
Maruti Suzuki,Swift,2007,17,135000.0,0,1,1,165000,Maruti Suzuki Swift
Toyota,Innova,2014,10,105000.0,0,1,1,780000,Toyota Innova
Land Rover,Range Rover,2016,8,151000.0,1,1,1,2800000,Land Rover Range Rover
BMW,7 Series,2013,11,61000.0,1,1,1,851000,BMW 7 Series
Maruti Suzuki,Grand Vitara,2023,1,21209.0,0,0,0,1290000,Maruti Suzuki Grand Vitara
Toyota,Glanza,2020,4,87000.0,0,0,0,733000,Toyota Glanza
Renault,Duster,2016,8,130000.0,0,1,1,599000,Renault Duster
Volvo,XC 90,2015,9,125000.0,1,1,1,1075000,Volvo XC 90
Tata,Tiago,2018,6,30000.0,1,0,0,355000,Tata Tiago
Audi,A6,2015,9,78561.0,1,0,1,898970,Audi A6
Honda,City,2016,8,63000.0,0,1,0,600000,Honda City
Honda,Amaze,2016,8,65000.0,0,0,0,410000,Honda Amaze
Volkswagen,Polo GTI,2015,9,102000.0,1,1,0,450000,Volkswagen Polo GTI
Maruti Suzuki,Swift,2022,2,35000.0,1,0,0,745000,Maruti Suzuki Swift
Volkswagen,Virtus,2022,2,50000.0,1,0,0,1299000,Volkswagen Virtus
Maruti Suzuki,A-Star,2013,11,60000.0,1,1,0,299000,Maruti Suzuki A-Star
BMW,5 Series,2014,10,72000.0,1,1,1,1599000,BMW 5 Series
Mini,Cooper S,2013,11,53000.0,1,1,0,1600000,Mini Cooper S
Toyota,Etios Liva,2018,6,74000.0,0,1,1,850000,Toyota Etios Liva
MG,Hector,2023,1,29000.0,1,0,0,2295000,MG Hector
Mercedes-Benz,CLA,2016,8,20800.0,1,1,0,1700000,Mercedes-Benz CLA
Hyundai,i20,2017,7,95000.0,0,1,0,565000,Hyundai i20
Mahindra,Thar,2021,3,13000.0,1,0,1,1700000,Mahindra Thar
Mahindra,XUV700,2023,1,4000.0,0,0,0,2100000,Mahindra XUV700
Maruti Suzuki,Baleno,2021,3,57000.0,1,1,0,685000,Maruti Suzuki Baleno
Mahindra,Alturas G4,2022,2,25000.0,1,0,1,2725000,Mahindra Alturas G4
Mahindra,Scorpio,2017,7,92000.0,0,0,1,1050000,Mahindra Scorpio
MG,ASTOR,2021,3,12110.0,1,0,0,1295000,MG ASTOR
Hyundai,New i20,2022,2,13162.0,1,0,0,975000,Hyundai New i20
Toyota,Etios Liva,2017,7,49000.0,0,0,0,599000,Toyota Etios Liva
Maruti Suzuki,Alto 800,2016,8,68000.0,0,1,0,265000,Maruti Suzuki Alto 800
Audi,A6,2013,11,110000.0,1,1,1,1150000,Audi A6
Hyundai,Elite i20,2017,7,52355.0,0,0,0,499555,Hyundai Elite i20
Hyundai,i10,2013,11,40595.0,1,1,0,310000,Hyundai i10
Mahindra,Thar,2021,3,41000.0,0,1,1,1450000,Mahindra Thar
Maruti Suzuki,Omni,2014,10,77500.0,1,1,0,1010000,Maruti Suzuki Omni
Maruti Suzuki,Swift-Dzire,2018,6,55000.0,0,0,0,595000,Maruti Suzuki Swift-Dzire
Hyundai,i10,2013,11,80000.0,1,1,0,145000,Hyundai i10
Land Rover,Defender,2024,0,7000.0,1,0,0,12700000,Land Rover Defender
BMW,5 Series,2016,8,47000.0,1,1,1,2500000,BMW 5 Series
Mercedes-Benz,GLA Class,2016,8,71000.0,1,1,0,1990000,Mercedes-Benz GLA Class
Hyundai,Santro Xing,2007,17,65000.0,0,1,0,185000,Hyundai Santro Xing
Toyota,Innova Crysta,2019,5,69000.0,1,0,1,2699000,Toyota Innova Crysta
Maruti Suzuki,Ertiga,2019,5,90000.0,0,0,1,900000,Maruti Suzuki Ertiga
Fiat,Linea,2009,15,79742.0,0,1,0,165000,Fiat Linea
Audi,Q3,2017,7,45000.0,1,1,1,1690000,Audi Q3
Toyota,Innova Crysta,2022,2,8000.0,1,0,1,3375000,Toyota Innova Crysta
Toyota,Etios,2012,12,51000.0,1,1,0,260000,Toyota Etios
BMW,3 Series GT,2019,5,71000.0,1,0,1,2550000,BMW 3 Series GT
Aston Martin,Vanquish,2016,8,25700.0,1,0,0,26400000,Aston Martin Vanquish
Mercedes-Benz,C-Class,2015,9,58000.0,1,0,1,2149999,Mercedes-Benz C-Class
Toyota,Fortuner,2024,0,2596.0,0,0,1,3899999,Toyota Fortuner
Mahindra,Thar,2023,1,24500.0,1,0,0,1410000,Mahindra Thar
Honda,City,2021,3,125000.0,0,0,1,1075000,Honda City
Maruti Suzuki,Ciaz,2017,7,79000.0,1,1,0,600000,Maruti Suzuki Ciaz
Toyota,Innova Crysta,2019,5,118000.0,1,1,1,1999000,Toyota Innova Crysta
BMW,5 Series,2017,7,75000.0,1,0,1,4000000,BMW 5 Series
Mahindra,Bolero,2017,7,105000.0,0,1,1,620000,Mahindra Bolero
Maruti Suzuki,maruti-suzuki-brezza,2021,3,35000.0,0,0,0,851000,Maruti Suzuki maruti-suzuki-brezza
Audi,A8 L,2017,7,51000.0,1,0,1,3500000,Audi A8 L
Kia,Seltos,2022,2,30891.0,1,0,1,1875000,Kia Seltos
Hyundai,Alcazar,2023,1,2500.0,1,0,0,1800000,Hyundai Alcazar
Maruti Suzuki,Swift,2019,5,32000.0,0,1,0,575000,Maruti Suzuki Swift
Mahindra,Thar,2021,3,66000.0,0,0,1,1425000,Mahindra Thar
Volvo,V40 Cross Country,2016,8,75000.0,1,0,0,1375000,Volvo V40 Cross Country
MG,Hector,2019,5,71000.0,0,0,1,1275000,MG Hector
BMW,3 Series GT,2015,9,61000.0,1,1,1,1500000,BMW 3 Series GT
Audi,A6,2011,13,51000.0,1,1,0,1350000,Audi A6
Maruti Suzuki,Alto-K10,2015,9,75000.0,1,1,0,310000,Maruti Suzuki Alto-K10
Hyundai,Elite i20,2018,6,39500.0,0,0,0,545000,Hyundai Elite i20
Renault,Captur,2018,6,120000.0,0,0,1,800000,Renault Captur
Toyota,Innova,2016,8,,0,1,1,860000,Toyota Innova
Volkswagen,Polo,2015,9,65000.0,0,0,0,375000,Volkswagen Polo
Volkswagen,Passat,2012,12,68900.0,1,1,1,555000,Volkswagen Passat
Mercedes-Benz,E-Class,2017,7,68000.0,1,0,1,3090000,Mercedes-Benz E-Class
Ford,Ecosport,2015,9,80000.0,1,1,0,465000,Ford Ecosport
Maruti Suzuki,Alto-K10,2019,5,62000.0,0,0,0,360000,Maruti Suzuki Alto-K10
Hyundai,Venue,2022,2,55000.0,0,0,1,1250000,Hyundai Venue
Volkswagen,Polo,2015,9,60000.0,0,1,0,460000,Volkswagen Polo
Toyota,Innova Crysta,2017,7,34000.0,0,0,1,1395000,Toyota Innova Crysta
Jeep,Compass,2017,7,49000.0,1,0,0,1151111,Jeep Compass
Hyundai,i20,2016,8,36000.0,0,1,0,450000,Hyundai i20
Mahindra,KUV 100,2016,8,85000.0,0,1,1,320000,Mahindra KUV 100
Mahindra,Bolero Neo,2023,1,35000.0,1,1,1,1050000,Mahindra Bolero Neo
Honda,Amaze,2015,9,160000.0,0,1,1,275000,Honda Amaze
Maruti Suzuki,Swift,2010,14,141000.0,0,1,1,330000,Maruti Suzuki Swift
Land Rover,Range Rover,2012,12,23100.0,1,1,1,4795000,Land Rover Range Rover
Hyundai,Verna,2014,10,100000.0,0,0,0,950000,Hyundai Verna
Hyundai,Elantra,2016,8,88000.0,0,1,1,860000,Hyundai Elantra
Porsche,Macan,2023,1,5100.0,1,0,0,8900000,Porsche Macan
Maruti Suzuki,Ciaz,2017,7,76000.0,0,1,0,480000,Maruti Suzuki Ciaz
BMW,X3,2019,5,50000.0,1,1,1,4000000,BMW X3
Mercedes-Benz,M-Class,2014,10,48000.0,1,0,1,1745000,Mercedes-Benz M-Class
Mahindra,XUV700,2024,0,16666.0,1,0,1,2599999,Mahindra XUV700
Skoda,Kushaq,2022,2,38917.0,0,0,0,1225000,Skoda Kushaq
Maruti Suzuki,Baleno,2016,8,55000.0,1,0,0,655000,Maruti Suzuki Baleno
Audi,A3,2015,9,42000.0,1,1,1,1050000,Audi A3
Nissan,Terrano,2015,9,84000.0,0,1,1,500000,Nissan Terrano
Hyundai,Elantra,2014,10,120000.0,1,1,1,550000,Hyundai Elantra
Maruti Suzuki,Ertiga,2022,2,8638.0,0,0,0,1150000,Maruti Suzuki Ertiga
Maruti Suzuki,Swift Dzire,2013,11,62000.0,0,1,0,350000,Maruti Suzuki Swift Dzire
Maruti Suzuki,Swift Dzire,2013,11,62000.0,0,1,0,350000,Maruti Suzuki Swift Dzire
Honda,Amaze,2014,10,86131.0,0,1,1,300000,Honda Amaze
Maruti Suzuki,Swift,2021,3,29000.0,1,0,0,765000,Maruti Suzuki Swift
MG,ASTOR,2024,0,260.0,0,0,0,1495000,MG ASTOR
Hyundai,Verna,2023,1,15120.0,1,0,0,1550000,Hyundai Verna
Tata,Altroz,2021,3,21000.0,0,1,0,535000,Tata Altroz
MG,Hector Plus,2022,2,11000.0,1,0,0,1850000,MG Hector Plus
Maruti Suzuki,Ciaz,2017,7,63000.0,0,0,0,750000,Maruti Suzuki Ciaz
Skoda,Rapid,2021,3,41189.0,1,0,0,1225000,Skoda Rapid
Mahindra,Scorpio-N,2022,2,20000.0,0,0,1,1945000,Mahindra Scorpio-N
Mercedes-Benz,C-Class,2011,13,64000.0,1,1,1,975000,Mercedes-Benz C-Class
Kia,Seltos,2020,4,62500.0,0,0,1,945000,Kia Seltos
Toyota,Innova,2012,12,121000.0,0,0,1,400000,Toyota Innova
Maruti Suzuki,Swift,2018,6,38000.0,0,1,0,480000,Maruti Suzuki Swift
Mahindra,Thar,2021,3,30000.0,1,0,1,1540000,Mahindra Thar
Maruti Suzuki,Swift-Dzire-Tour,2010,14,130000.0,0,1,1,260000,Maruti Suzuki Swift-Dzire-Tour
Maruti Suzuki,Wagon-R,2021,3,71000.0,0,0,0,475000,Maruti Suzuki Wagon-R
Hyundai,Creta,2023,1,4800.0,1,1,1,1950000,Hyundai Creta
Maruti Suzuki,Baleno,2017,7,59000.0,0,0,0,515000,Maruti Suzuki Baleno
Honda,City,2011,13,75875.0,1,1,0,295000,Honda City
Kia,Seltos,2020,4,109000.0,0,0,1,975000,Kia Seltos
Mercedes-Benz,E-Class,2006,18,92000.0,1,1,1,500000,Mercedes-Benz E-Class
Jaguar,XF,2014,10,41000.0,1,1,1,2525000,Jaguar XF
Maruti Suzuki,XL6,2022,2,76000.0,0,0,0,1000000,Maruti Suzuki XL6
Mini,Cooper 3 DOOR,2020,4,12000.0,1,0,0,4450000,Mini Cooper 3 DOOR
Hyundai,Verna,2016,8,81982.0,1,0,1,695000,Hyundai Verna
Mahindra,Xylo,2010,14,51258.0,0,0,1,199000,Mahindra Xylo
Mahindra,Scorpio,2017,7,59000.0,0,0,1,850000,Mahindra Scorpio
Mercedes-Benz,S-Class,2018,6,39000.0,1,1,1,5950000,Mercedes-Benz S-Class
Maruti Suzuki,Ertiga,2021,3,38000.0,1,0,0,1155000,Maruti Suzuki Ertiga
Maruti Suzuki,Swift,2024,0,6000.0,1,0,0,1150000,Maruti Suzuki Swift
BMW,3 Series,2016,8,53000.0,1,1,1,1399000,BMW 3 Series
BMW,3 Series GT,2014,10,99000.0,1,1,1,1750000,BMW 3 Series GT
Mercedes-Benz,E-Class,2012,12,73595.0,1,1,0,699000,Mercedes-Benz E-Class
Hyundai,Grand i10,2018,6,51000.0,0,0,0,475000,Hyundai Grand i10
Hyundai,Verna,2018,6,57546.0,1,0,0,849999,Hyundai Verna
Mercedes-Benz,C-Class,2016,8,96000.0,1,1,1,2300000,Mercedes-Benz C-Class
BMW,6 Series GT,2018,6,21000.0,1,1,0,4500000,BMW 6 Series GT
Maruti Suzuki,Swift,2018,6,48000.0,1,1,0,535000,Maruti Suzuki Swift
Volkswagen,VentoTest,2011,13,22000.0,0,0,0,299999,Volkswagen VentoTest
Toyota,Fortuner,2021,3,40000.0,1,0,1,4100000,Toyota Fortuner
Maruti Suzuki,XL6,2021,3,22864.0,1,0,0,1095000,Maruti Suzuki XL6
Maruti Suzuki,Vitara-Brezza,2017,7,64000.0,0,0,1,585000,Maruti Suzuki Vitara-Brezza
Hyundai,Grand i10,2013,11,88000.0,0,0,1,410000,Hyundai Grand i10
Ford,Figo,2011,13,30000.0,0,1,0,149000,Ford Figo
Hyundai,Grand i10 Nios,2020,4,33145.0,0,0,0,600000,Hyundai Grand i10 Nios
Skoda,Rapid,2011,13,60000.0,0,0,0,220000,Skoda Rapid
Mercedes-Benz,CLA,2016,8,20800.0,1,1,0,1700000,Mercedes-Benz CLA
Jeep,Compass,2017,7,61000.0,0,1,1,1150000,Jeep Compass
Maruti Suzuki,Ertiga,2014,10,120000.0,1,1,1,425000,Maruti Suzuki Ertiga
Mahindra,XUV500,2016,8,87000.0,0,0,1,1050000,Mahindra XUV500
Hyundai,Venue,2022,2,38000.0,0,0,0,1040000,Hyundai Venue
Jeep,Compass,2017,7,55000.0,1,1,0,1011000,Jeep Compass
Hyundai,Creta,2019,5,35000.0,0,0,1,1145000,Hyundai Creta
Honda,City,2011,13,82000.0,1,1,0,299000,Honda City
Toyota,Innova Crysta,2019,5,65000.0,1,0,1,1400000,Toyota Innova Crysta
Renault,Duster,2015,9,90000.0,0,0,1,575000,Renault Duster
Mercedes-Benz,E-Class,2020,4,49000.0,1,0,0,4800000,Mercedes-Benz E-Class
Mercedes-Benz,S-Class,2019,5,29000.0,1,1,1,9500000,Mercedes-Benz S-Class
Honda,City,2023,1,9500.0,1,0,0,1475000,Honda City
Renault,Duster,2013,11,86250.0,0,0,1,290000,Renault Duster
Honda,City ZX,2024,0,,1,0,0,1550000,Honda City ZX
Toyota,Innova Crysta,2016,8,190000.0,0,0,1,1650000,Toyota Innova Crysta
Volkswagen,Ameo,2017,7,80000.0,0,0,1,475000,Volkswagen Ameo
Hyundai,Creta,2021,3,96000.0,1,0,1,1700000,Hyundai Creta
BMW,7 Series,2016,8,40000.0,1,0,1,2150000,BMW 7 Series
Maruti Suzuki,XL6,2019,5,65000.0,0,0,0,925000,Maruti Suzuki XL6
Maruti Suzuki,Swift,2010,14,29000.0,0,0,0,150000,Maruti Suzuki Swift
Hyundai,i10,2013,11,40000.0,1,1,0,200000,Hyundai i10
Mahindra,Scorpio,2010,14,65000.0,0,1,1,290000,Mahindra Scorpio
Maruti Suzuki,Celerio,2018,6,38000.0,1,1,0,380000,Maruti Suzuki Celerio
Maruti Suzuki,Wagon-R,2015,9,66000.0,1,1,0,260000,Maruti Suzuki Wagon-R
Maruti Suzuki,Ciaz,2019,5,29000.0,0,0,0,850000,Maruti Suzuki Ciaz
Toyota,Fortuner,2016,8,90000.0,0,1,1,1545000,Toyota Fortuner
Toyota,Innova Hycross,2023,1,14100.0,1,0,0,2844000,Toyota Innova Hycross
Hyundai,Creta,2015,9,88000.0,0,1,1,750000,Hyundai Creta
Maruti Suzuki,Swift Dzire,2016,8,49000.0,1,1,0,599000,Maruti Suzuki Swift Dzire
Maruti Suzuki,Celerio,2016,8,36000.0,1,0,0,399999,Maruti Suzuki Celerio
Honda,Jazz,2011,13,61000.0,0,1,0,225000,Honda Jazz
Hyundai,Grand i10,2018,6,62000.0,0,1,0,375000,Hyundai Grand i10
Hyundai,Creta,2022,2,19000.0,1,0,1,2290000,Hyundai Creta
Jaguar,XF,2013,11,97763.0,1,1,1,1550000,Jaguar XF
Mercedes-Benz,CLA,2019,5,28370.0,1,0,1,1999999,Mercedes-Benz CLA
Ford,Endeavour,2016,8,86000.0,1,0,1,1825000,Ford Endeavour
Hyundai,i10,2011,13,68000.0,0,1,0,230000,Hyundai i10
BMW,3 Series GT,2015,9,61000.0,1,1,1,1500000,BMW 3 Series GT
Ford,Ecosport,2019,5,54000.0,0,0,1,810000,Ford Ecosport
Hyundai,i20,2010,14,72000.0,1,1,0,275000,Hyundai i20
Renault,Triber,2020,4,59000.0,0,0,0,675000,Renault Triber
Hyundai,Santro Xing,2009,15,69000.0,0,1,0,160000,Hyundai Santro Xing
Skoda,Rapid,2015,9,59000.0,1,1,0,550000,Skoda Rapid
Hyundai,Santa Fe,2016,8,64200.0,1,0,1,1175000,Hyundai Santa Fe
Audi,A4,2015,9,53000.0,1,1,1,1750000,Audi A4
Hyundai,Santro Xing,2010,14,,1,1,0,120000,Hyundai Santro Xing
Audi,A6,2016,8,40000.0,1,0,1,1595000,Audi A6
Maruti Suzuki,Eeco,2011,13,53750.0,0,0,0,155000,Maruti Suzuki Eeco
Kia,Seltos,2022,2,15000.0,1,0,0,1800000,Kia Seltos
Maruti Suzuki,Wagon-R,2011,13,75000.0,0,1,0,245000,Maruti Suzuki Wagon-R
Maruti Suzuki,Omni,2010,14,88000.0,0,1,0,95000,Maruti Suzuki Omni
Audi,Q5,2018,6,110000.0,1,0,1,2299000,Audi Q5
BMW,5 Series,2013,11,76064.0,1,1,1,1425000,BMW 5 Series
BMW,5 Series,2018,6,41000.0,1,1,1,2990000,BMW 5 Series
Mahindra,XUV700,2022,2,6789.0,1,0,1,2000000,Mahindra XUV700
Toyota,2.8 Legender 4X2,2021,3,63000.0,1,0,1,4250000,Toyota 2.8 Legender 4X2
Hyundai,Creta,2018,6,84000.0,0,1,1,1075000,Hyundai Creta
Hyundai,Grand i10,2017,7,50523.0,0,1,0,370000,Hyundai Grand i10
Mercedes-Benz,E-Class,2014,10,74000.0,1,0,1,1384999,Mercedes-Benz E-Class
Volkswagen,Tiguan,2018,6,52000.0,1,0,1,1915000,Volkswagen Tiguan
Mercedes-Benz,E-Class,2022,2,25000.0,1,0,1,6500000,Mercedes-Benz E-Class
Toyota,Glanza,2020,4,38000.0,1,0,0,574000,Toyota Glanza
Maruti Suzuki,Alto,2011,13,55000.0,0,1,0,115000,Maruti Suzuki Alto
Toyota,Innova Crysta,2024,0,6110.0,0,0,1,2785000,Toyota Innova Crysta
Toyota,Innova,2014,10,130000.0,0,0,1,1360000,Toyota Innova
Toyota,Camry,2014,10,108000.0,1,0,0,1400000,Toyota Camry
Honda,City,2018,6,58000.0,0,0,0,574000,Honda City
Audi,A3,2015,9,42000.0,1,1,1,1050000,Audi A3
Mahindra,Thar,2020,4,40000.0,0,0,1,1195000,Mahindra Thar
Maruti Suzuki,Swift,2021,3,41000.0,0,0,0,679000,Maruti Suzuki Swift
Tata,Nexon,2020,4,49000.0,0,0,1,450000,Tata Nexon
Force,Motors FM Gurkha,2023,1,9900.0,0,0,1,1550000,Force Motors FM Gurkha
Renault,KWID,2017,7,67000.0,0,1,0,250000,Renault KWID
Maruti Suzuki,Swift,2023,1,11000.0,1,0,0,725000,Maruti Suzuki Swift
Volkswagen,Polo,2020,4,35000.0,1,0,0,1170000,Volkswagen Polo
Honda,City,2017,7,28000.0,1,0,0,685000,Honda City
Maruti Suzuki,Celerio,2017,7,142000.0,1,0,0,345000,Maruti Suzuki Celerio
Mahindra,Jeep,1994,30,0.0,0,1,1,275000,Mahindra Jeep
Hyundai,i20,2014,10,62000.0,0,0,0,421000,Hyundai i20
Renault,KWID,2019,5,18000.0,0,0,0,325000,Renault KWID
Maruti Suzuki,Swift Dzire,2015,9,72000.0,0,0,1,450000,Maruti Suzuki Swift Dzire
Hyundai,i20,2019,5,48000.0,0,0,0,525000,Hyundai i20
Maruti Suzuki,Alto-K10,2017,7,65000.0,1,0,0,300000,Maruti Suzuki Alto-K10
Toyota,Innova,2014,10,130000.0,0,0,1,1360000,Toyota Innova
Audi,Q5,2014,10,57000.0,1,0,1,1285000,Audi Q5
Maruti Suzuki,Ciaz,2019,5,73000.0,1,1,0,695000,Maruti Suzuki Ciaz
Jaguar,XF,2014,10,78000.0,1,0,1,995000,Jaguar XF
BMW,5 Series,2010,14,130000.0,1,1,0,280000,BMW 5 Series
Hyundai,i20,2012,12,74000.0,0,1,0,250000,Hyundai i20
Porsche,718,2018,6,15000.0,1,1,0,8000000,Porsche 718
Maruti Suzuki,Alto-K10,2015,9,18000.0,1,1,0,350000,Maruti Suzuki Alto-K10
Honda,City,2013,11,85000.0,1,1,0,400000,Honda City
Maruti Suzuki,Celerio,2017,7,67000.0,1,1,0,450000,Maruti Suzuki Celerio
Maruti Suzuki,Alto-800,2023,1,9000.0,0,0,0,490000,Maruti Suzuki Alto-800
Mahindra,Scorpio,2015,9,76000.0,0,1,1,850000,Mahindra Scorpio
Maruti Suzuki,Swift,2019,5,7000.0,1,1,0,650000,Maruti Suzuki Swift
Maruti Suzuki,Grand Vitara,2024,0,1600.0,0,0,0,1350000,Maruti Suzuki Grand Vitara
Hyundai,Elantra,2012,12,71000.0,1,1,0,445000,Hyundai Elantra
Maruti Suzuki,Grand Vitara,2024,0,1600.0,0,0,0,1350000,Maruti Suzuki Grand Vitara
Honda,WRV,2017,7,50000.0,0,1,1,725000,Honda WRV
Maruti Suzuki,Swift,2018,6,42175.0,1,0,0,429000,Maruti Suzuki Swift
Toyota,Etios,2012,12,115000.0,0,1,1,325000,Toyota Etios
Audi,Q7,2014,10,45000.0,1,1,1,1200000,Audi Q7
Honda,Jazz,2016,8,46000.0,1,1,0,450000,Honda Jazz
Fiat,Punto,2012,12,160000.0,0,0,1,260000,Fiat Punto
Maruti Suzuki,Ciaz,2015,9,110000.0,0,1,1,530000,Maruti Suzuki Ciaz
Ford,Endeavour,2021,3,23000.0,1,1,1,3150000,Ford Endeavour
Hyundai,i20,2012,12,79000.0,0,0,1,220000,Hyundai i20
Hyundai,Creta,2016,8,72000.0,1,0,1,685000,Hyundai Creta
Toyota,Corolla Altis,2016,8,61000.0,1,1,0,845000,Toyota Corolla Altis
Kia,Seltos,2023,1,27000.0,1,0,1,1775000,Kia Seltos
Toyota,Innova,2015,9,98525.0,0,1,1,695000,Toyota Innova
Maruti Suzuki,Alto-K10,2011,13,59000.0,0,0,0,260000,Maruti Suzuki Alto-K10
Volkswagen,Ameo,2017,7,99000.0,0,0,1,649000,Volkswagen Ameo
Mitsubishi,Pajero Sport,2017,7,68000.0,0,1,1,1195000,Mitsubishi Pajero Sport
Skoda,Kushaq,2022,2,10000.0,1,0,0,1361000,Skoda Kushaq
Toyota,Innova,2006,18,190000.0,0,1,1,410000,Toyota Innova
Hyundai,Eon,2013,11,80000.0,0,1,0,195000,Hyundai Eon
Tata,Manza,2013,11,100000.0,0,1,1,150000,Tata Manza
Maruti Suzuki,Wagon-R,2014,10,78000.0,0,1,0,175000,Maruti Suzuki Wagon-R
Ford,Figo,2013,11,46200.0,0,0,0,159000,Ford Figo
Maruti Suzuki,Swift-Dzire,2017,7,81000.0,1,0,1,650000,Maruti Suzuki Swift-Dzire
Maruti Suzuki,Vitara-Brezza,2018,6,30000.0,0,0,1,965000,Maruti Suzuki Vitara-Brezza
Maruti Suzuki,Swift Dzire,2019,5,100000.0,0,1,1,750000,Maruti Suzuki Swift Dzire
Mini,Cooper Convertible,2012,12,28000.0,1,1,0,1990000,Mini Cooper Convertible
Mahindra,XUV500,2018,6,88000.0,1,1,1,890000,Mahindra XUV500
Hyundai,Verna,2023,1,12700.0,0,0,0,1575000,Hyundai Verna
Mercedes-Benz,C-Class,2021,3,14000.0,1,0,1,5250000,Mercedes-Benz C-Class
Hyundai,Verna,2012,12,123500.0,0,1,0,285000,Hyundai Verna
Toyota,Corolla Altis,2011,13,99000.0,0,1,1,325000,Toyota Corolla Altis
Honda,Amaze,2020,4,41000.0,0,1,0,575000,Honda Amaze
Maruti Suzuki,Vitara-Brezza,2019,5,47000.0,0,0,1,875000,Maruti Suzuki Vitara-Brezza
Hyundai,Verna,2020,4,86000.0,1,0,1,899000,Hyundai Verna
Mahindra,Scorpio Classic,2024,0,33000.0,0,0,1,1850000,Mahindra Scorpio Classic
BMW,X5,2021,3,74000.0,1,0,1,6650000,BMW X5
Maruti Suzuki,Swift,2018,6,45000.0,0,1,0,510000,Maruti Suzuki Swift
Tata,Hexa,2017,7,135000.0,0,1,1,775000,Tata Hexa
Mahindra,XUV500,2012,12,168000.0,0,1,1,500000,Mahindra XUV500
Mahindra,XUV500,2017,7,129124.0,0,0,1,1095000,Mahindra XUV500
Maruti Suzuki,Swift-Dzire,2017,7,92000.0,1,0,1,645000,Maruti Suzuki Swift-Dzire
Hyundai,Creta,2020,4,42000.0,0,1,1,1225000,Hyundai Creta
Maruti Suzuki,Baleno,2019,5,53000.0,0,1,0,635000,Maruti Suzuki Baleno
Audi,A6,2015,9,89000.0,1,0,1,890000,Audi A6
Maruti Suzuki,Alto-800,2018,6,108000.0,0,0,0,320000,Maruti Suzuki Alto-800
Volkswagen,Polo,2021,3,25000.0,1,0,0,1245000,Volkswagen Polo
Audi,A4,2013,11,102000.0,1,1,1,1020000,Audi A4
Maruti Suzuki,Swift,2011,13,75000.0,1,1,0,350000,Maruti Suzuki Swift
Audi,A3,2016,8,99000.0,1,1,1,949000,Audi A3
Renault,KWID,2019,5,18000.0,0,0,0,324000,Renault KWID
Honda,CRV,2010,14,70343.0,1,1,0,650000,Honda CRV
Mahindra,Scorpio,2017,7,90000.0,1,1,1,1100000,Mahindra Scorpio
Maruti Suzuki,Swift-Dzire,2019,5,146000.0,0,1,1,690000,Maruti Suzuki Swift-Dzire
Renault,KWID,2018,6,37000.0,1,1,0,325000,Renault KWID
Honda,WRV,2018,6,103000.0,0,0,1,780000,Honda WRV
Lexus,ES,2022,2,17000.0,1,0,0,5600000,Lexus ES
Tata,Indigo Ecs,2014,10,80000.0,0,1,1,120000,Tata Indigo Ecs
Hyundai,Venue,2019,5,80000.0,0,1,1,825000,Hyundai Venue
Ford,Figo,2012,12,104000.0,0,1,1,234000,Ford Figo
Ford,Ecosport,2016,8,95000.0,0,0,1,750000,Ford Ecosport
Ford,Endeavour,2020,4,83700.0,1,0,1,2951000,Ford Endeavour
Maruti Suzuki,Sx4,2014,10,106000.0,0,1,0,275000,Maruti Suzuki Sx4
Audi,A3,2015,9,64000.0,1,1,1,850000,Audi A3
Mercedes-Benz,GL-Class,2014,10,77600.0,1,1,1,2799999,Mercedes-Benz GL-Class
Maruti Suzuki,Alto,2011,13,78965.0,0,0,0,135000,Maruti Suzuki Alto
Tata,Tigor,2018,6,800000.0,0,1,0,485000,Tata Tigor
Toyota,Fortuner,2017,7,145000.0,0,1,1,2800000,Toyota Fortuner
Hyundai,Elite i20,2017,7,30300.0,0,0,0,550000,Hyundai Elite i20
Maruti Suzuki,Ertiga,2018,6,74000.0,0,0,1,785000,Maruti Suzuki Ertiga
Toyota,Innova Crysta,2020,4,66000.0,1,0,1,1960000,Toyota Innova Crysta
Maruti Suzuki,Baleno,2019,5,38032.0,1,1,0,690000,Maruti Suzuki Baleno
Honda,Jazz,2015,9,69000.0,1,1,0,500000,Honda Jazz
Mahindra,XUV500,2019,5,85000.0,0,0,1,1050000,Mahindra XUV500
Tata,Manza,2010,14,78960.0,0,0,0,95000,Tata Manza
BMW,X5,2017,7,92000.0,1,1,1,2999999,BMW X5
Audi,Q7,2014,10,45000.0,1,1,1,1200000,Audi Q7
Maruti Suzuki,Wagon-R,2015,9,55049.0,0,0,0,317000,Maruti Suzuki Wagon-R
Audi,A6,2018,6,35000.0,1,0,1,3350000,Audi A6
Toyota,Etios,2012,12,,0,1,1,330000,Toyota Etios
BMW,X7,2020,4,32000.0,1,0,1,9800000,BMW X7
Audi,A4,2016,8,135000.0,1,0,1,1651000,Audi A4
MG,Hector,2019,5,17000.0,1,0,0,1390000,MG Hector
Honda,City,2017,7,69000.0,0,1,0,610000,Honda City
Mercedes-Benz,E-Class,2019,5,32000.0,1,0,1,4980000,Mercedes-Benz E-Class
Maruti Suzuki,Vitara-Brezza,2017,7,62000.0,0,0,1,750000,Maruti Suzuki Vitara-Brezza
Skoda,Octavia,2014,10,116000.0,1,1,0,740000,Skoda Octavia
Ford,Ecosport,2015,9,55000.0,1,1,0,449000,Ford Ecosport
Toyota,Fortuner,2017,7,69000.0,1,1,1,2099000,Toyota Fortuner
Volkswagen,Vento,2016,8,110000.0,1,1,1,649999,Volkswagen Vento
Honda,City,2014,10,75000.0,1,0,0,525000,Honda City
Honda,Amaze,2015,9,38000.0,0,0,0,450000,Honda Amaze
Mercedes-Benz,M-Class,2013,11,83000.0,1,1,1,1629000,Mercedes-Benz M-Class
Volkswagen,Polo,2019,5,68000.0,0,0,0,575000,Volkswagen Polo
BMW,X5,2019,5,25000.0,1,1,1,3975000,BMW X5
Maruti Suzuki,Ertiga,2019,5,15000.0,1,1,0,1055000,Maruti Suzuki Ertiga
Hyundai,i20,2023,1,11800.0,1,1,0,950000,Hyundai i20
Maruti Suzuki,Wagon-R,2009,15,85000.0,0,1,0,155000,Maruti Suzuki Wagon-R
Mahindra,TUV,2016,8,87000.0,1,0,1,750000,Mahindra TUV
Land Rover,Range Rover Evoque,2012,12,89000.0,0,1,1,1600000,Land Rover Range Rover Evoque
Honda,Jazz,2012,12,70000.0,0,1,0,265000,Honda Jazz
Maruti Suzuki,Swift,2011,13,45000.0,0,1,0,195000,Maruti Suzuki Swift
Maruti Suzuki,Wagon-R,2015,9,38482.0,0,0,0,310000,Maruti Suzuki Wagon-R
Hyundai,Creta,2016,8,68000.0,1,1,1,1050000,Hyundai Creta
Maruti Suzuki,Wagon R,2016,8,65000.0,1,1,0,460000,Maruti Suzuki Wagon R
Renault,Duster,2015,9,760045.0,0,0,1,155000,Renault Duster
Volkswagen,VentoTest,2015,9,74000.0,1,0,1,545000,Volkswagen VentoTest
Maruti Suzuki,Ciaz,2016,8,83214.0,0,1,1,390000,Maruti Suzuki Ciaz
Toyota,Innova Crysta,2017,7,158000.0,0,0,1,1575000,Toyota Innova Crysta
Maruti Suzuki,S-Cross,2017,7,108000.0,0,0,1,775000,Maruti Suzuki S-Cross
Maruti Suzuki,Alto-800,2015,9,91000.0,0,1,0,205000,Maruti Suzuki Alto-800
Maruti Suzuki,Wagon-R,2010,14,65000.0,0,0,0,225000,Maruti Suzuki Wagon-R
Toyota,Fortuner,2021,3,77000.0,1,0,1,3890000,Toyota Fortuner
Maruti Suzuki,Swift,2016,8,80000.0,0,1,1,545000,Maruti Suzuki Swift
Mercedes-Benz,E-Class,2014,10,87000.0,1,1,1,1545000,Mercedes-Benz E-Class
Toyota,Innova Crysta,2018,6,87000.0,0,1,1,2290000,Toyota Innova Crysta
Maruti Suzuki,Gypsy,2005,19,10000.0,1,1,1,390000,Maruti Suzuki Gypsy
Honda,City,2014,10,68700.0,0,1,0,525000,Honda City
Toyota,Innova,2015,9,220000.0,0,1,1,990000,Toyota Innova
Hyundai,i10,2012,12,53000.0,1,1,0,285000,Hyundai i10
Volkswagen,Polo,2014,10,41500.0,0,1,0,360000,Volkswagen Polo
Toyota,Fortuner,2015,9,125000.0,1,0,1,1598000,Toyota Fortuner
Tata,Harrier,2021,3,50000.0,1,0,1,1699000,Tata Harrier
Hyundai,Creta Facelift,2021,3,67777.0,1,0,0,1333333,Hyundai Creta Facelift
Mahindra,Renault Logan,2007,17,170000.0,0,1,1,148000,Mahindra Renault Logan
BMW,5 Series,2011,13,85000.0,1,0,1,920000,BMW 5 Series
Hyundai,i10,2013,11,69000.0,0,0,0,199000,Hyundai i10
Honda,City,2015,9,72500.0,1,1,0,450000,Honda City
Porsche,Boxster,2019,5,14000.0,1,0,0,10900000,Porsche Boxster
Tata,Indigo Cs,2009,15,155888.0,0,1,1,120000,Tata Indigo Cs
Hyundai,Eon,2014,10,60000.0,0,1,0,198000,Hyundai Eon
Hyundai,Eon,2017,7,63000.0,0,1,0,240000,Hyundai Eon
Hyundai,Venue,2022,2,13000.0,0,0,0,825000,Hyundai Venue
Maruti Suzuki,Celerio,2014,10,32117.0,1,0,0,395000,Maruti Suzuki Celerio
Land Rover,Discovery Sport,2018,6,62000.0,1,0,1,3300000,Land Rover Discovery Sport
Maruti Suzuki,Ertiga,2015,9,70000.0,0,0,1,900000,Maruti Suzuki Ertiga
Ford,Ecosport,2016,8,91000.0,1,0,0,675000,Ford Ecosport
Ford,Endeavour,2017,7,75000.0,1,1,1,1900000,Ford Endeavour
Maruti Suzuki,Baleno,2017,7,47231.0,0,0,0,535101,Maruti Suzuki Baleno
Maruti Suzuki,Eeco,2019,5,38000.0,0,0,0,410000,Maruti Suzuki Eeco
Hyundai,Eon,2015,9,68000.0,0,1,0,225000,Hyundai Eon
Volvo,XC40,2018,6,54000.0,1,0,1,2290000,Volvo XC40
Hyundai,Alcazar,2022,2,24000.0,1,0,1,1875000,Hyundai Alcazar
Mahindra,Thar,2019,5,68000.0,0,0,1,875000,Mahindra Thar
Renault,Lodgy,2015,9,58000.0,0,0,1,500000,Renault Lodgy
Honda,City ZX,2005,19,65460.0,0,1,0,150000,Honda City ZX
Toyota,Innova Crysta,2017,7,71000.0,1,1,1,1725000,Toyota Innova Crysta
Hyundai,Grand i10 Nios,2020,4,51500.0,1,1,0,499999,Hyundai Grand i10 Nios
Renault,Duster,2017,7,105000.0,0,0,1,645000,Renault Duster
Toyota,Innova,2011,13,250000.0,0,1,1,799999,Toyota Innova
Skoda,Octavia,2008,16,140000.0,0,1,1,260000,Skoda Octavia
Tata,Indigo Cs,2010,14,90000.0,0,0,1,120000,Tata Indigo Cs
Toyota,Innova,2012,12,25000.0,0,1,1,775000,Toyota Innova
Mahindra,XUV500,2016,8,85000.0,0,1,1,500000,Mahindra XUV500
Mahindra,Scorpio,2013,11,100000.0,0,1,1,550000,Mahindra Scorpio
Land Rover,Discovery Sport,2020,4,53500.0,1,1,1,5575000,Land Rover Discovery Sport
Renault,KWID,2018,6,67000.0,0,1,0,299000,Renault KWID
Mahindra,TUV,2016,8,56000.0,1,1,1,695000,Mahindra TUV
Honda,Amaze,2017,7,50000.0,0,1,0,460000,Honda Amaze
Maruti Suzuki,Sx4,2007,17,82038.0,0,1,0,150000,Maruti Suzuki Sx4
Mercedes-Benz,E-Class,2021,3,27000.0,1,0,1,6250000,Mercedes-Benz E-Class
Hyundai,Creta,2023,1,10110.0,0,0,0,1095000,Hyundai Creta
BMW,7 Series,2012,12,90000.0,1,0,1,1850000,BMW 7 Series
Renault,KWID,2017,7,90000.0,1,0,0,290000,Renault KWID
Maruti Suzuki,XL6,2020,4,70000.0,0,0,0,1100000,Maruti Suzuki XL6
Volkswagen,VentoTest,2011,13,66000.0,1,0,0,299000,Volkswagen VentoTest
Maruti Suzuki,Ignis,2022,2,21260.0,0,0,0,535000,Maruti Suzuki Ignis
Honda,City,2013,11,28500.0,1,1,0,560000,Honda City
Maruti Suzuki,Alto-K10,2019,5,80000.0,1,1,0,280000,Maruti Suzuki Alto-K10
Maruti Suzuki,Ciaz,2019,5,38000.0,0,0,0,630000,Maruti Suzuki Ciaz
Maruti Suzuki,Ritz,2012,12,90000.0,0,0,1,325000,Maruti Suzuki Ritz
Mercedes-Benz,C-Class,2018,6,51000.0,1,1,1,2850000,Mercedes-Benz C-Class
Mahindra,Scorpio,2008,16,145000.0,0,1,1,445000,Mahindra Scorpio
Jeep,Compass,2019,5,73000.0,0,0,1,1175000,Jeep Compass
Skoda,Octavia,2017,7,82500.0,1,1,0,695000,Skoda Octavia
Mahindra,Bolero,2018,6,140000.0,0,0,1,630000,Mahindra Bolero
Hyundai,Creta,2017,7,120000.0,1,0,1,975000,Hyundai Creta
Tata,Nano,2015,9,47000.0,1,1,0,265000,Tata Nano
Kia,Seltos,2020,4,42000.0,0,0,0,1080000,Kia Seltos
Hyundai,i20,2017,7,78000.0,0,1,1,689000,Hyundai i20
Maruti Suzuki,Celerio,2018,6,72000.0,1,0,0,400000,Maruti Suzuki Celerio
Ford,Ecosport,2014,10,102000.0,0,1,1,225000,Ford Ecosport
BMW,3 Series GT,2019,5,50000.0,1,1,1,2675000,BMW 3 Series GT
Volvo,S90,2020,4,63333.0,1,1,1,3444444,Volvo S90
Hyundai,i20,2013,11,68000.0,0,1,0,379000,Hyundai i20
Volvo,XC60,2016,8,65000.0,1,1,1,1575000,Volvo XC60
BMW,Z4,2016,8,5300.0,1,0,0,6500000,BMW Z4
Toyota,Innova Crysta,2022,2,61000.0,0,0,1,2450000,Toyota Innova Crysta
Honda,Civic,2019,5,20000.0,1,1,0,1773000,Honda Civic
Toyota,Urban Cruiser,2022,2,18000.0,1,0,0,865000,Toyota Urban Cruiser
Toyota,Fortuner,2023,1,35000.0,0,0,1,4000000,Toyota Fortuner
Maruti Suzuki,maruti-suzuki-dzire,2015,9,35000.0,0,0,1,475000,Maruti Suzuki maruti-suzuki-dzire
Hyundai,Xcent,2017,7,82000.0,0,0,0,649999,Hyundai Xcent
Toyota,Glanza,2020,4,79000.0,1,0,0,650000,Toyota Glanza
Maruti Suzuki,Eeco,2013,11,72000.0,0,0,0,290000,Maruti Suzuki Eeco
Toyota,Fortuner,2017,7,115000.0,1,1,1,2390000,Toyota Fortuner
Maruti Suzuki,Wagon-R,2007,17,121000.0,0,1,0,125000,Maruti Suzuki Wagon-R
Hyundai,Alcazar,2022,2,23950.0,1,0,1,2075000,Hyundai Alcazar
Hyundai,Elite i20,2016,8,90000.0,0,0,0,425000,Hyundai Elite i20
Hyundai,Creta,2016,8,58000.0,1,1,0,745000,Hyundai Creta
Maruti Suzuki,Brezza,2024,0,20000.0,0,0,0,1100000,Maruti Suzuki Brezza
Toyota,Innova Crysta,2017,7,109000.0,1,0,1,1700000,Toyota Innova Crysta
Land Rover,Defender,2024,0,9600.0,1,0,1,12000000,Land Rover Defender
Renault,KWID,2022,2,36000.0,1,0,0,485000,Renault KWID
Maruti Suzuki,Swift,2015,9,57000.0,0,0,0,430000,Maruti Suzuki Swift
Hyundai,i20,2021,3,53000.0,0,0,1,785000,Hyundai i20
Toyota,Innova Crysta,2019,5,125000.0,1,1,1,1685000,Toyota Innova Crysta
Tata,Punch,2022,2,19100.0,0,0,0,651000,Tata Punch
Hyundai,i20,2019,5,26000.0,1,1,0,550000,Hyundai i20
Maruti Suzuki,XL6,2021,3,62035.0,1,0,0,1095000,Maruti Suzuki XL6
Tata,Nano,2009,15,13000.0,0,1,0,60000,Tata Nano
Hyundai,i20,2011,13,131000.0,0,1,1,3300000,Hyundai i20
Hyundai,Creta,2015,9,155000.0,0,0,1,800000,Hyundai Creta
Maruti Suzuki,Alto,2010,14,101325.0,0,1,0,140000,Maruti Suzuki Alto
Maruti Suzuki,Swift-Dzire,2018,6,71000.0,0,1,1,585000,Maruti Suzuki Swift-Dzire
Volkswagen,VentoTest,2015,9,59312.0,0,1,0,345000,Volkswagen VentoTest
Hyundai,i10,2014,10,72000.0,0,1,1,455000,Hyundai i10
Hyundai,Elite i20,2020,4,38000.0,0,0,0,595000,Hyundai Elite i20
Mahindra,Scorpio,2022,2,49000.0,0,0,1,1599000,Mahindra Scorpio
Hyundai,Verna,2019,5,110000.0,1,0,1,890000,Hyundai Verna
Honda,WRV,2017,7,44000.0,0,0,0,651000,Honda WRV
Mercedes-Benz,E-Class,2018,6,55000.0,1,1,0,4050000,Mercedes-Benz E-Class
Mercedes-Benz,E-Class,2014,10,78000.0,1,1,0,1250000,Mercedes-Benz E-Class
Mahindra,Scorpio,2016,8,44000.0,0,1,1,850000,Mahindra Scorpio
Maruti Suzuki,S-Cross,2022,2,54252.0,1,0,0,850000,Maruti Suzuki S-Cross
Hyundai,Elite i20,2014,10,55000.0,0,1,1,481000,Hyundai Elite i20
Hyundai,Creta,2018,6,48000.0,0,1,0,765000,Hyundai Creta
Ford,Endeavour,2016,8,134000.0,1,0,1,2299000,Ford Endeavour
Toyota,Innova Crysta,2019,5,88000.0,1,0,1,1750000,Toyota Innova Crysta
Ford,Ecosport,2013,11,80000.0,0,1,1,385000,Ford Ecosport
Mercedes-Benz,CLA,2019,5,32000.0,1,0,1,1850000,Mercedes-Benz CLA
Honda,Civic,2011,13,82000.0,0,0,0,230000,Honda Civic
Mitsubishi,Cedia,2006,18,96000.0,0,1,0,275000,Mitsubishi Cedia
Mercedes-Benz,GLC,2024,0,15000.0,1,0,1,8000000,Mercedes-Benz GLC
Mercedes-Benz,E-Class,2016,8,73000.0,1,0,1,1711111,Mercedes-Benz E-Class
BMW,X1,2018,6,41000.0,1,0,1,2049000,BMW X1
Honda,City,2012,12,65973.0,0,1,0,408000,Honda City
Audi,Q3,2018,6,58000.0,1,1,1,2375000,Audi Q3
Hyundai,Sonata Embera,2011,13,55632.0,0,0,1,275000,Hyundai Sonata Embera
Honda,CRV,2013,11,97000.0,1,0,0,925000,Honda CRV
Ford,Endeavour,2017,7,87000.0,1,1,1,1600000,Ford Endeavour
Kia,Sonet,2020,4,42000.0,1,0,0,785000,Kia Sonet
Maruti Suzuki,maruti-suzuki-dzire,2013,11,65000.0,0,0,0,360000,Maruti Suzuki maruti-suzuki-dzire
Hyundai,i20,2016,8,68712.0,0,1,0,490000,Hyundai i20
Ford,Endeavour,2016,8,180000.0,1,0,1,1475000,Ford Endeavour
Kia,Seltos,2020,4,77000.0,1,0,1,1475000,Kia Seltos
Kia,Sonet,2021,3,26000.0,0,0,0,875000,Kia Sonet
Renault,KWID,2020,4,31000.0,1,0,0,390000,Renault KWID
Toyota,Innova Crysta,2019,5,47000.0,0,0,1,2345000,Toyota Innova Crysta
Audi,A8 L,2014,10,62000.0,1,1,1,3500000,Audi A8 L
Ford,Figo Aspire,2016,8,75000.0,1,0,0,485000,Ford Figo Aspire
Skoda,Octavia,2013,11,75000.0,1,1,0,565000,Skoda Octavia
Ford,Ecosport,2017,7,49000.0,0,1,0,590000,Ford Ecosport
Hyundai,Xcent,2017,7,93000.0,0,0,1,390000,Hyundai Xcent
Hyundai,i20,2012,12,125000.0,0,0,1,275000,Hyundai i20
Maruti Suzuki,Vitara-Brezza,2017,7,156500.0,0,1,1,675000,Maruti Suzuki Vitara-Brezza
Hyundai,i20,2018,6,64000.0,0,1,1,720000,Hyundai i20
Mahindra,Thar,2023,1,7300.0,1,0,1,1571000,Mahindra Thar
Mahindra,Bolero Neo,2022,2,41000.0,0,0,1,950000,Mahindra Bolero Neo
Hyundai,i10,2013,11,34000.0,0,0,0,255000,Hyundai i10
Maruti Suzuki,Swift,2022,2,25772.0,0,0,0,699999,Maruti Suzuki Swift
Ford,Endeavour,2018,6,62000.0,1,1,1,2299999,Ford Endeavour
Toyota,Innova Crysta,2021,3,37200.0,1,0,1,2590000,Toyota Innova Crysta
Honda,Accord,2005,19,137001.0,0,1,0,265000,Honda Accord
Skoda,Kushaq,2010,14,,1,0,0,400000,Skoda Kushaq
Toyota,Innova Hycross,2023,1,32000.0,1,0,0,2799000,Toyota Innova Hycross
Volkswagen,Passat,2011,13,83800.0,1,1,1,550000,Volkswagen Passat
Honda,City,2014,10,103000.0,0,1,1,525000,Honda City
Hyundai,Creta,2019,5,49000.0,1,0,0,995000,Hyundai Creta
Audi,Q7,2014,10,45000.0,1,1,1,1200000,Audi Q7
Hyundai,Elantra,2012,12,78000.0,1,1,0,445000,Hyundai Elantra
Volkswagen,Polo,2014,10,121000.0,0,1,1,465000,Volkswagen Polo
Mini,3 DOOR,2015,9,65000.0,1,0,1,2000000,Mini 3 DOOR
Isuzu,MAX,2021,3,110000.0,0,0,1,890000,Isuzu MAX
Maruti Suzuki,Vitara-Brezza,2019,5,115000.0,1,1,1,840000,Maruti Suzuki Vitara-Brezza
Maruti Suzuki,Swift-Dzire,2015,9,83000.0,0,0,1,275000,Maruti Suzuki Swift-Dzire
Mahindra,Scorpio,2010,14,52085.0,0,1,1,365000,Mahindra Scorpio
Mahindra,Bolero,2021,3,80000.0,0,1,1,925000,Mahindra Bolero
Mercedes-Benz,S-Class,2016,8,59500.0,1,0,0,5000000,Mercedes-Benz S-Class
Toyota,Innova Crysta,2017,7,175000.0,0,0,1,1250000,Toyota Innova Crysta
Tata,Tiago,2020,4,28300.0,0,1,0,495000,Tata Tiago
BMW,5 Series,2019,5,35833.0,1,0,1,4100000,BMW 5 Series
Mercedes-Benz,G Class,2019,5,59000.0,1,0,0,26000000,Mercedes-Benz G Class
Mercedes-Benz,C-Class,2022,2,9426.0,1,0,1,5390000,Mercedes-Benz C-Class
Renault,Triber,2021,3,55000.0,0,0,0,350000,Renault Triber
Toyota,Innova Crysta,2022,2,35000.0,1,0,1,2695000,Toyota Innova Crysta
Kia,Carens,2022,2,77000.0,1,0,1,1725000,Kia Carens
Maruti Suzuki,Wagon-R,2007,17,84000.0,0,1,0,200000,Maruti Suzuki Wagon-R
Mahindra,Thar,2016,8,46108.0,0,1,1,975000,Mahindra Thar
Toyota,Innova Crysta,2023,1,12500.0,0,0,1,2425000,Toyota Innova Crysta
Hyundai,Verna,2017,7,38000.0,1,1,0,825000,Hyundai Verna
Honda,City,2014,10,95000.0,0,0,1,585000,Honda City
Maruti Suzuki,Wagon R,2006,18,58000.0,0,1,0,125000,Maruti Suzuki Wagon R
Hyundai,Verna,2008,16,140000.0,0,1,1,88000,Hyundai Verna
Tata,Tiago,2019,5,35967.0,0,0,0,410000,Tata Tiago
Toyota,Corolla Altis,2016,8,61000.0,1,1,0,845000,Toyota Corolla Altis
Tata,Indica Vista,2009,15,80000.0,0,1,0,100000,Tata Indica Vista
Hyundai,Creta,2018,6,54904.0,0,0,1,969000,Hyundai Creta
Hyundai,Alcazar,2024,0,4700.0,0,0,1,2100000,Hyundai Alcazar
BMW,3 Series,2013,11,57000.0,1,0,1,1200000,BMW 3 Series
Mahindra,XUV500,2017,7,52000.0,1,0,1,1200000,Mahindra XUV500
Mahindra,Thar,2021,3,38000.0,1,0,1,1600000,Mahindra Thar
Hyundai,Creta Facelift,2024,0,3200.0,0,0,0,1500000,Hyundai Creta Facelift
Mahindra,Thar,2021,3,46000.0,1,0,1,1620000,Mahindra Thar
Maruti Suzuki,Wagon-R,2009,15,70000.0,0,1,0,161000,Maruti Suzuki Wagon-R
Kia,Sonet,2023,1,2400.0,1,0,1,1325000,Kia Sonet
Volkswagen,VentoTest,2017,7,62000.0,1,1,0,490000,Volkswagen VentoTest
Mercedes-Benz,E-Class,2014,10,119000.0,1,0,1,899000,Mercedes-Benz E-Class
Honda,Amaze,2019,5,67000.0,1,1,0,575000,Honda Amaze
Mahindra,XUV500,2015,9,85000.0,0,0,1,575000,Mahindra XUV500
Skoda,Rapid,2015,9,124006.0,0,1,1,595000,Skoda Rapid
Maruti Suzuki,Baleno,2016,8,55000.0,0,1,0,530000,Maruti Suzuki Baleno
Hyundai,i20,2013,11,24500.0,0,1,0,285000,Hyundai i20
Volkswagen,Polo,2020,4,35000.0,1,0,0,1180000,Volkswagen Polo
Jeep,Compass,2017,7,51600.0,0,0,1,695000,Jeep Compass
Kia,Seltos,2021,3,100000.0,1,0,1,1350000,Kia Seltos
Hyundai,i20,2012,12,110000.0,0,1,0,239000,Hyundai i20
Hyundai,Venue,2019,5,52000.0,0,1,0,725000,Hyundai Venue
Honda,Amaze,2022,2,21000.0,1,0,0,795000,Honda Amaze
Mercedes-Benz,C-Class,2015,9,57000.0,1,0,1,1750000,Mercedes-Benz C-Class
Honda,City,2015,9,70000.0,1,0,0,575000,Honda City
Volkswagen,Polo,2015,9,78000.0,0,1,1,595000,Volkswagen Polo
Toyota,Innova Crysta,2016,8,103000.0,0,1,1,1350000,Toyota Innova Crysta
Hyundai,i20,2012,12,120000.0,0,1,1,236000,Hyundai i20
Ford,Figo,2011,13,93638.0,0,1,1,310000,Ford Figo
Maruti Suzuki,Swift-Dzire,2013,11,150000.0,0,1,1,500000,Maruti Suzuki Swift-Dzire
Hyundai,Elantra,2018,6,68000.0,1,0,1,1175000,Hyundai Elantra
Maruti Suzuki,Swift-Dzire,2013,11,135000.0,0,1,1,160000,Maruti Suzuki Swift-Dzire
Datsun,RediGO,2018,6,38000.0,1,0,0,280000,Datsun RediGO
Audi,A4,2011,13,150000.0,1,1,1,960000,Audi A4
Maruti Suzuki,Swift,2019,5,48000.0,0,0,0,525000,Maruti Suzuki Swift
Mercedes-Benz,CLS-Class,2017,7,72000.0,1,1,1,4525111,Mercedes-Benz CLS-Class
Mercedes-Benz,GLA Class,2017,7,32600.0,1,1,0,1750000,Mercedes-Benz GLA Class
Maruti Suzuki,Swift,2022,2,19245.0,1,0,0,690000,Maruti Suzuki Swift
Mahindra,Xylo,2018,6,244000.0,0,1,1,309000,Mahindra Xylo
Toyota,VELLFIRE,2022,2,30000.0,1,0,0,11500000,Toyota VELLFIRE
Mahindra,XUV500,2014,10,88500.0,0,0,1,589000,Mahindra XUV500
Maruti Suzuki,Alto-K10,2015,9,73000.0,1,0,0,269000,Maruti Suzuki Alto-K10
Audi,A4,2019,5,23400.0,1,1,0,2475000,Audi A4
Audi,A6,2014,10,99000.0,1,0,1,850000,Audi A6
Audi,A4,2017,7,116000.0,1,1,1,2090000,Audi A4
Honda,City,2021,3,15000.0,1,0,0,1425000,Honda City
Audi,Q3,2016,8,50000.0,1,1,1,1400000,Audi Q3
Mercedes-Benz,S-Class,2019,5,29000.0,1,0,0,8200000,Mercedes-Benz S-Class
Hyundai,i20,2014,10,70000.0,0,1,1,445000,Hyundai i20
Maruti Suzuki,Swift,2020,4,65000.0,0,0,0,600000,Maruti Suzuki Swift
Volkswagen,VentoTest,2015,9,103000.0,1,0,1,655000,Volkswagen VentoTest
Honda,City,2018,6,48000.0,0,1,0,575000,Honda City
Honda,Civic,2007,17,95000.0,0,1,0,220000,Honda Civic
Honda,City,2014,10,90000.0,0,1,1,381999,Honda City
Mahindra,TUV,2019,5,97333.0,0,0,1,645000,Mahindra TUV
Hyundai,i10,2012,12,100000.0,1,1,0,320000,Hyundai i10
Renault,KWID,2016,8,40000.0,0,1,0,145000,Renault KWID
Maruti Suzuki,Ciaz,2018,6,34000.0,1,0,0,711000,Maruti Suzuki Ciaz
Honda,City,2017,7,28305.0,1,0,0,681000,Honda City
Maruti Suzuki,Alto,2011,13,53000.0,0,1,0,170000,Maruti Suzuki Alto
Toyota,Camry,2016,8,175000.0,1,0,0,1180000,Toyota Camry
Honda,City,2014,10,87000.0,0,0,1,450000,Honda City
Jaguar,XF,2019,5,17500.0,1,0,0,3750000,Jaguar XF
Toyota,Innova Crysta,2020,4,180000.0,0,0,1,1900000,Toyota Innova Crysta
Maruti Suzuki,Swift-Dzire,2017,7,56000.0,0,1,1,630000,Maruti Suzuki Swift-Dzire
Maruti Suzuki,Ertiga,2017,7,46000.0,1,1,0,725000,Maruti Suzuki Ertiga
Maruti Suzuki,S-Presso,2021,3,25000.0,1,1,0,450000,Maruti Suzuki S-Presso
Skoda,Octavia,2015,9,59000.0,1,1,0,715000,Skoda Octavia
Ford,Ecosport,2016,8,610000.0,0,0,1,490000,Ford Ecosport
Hyundai,Creta,2016,8,78000.0,1,1,1,1025000,Hyundai Creta
Audi,Q3,2017,7,120000.0,1,1,1,1950000,Audi Q3
Maruti Suzuki,Ignis,2020,4,28000.0,1,1,0,649999,Maruti Suzuki Ignis
Honda,City,2016,8,29000.0,1,0,0,675000,Honda City
Hyundai,i20,2017,7,49700.0,0,0,0,571000,Hyundai i20
Audi,A6,2011,13,51000.0,1,1,0,1350000,Audi A6
Mahindra,XUV500,2019,5,19300.0,0,1,1,995000,Mahindra XUV500
Volkswagen,Polo,2021,3,17000.0,1,0,0,1249000,Volkswagen Polo
Toyota,Fortuner,2013,11,95013.0,1,0,1,1050000,Toyota Fortuner
Maruti Suzuki,Alto 800,2020,4,39000.0,0,0,0,415000,Maruti Suzuki Alto 800
Hyundai,Creta,2022,2,9000.0,0,0,0,1495000,Hyundai Creta
Jeep,Compass,2020,4,52300.0,1,0,0,1575000,Jeep Compass
Audi,A6,2013,11,16250.0,1,0,0,1350000,Audi A6
Hyundai,Venue,2020,4,30000.0,0,0,0,705000,Hyundai Venue
Tata,Tigor,2022,2,18000.0,0,0,0,800000,Tata Tigor
BMW,5 Series,2015,9,92000.0,1,0,1,1450000,BMW 5 Series
Toyota,Innova Crysta,2018,6,118000.0,1,0,1,1795000,Toyota Innova Crysta
Tata,Nano,2014,10,48000.0,0,1,0,180000,Tata Nano
Kia,Sonet,2023,1,2400.0,1,0,0,1325000,Kia Sonet
BMW,7 Series,2018,6,51000.0,1,1,1,4675000,BMW 7 Series
Honda,City,2016,8,111000.0,1,0,0,450000,Honda City
Chevrolet,Cruze,2013,11,90000.0,1,0,1,440000,Chevrolet Cruze
Maruti Suzuki,Swift-Dzire,2017,7,68000.0,0,1,0,500000,Maruti Suzuki Swift-Dzire
Maruti Suzuki,Baleno,2017,7,51000.0,0,0,0,485000,Maruti Suzuki Baleno
Skoda,Superb,2013,11,72000.0,1,0,0,400000,Skoda Superb
Honda,City,2010,14,79000.0,0,1,0,205000,Honda City
Mercedes-Benz,E-Class,2014,10,51447.0,1,0,1,1475001,Mercedes-Benz E-Class
Mahindra,Scorpio,2023,1,15903.0,1,0,1,2350001,Mahindra Scorpio
Hyundai,Verna,2013,11,52000.0,0,0,1,262000,Hyundai Verna
Maruti Suzuki,Ertiga,2021,3,19500.0,0,0,0,1100000,Maruti Suzuki Ertiga
Honda,City,2016,8,56000.0,1,1,0,625000,Honda City
Honda,Accord,2004,20,80000.0,0,1,0,60000,Honda Accord
Toyota,Fortuner,2013,11,180000.0,0,1,1,1750000,Toyota Fortuner
Mahindra,TUV,2016,8,64525.0,0,0,1,445000,Mahindra TUV
Toyota,Innova Crysta,2022,2,7000.0,1,0,0,2250000,Toyota Innova Crysta
Mahindra,XUV700,2024,0,1450.0,1,0,1,2727000,Mahindra XUV700
Maruti Suzuki,Zen-Estilo,2005,19,85000.0,1,1,0,54000,Maruti Suzuki Zen-Estilo
Mini,3 DOOR,2019,5,39000.0,1,1,0,3900000,Mini 3 DOOR
Honda,Amaze,2021,3,31986.0,0,0,0,675000,Honda Amaze
Tata,Harrier,2023,1,29000.0,0,0,1,1795000,Tata Harrier
Maruti Suzuki,Zen-Estilo,2005,19,74000.0,0,1,0,38000,Maruti Suzuki Zen-Estilo
Hyundai,Elite i20,2015,9,57000.0,0,0,0,455000,Hyundai Elite i20
Mini,Cooper,2018,6,12923.0,1,0,0,3560000,Mini Cooper
Hyundai,Creta,2020,4,130000.0,1,1,1,1100000,Hyundai Creta
Honda,Amaze,2020,4,25000.0,0,0,0,655000,Honda Amaze
Maruti Suzuki,Estilo,2010,14,0.0,1,1,0,140000,Maruti Suzuki Estilo
Maruti Suzuki,Swift,2009,15,80282.0,0,1,0,275000,Maruti Suzuki Swift
Mercedes-Benz,C-Class,2017,7,112000.0,1,0,1,2650000,Mercedes-Benz C-Class
Hyundai,i10,2009,15,69000.0,1,0,0,230000,Hyundai i10
Maruti Suzuki,Swift-Dzire,2008,16,83481.0,0,1,0,175000,Maruti Suzuki Swift-Dzire
Volkswagen,Polo,2021,3,50000.0,1,1,0,950000,Volkswagen Polo
Maruti Suzuki,Baleno,2016,8,63200.0,1,1,0,585000,Maruti Suzuki Baleno
Hyundai,Grand i10,2018,6,53000.0,0,1,0,399000,Hyundai Grand i10
Hyundai,Getz Prime,2009,15,15.0,0,1,0,80000,Hyundai Getz Prime
Kia,Sonet,2023,1,43000.0,0,0,1,1090000,Kia Sonet
BMW,X4,2022,2,9000.0,1,1,0,7200000,BMW X4
Hyundai,i10,2011,13,58000.0,1,0,0,375000,Hyundai i10
MG,Hector,2021,3,50000.0,1,1,0,1399000,MG Hector
Maruti Suzuki,Ciaz,2019,5,49000.0,1,1,0,695000,Maruti Suzuki Ciaz
Honda,City ZX,2005,19,60000.0,0,1,0,90000,Honda City ZX
Chevrolet,Cruze,2013,11,70000.0,1,0,1,421000,Chevrolet Cruze
Volkswagen,Polo,2019,5,48000.0,0,0,0,650000,Volkswagen Polo
Tata,Nexon,2018,6,38000.0,0,0,0,595000,Tata Nexon
Toyota,Glanza,2021,3,28000.0,1,1,0,750000,Toyota Glanza
Maruti Suzuki,Alto-800,2021,3,19500.0,0,1,0,360000,Maruti Suzuki Alto-800
Mahindra,XUV500,2014,10,99000.0,0,1,1,510000,Mahindra XUV500
Toyota,Innova Crysta,2018,6,74000.0,1,1,1,1850000,Toyota Innova Crysta
Maruti Suzuki,S-Cross,2017,7,113000.0,0,1,1,595000,Maruti Suzuki S-Cross
Lexus,LX,2024,0,24000.0,1,0,1,27750000,Lexus LX
Hyundai,Tucson,2017,7,90709.0,1,0,1,1325000,Hyundai Tucson
Toyota,Innova Crysta,2016,8,99584.0,1,0,1,1890000,Toyota Innova Crysta
Chevrolet,Enjoy,2015,9,92000.0,0,1,1,395000,Chevrolet Enjoy
Maruti Suzuki,Grand Vitara,2023,1,20000.0,1,0,0,1795000,Maruti Suzuki Grand Vitara
Maruti Suzuki,Swift,2019,5,80000.0,0,0,1,775000,Maruti Suzuki Swift
Ford,Figo,2013,11,64000.0,0,0,1,239000,Ford Figo
Hyundai,Venue,2015,9,78000.0,0,0,1,585000,Hyundai Venue
Audi,Q5,2010,14,98000.0,1,1,1,1075000,Audi Q5
Kia,Seltos,2022,2,18000.0,1,0,0,1495000,Kia Seltos
BMW,X3,2012,12,86000.0,1,1,1,1125000,BMW X3
Honda,Mobilio,2015,9,51000.0,0,1,0,485000,Honda Mobilio
Fiat,Punto EVO,2015,9,86000.0,0,1,1,250000,Fiat Punto EVO
BMW,3 Series GT,2017,7,100000.0,1,0,1,1840000,BMW 3 Series GT
Mahindra,Bolero Neo Plus,2015,9,,1,0,1,450000,Mahindra Bolero Neo Plus
Mahindra,Scorpio N,2023,1,12000.0,1,0,1,2400000,Mahindra Scorpio N
Maruti Suzuki,Vitara-Brezza,2018,6,67000.0,0,0,1,600000,Maruti Suzuki Vitara-Brezza
Hyundai,Alcazar,2022,2,33000.0,1,0,1,1899000,Hyundai Alcazar
Mahindra,XUV500,2015,9,71000.0,0,1,1,735000,Mahindra XUV500
Hyundai,Grand i10,2017,7,47600.0,1,0,0,499000,Hyundai Grand i10
Hyundai,Verna,2002,22,160000.0,0,0,1,385000,Hyundai Verna
Audi,A3,2015,9,95000.0,1,0,1,1395000,Audi A3
Maruti Suzuki,Brezza,2022,2,33000.0,1,0,0,890000,Maruti Suzuki Brezza
Hyundai,Creta,2018,6,70000.0,0,0,1,965000,Hyundai Creta
Tata,Hexa,2017,7,57000.0,1,0,1,885000,Tata Hexa
Hyundai,Creta,2019,5,36588.0,1,0,1,1000000,Hyundai Creta
Hyundai,Verna,2021,3,46000.0,1,0,0,1200000,Hyundai Verna
BMW,5 Series,2016,8,47000.0,1,1,1,2500000,BMW 5 Series
BMW,3 Series,2014,10,90000.0,1,1,1,1260000,BMW 3 Series
Maruti Suzuki,Swift,2013,11,54268.0,0,0,0,275621,Maruti Suzuki Swift
BMW,X1,2011,13,110000.0,1,1,1,750000,BMW X1
Hyundai,Creta,2018,6,57000.0,1,0,1,1125000,Hyundai Creta
Hyundai,Creta,2021,3,25000.0,0,0,0,1295000,Hyundai Creta
Mahindra,TUV,2018,6,83725.0,1,1,1,675000,Mahindra TUV
Toyota,Etios,2018,6,95000.0,0,1,1,545000,Toyota Etios
Renault,KWID,2017,7,33000.0,1,1,0,375000,Renault KWID
Mercedes-Benz,S-Class,2018,6,39000.0,1,1,1,5950000,Mercedes-Benz S-Class
Isuzu,D-Max V-Cross,2018,6,96000.0,0,1,1,1550000,Isuzu D-Max V-Cross
Honda,Civic,2006,18,98000.0,1,1,0,225000,Honda Civic
Maruti Suzuki,Alto-800,2016,8,101500.0,0,1,0,245000,Maruti Suzuki Alto-800
Volkswagen,VentoTest,2017,7,76654.0,1,0,0,775000,Volkswagen VentoTest
Maruti Suzuki,Swift-Dzire,2012,12,69000.0,0,1,0,315000,Maruti Suzuki Swift-Dzire
MG,Hector,2019,5,16000.0,1,1,0,1250000,MG Hector
Hyundai,Creta,2019,5,38000.0,1,1,0,950000,Hyundai Creta
Maruti Suzuki,Vitara-Brezza,2018,6,53200.0,1,0,1,890000,Maruti Suzuki Vitara-Brezza
Audi,A3,2015,9,42000.0,1,1,1,1050000,Audi A3
Audi,A3,2015,9,52500.0,1,0,0,1550000,Audi A3
Maruti Suzuki,Vitara-Brezza,2019,5,76000.0,1,0,1,735000,Maruti Suzuki Vitara-Brezza
Hyundai,Creta,2020,4,54000.0,0,0,0,1090000,Hyundai Creta
Jaguar,XF,2013,11,35000.0,1,1,1,1745000,Jaguar XF
Nissan,Terrano,2017,7,95000.0,0,1,0,500000,Nissan Terrano
Hyundai,Tucson,2021,3,29168.0,1,0,1,2600000,Hyundai Tucson
Tata,Zest,2019,5,140000.0,0,0,1,490000,Tata Zest
Maruti Suzuki,Baleno,2019,5,21000.0,0,0,0,675000,Maruti Suzuki Baleno
Hyundai,i10,2013,11,56000.0,0,1,0,185000,Hyundai i10
Hyundai,Creta,2022,2,33000.0,1,0,1,1835000,Hyundai Creta
Hyundai,Fluidic Verna,2016,8,84100.0,0,1,0,645000,Hyundai Fluidic Verna
Maruti Suzuki,Ritz,2014,10,98000.0,0,0,1,445000,Maruti Suzuki Ritz
Honda,City,2017,7,73000.0,1,0,0,590000,Honda City
BMW,3 Series,2013,11,57000.0,1,0,1,1200000,BMW 3 Series
Hyundai,Creta,2015,9,118000.0,0,1,1,875000,Hyundai Creta
Mercedes-Benz,C-Class,2018,6,43000.0,1,1,1,2350000,Mercedes-Benz C-Class
Hyundai,Fluidic Verna,2020,4,76500.0,0,0,0,1075000,Hyundai Fluidic Verna
Maruti Suzuki,Alto-800,2020,4,105000.0,0,1,0,310000,Maruti Suzuki Alto-800
Maruti Suzuki,Alto,2010,14,82000.0,0,1,0,135000,Maruti Suzuki Alto
Maruti Suzuki,maruti-suzuki-dzire,2013,11,43000.0,0,0,0,390000,Maruti Suzuki maruti-suzuki-dzire
Toyota,Innova,2011,13,49000.0,0,0,1,424000,Toyota Innova
Honda,City,2017,7,81000.0,1,0,0,699000,Honda City
Volkswagen,Vento,2017,7,85000.0,1,0,1,750000,Volkswagen Vento
Mercedes-Benz,G-Class,2017,7,45000.0,1,1,0,14500000,Mercedes-Benz G-Class
Renault,Duster,2018,6,83000.0,1,1,1,940000,Renault Duster
Hyundai,Verna,2019,5,87000.0,0,0,1,1050000,Hyundai Verna
Hyundai,Creta,2023,1,34000.0,1,0,1,1950000,Hyundai Creta
Maruti Suzuki,Ertiga,2016,8,70000.0,0,0,1,751000,Maruti Suzuki Ertiga
Honda,City,2016,8,40000.0,0,0,0,625000,Honda City
Volkswagen,Tiguan,2018,6,52000.0,1,0,1,1915000,Volkswagen Tiguan
Hyundai,Alcazar,2021,3,100000.0,1,0,1,1450000,Hyundai Alcazar
Mercedes-Benz,E-Class,2015,9,85000.0,1,0,0,1395000,Mercedes-Benz E-Class
Volkswagen,Tiguan,2017,7,110000.0,1,0,1,1495000,Volkswagen Tiguan
Mahindra,XUV 300,2021,3,18000.0,1,0,0,990000,Mahindra XUV 300
Mahindra,XUV500,2016,8,99344.0,0,1,1,570000,Mahindra XUV500
Tata,Safari,2022,2,65000.0,1,0,1,2090000,Tata Safari
Maruti Suzuki,Swift-Dzire,2013,11,73500.0,0,1,0,370000,Maruti Suzuki Swift-Dzire
Maruti Suzuki,Ciaz,2017,7,75000.0,1,1,0,675000,Maruti Suzuki Ciaz
Tata,Hexa,2017,7,81000.0,1,0,1,790000,Tata Hexa
Maruti Suzuki,Omni,2015,9,45100.0,0,0,0,157000,Maruti Suzuki Omni
Tata,Safari,2021,3,54000.0,1,0,1,1495000,Tata Safari
Hyundai,Creta,2018,6,54000.0,0,1,0,895000,Hyundai Creta
BMW,5 Series,2016,8,47000.0,1,1,1,2500000,BMW 5 Series
Volkswagen,Polo GTI,2013,11,61000.0,1,0,0,410000,Volkswagen Polo GTI
Hyundai,Grand i10,2019,5,51000.0,0,0,0,521000,Hyundai Grand i10
MG,Hector,2020,4,65000.0,0,1,0,1125000,MG Hector
Skoda,Rapid,2017,7,49600.0,0,0,0,665000,Skoda Rapid
Hyundai,Verna,2022,2,50000.0,0,0,1,1200000,Hyundai Verna
Mahindra,Thar,2022,2,39000.0,0,0,1,1450000,Mahindra Thar
Toyota,Fortuner,2010,14,279000.0,0,0,1,1249000,Toyota Fortuner
Renault,Duster,2015,9,76000.0,0,1,0,425000,Renault Duster
Skoda,Rapid,2015,9,71000.0,1,1,0,395000,Skoda Rapid
Audi,A6,2017,7,29500.0,1,1,1,2150000,Audi A6
Honda,Jazz,2016,8,63210.0,0,0,0,421000,Honda Jazz
Kia,Seltos,2021,3,35000.0,1,0,1,1735000,Kia Seltos
Honda,Civic,2011,13,82000.0,0,0,0,230000,Honda Civic
Chevrolet,Optra,2009,15,97000.0,0,1,0,250000,Chevrolet Optra
Maruti Suzuki, Wagon R,2017,7,41000.0,1,0,0,465000,Maruti Suzuki  Wagon R
Mini,Cooper Countryman,2019,5,31900.0,1,1,0,2650000,Mini Cooper Countryman
Kia,Seltos,2019,5,22000.0,1,1,0,1195000,Kia Seltos
BMW,X3,2017,7,104000.0,1,1,1,2200000,BMW X3
Mahindra,Bolero,2018,6,85000.0,0,1,1,625000,Mahindra Bolero
Mahindra,XUV700,2023,1,5000.0,1,0,1,2950000,Mahindra XUV700
Mercedes-Benz,GLE,2023,1,30000.0,1,0,1,9700000,Mercedes-Benz GLE
Hyundai,Creta,2019,5,50000.0,0,0,0,975000,Hyundai Creta
Honda,Brio,2015,9,65000.0,0,0,0,375000,Honda Brio
Maruti Suzuki,Ritz,2014,10,9000.0,0,1,1,320000,Maruti Suzuki Ritz
Audi,Q5,2012,12,76532.0,1,1,1,950000,Audi Q5
Maruti Suzuki,Ritz,2012,12,62000.0,0,0,1,369000,Maruti Suzuki Ritz
Mahindra,Bolero Power Plus,2018,6,20.0,1,1,1,670000,Mahindra Bolero Power Plus
BMW,3 Series,2010,14,65000.0,1,0,1,489000,BMW 3 Series
Renault,Triber,2022,2,39000.0,1,0,1,750000,Renault Triber
Ford,Endeavour,2018,6,93000.0,1,0,1,2199000,Ford Endeavour
Hyundai,Creta,2017,7,67000.0,1,0,0,790000,Hyundai Creta
BMW,3 Series,2013,11,57000.0,1,0,1,1200000,BMW 3 Series
Audi,Q7,2014,10,45000.0,1,1,1,1200000,Audi Q7
Maruti Suzuki,Celerio,2016,8,94000.0,1,1,0,305000,Maruti Suzuki Celerio
BMW,X3,2016,8,92000.0,1,1,1,3000000,BMW X3
Maruti Suzuki,Celerio,2015,9,71000.0,0,1,1,375000,Maruti Suzuki Celerio
Hyundai,Tucson,2017,7,72431.0,1,1,1,1049000,Hyundai Tucson
Mahindra,Scorpio,2012,12,95000.0,0,0,1,545000,Mahindra Scorpio
Toyota,Fortuner,2023,1,19000.0,1,0,1,3950000,Toyota Fortuner
Maruti Suzuki,Celerio,2015,9,80000.0,0,1,0,430000,Maruti Suzuki Celerio
Mercedes-Benz,GL-Class,2012,12,95000.0,1,1,1,1449000,Mercedes-Benz GL-Class
Toyota,Innova Crysta,2016,8,94100.0,0,0,1,1835000,Toyota Innova Crysta
Ford,Endeavour,2020,4,90000.0,1,0,1,3150000,Ford Endeavour
Toyota,Fortuner,2015,9,125000.0,1,0,1,1125000,Toyota Fortuner
Hyundai,Creta,2017,7,77000.0,0,0,0,770000,Hyundai Creta
Mercedes-Benz,GLC Class,2017,7,65000.0,1,1,1,2785000,Mercedes-Benz GLC Class
Tata,Harrier,2024,0,4200.0,1,0,1,2125000,Tata Harrier
Ford,Fiesta Classic,2011,13,135000.0,0,1,1,225000,Ford Fiesta Classic
Hyundai,Verna,2008,16,71000.0,0,1,0,250000,Hyundai Verna
Tata,Harrier,2022,2,20000.0,1,0,1,2150000,Tata Harrier
Mercedes-Benz,GLA Class,2017,7,32600.0,1,1,0,1750000,Mercedes-Benz GLA Class
Mahindra,Scorpio,2020,4,48100.0,0,0,1,1250000,Mahindra Scorpio
Honda,City,2013,11,107565.0,0,1,0,425000,Honda City
Toyota,Fortuner,2019,5,55000.0,1,1,1,3475000,Toyota Fortuner
Tata,Nexon,2019,5,74576.0,0,0,1,640000,Tata Nexon
Maruti Suzuki,Ciaz,2014,10,75000.0,0,0,0,475000,Maruti Suzuki Ciaz
Maruti Suzuki,Baleno,2020,4,45124.0,0,0,0,650000,Maruti Suzuki Baleno
Hyundai,Elite i20,2018,6,78000.0,0,1,1,625000,Hyundai Elite i20
Toyota,Etios,2011,13,65321.0,0,1,1,219101,Toyota Etios
Isuzu,MUX,2019,5,185000.0,1,0,1,1535000,Isuzu MUX
Honda,Jazz,2016,8,46000.0,1,1,0,450000,Honda Jazz
Maruti Suzuki,Alto,2012,12,63000.0,0,0,0,199000,Maruti Suzuki Alto
Maruti Suzuki,Ritz,2014,10,65000.0,0,1,0,275000,Maruti Suzuki Ritz
Maruti Suzuki,Ignis,2017,7,88000.0,0,1,0,410000,Maruti Suzuki Ignis
Audi,A4,2015,9,85000.0,1,1,1,610000,Audi A4
Honda,City,2015,9,71000.0,0,1,0,498000,Honda City
Maruti Suzuki,Grand Vitara,2024,0,1600.0,0,0,0,1350000,Maruti Suzuki Grand Vitara
Maruti Suzuki,Swift,2018,6,65000.0,0,0,1,650000,Maruti Suzuki Swift
Mahindra,XUV500,2016,8,81000.0,0,0,1,690000,Mahindra XUV500
BMW,7 Series,2009,15,40000.0,1,0,0,1000000,BMW 7 Series
Kia,Seltos,2020,4,70000.0,1,0,1,1550000,Kia Seltos
Mercedes-Benz,V-Class,2019,5,75000.0,1,0,1,5475000,Mercedes-Benz V-Class
Tata,Safari Storme,2017,7,96000.0,0,1,1,675000,Tata Safari Storme
Toyota,Fortuner,2015,9,150000.0,1,1,1,1450000,Toyota Fortuner
Honda,City,2018,6,82000.0,0,1,0,650000,Honda City
Maruti Suzuki,Swift,2017,7,129000.0,0,0,1,539000,Maruti Suzuki Swift
Toyota,Fortuner,2023,1,19500.0,1,1,1,4370000,Toyota Fortuner
Maruti Suzuki,Alto-K10,2012,12,100000.0,0,1,0,200000,Maruti Suzuki Alto-K10
Volkswagen,VentoTest,2015,9,104771.0,1,1,1,450000,Volkswagen VentoTest
Tata,Indica Ev2,2012,12,190000.0,0,0,1,85000,Tata Indica Ev2
Tata,Tigor,2017,7,49000.0,1,1,0,430000,Tata Tigor
Honda,City,2017,7,70000.0,0,1,0,685000,Honda City
Kia,Seltos,2021,3,35213.0,1,0,0,1095000,Kia Seltos
Mercedes-Benz,E-Class,2012,12,59695.0,1,1,1,1545000,Mercedes-Benz E-Class
Maruti Suzuki,Swift-Dzire,2014,10,23.0,1,1,1,375000,Maruti Suzuki Swift-Dzire
Hyundai,Grand i10,2016,8,45000.0,0,1,0,330000,Hyundai Grand i10
Tata,Nexon,2020,4,30000.0,0,0,0,775000,Tata Nexon
Tata,Nexon,2019,5,31000.0,0,0,0,600000,Tata Nexon
Hyundai,Creta,2020,4,55000.0,1,1,0,1325000,Hyundai Creta
Maruti Suzuki,Ertiga,2023,1,8500.0,1,0,0,1051000,Maruti Suzuki Ertiga
Tata,Safari,2013,11,87312.0,0,0,1,349444,Tata Safari
Maruti Suzuki,Baleno,2018,6,72000.0,1,1,0,530000,Maruti Suzuki Baleno
Toyota,Fortuner,2010,14,126000.0,0,0,1,570000,Toyota Fortuner
Audi,A4,2013,11,55000.0,1,1,1,785000,Audi A4
Toyota,Etios Liva,2016,8,148000.0,0,0,1,549000,Toyota Etios Liva
Toyota,2.8 Legender 4X2,2015,9,175300.0,1,1,1,1000000,Toyota 2.8 Legender 4X2
Volkswagen,CrossPolo,2014,10,104600.0,0,1,1,449000,Volkswagen CrossPolo
Maruti Suzuki,Vitara-Brezza,2019,5,35000.0,1,1,1,680000,Maruti Suzuki Vitara-Brezza
MG,Hector Plus,2023,1,27002.0,1,0,0,2100002,MG Hector Plus
Mercedes-Benz,GL-Class,2014,10,94500.0,1,1,1,2150000,Mercedes-Benz GL-Class
Jaguar,XF,2019,5,15000.0,1,1,1,2995000,Jaguar XF
Maruti Suzuki,Swift,2016,8,1.0,0,0,0,510000,Maruti Suzuki Swift
Maruti Suzuki,Baleno,2016,8,90000.0,0,1,1,500000,Maruti Suzuki Baleno
Maruti Suzuki,Swift-Dzire,2017,7,42000.0,0,1,0,490000,Maruti Suzuki Swift-Dzire
Hyundai,Santro Xing,2009,15,36200.0,0,0,0,91500,Hyundai Santro Xing
Toyota,Innova Crysta,2018,6,98000.0,1,1,1,1650000,Toyota Innova Crysta
Toyota,Innova Crysta,2022,2,21000.0,1,0,1,2590000,Toyota Innova Crysta
BMW,X1,2017,7,39000.0,1,1,1,2399999,BMW X1
BMW,X3,2012,12,75000.0,1,1,1,1975000,BMW X3
Kia,Seltos,2020,4,34000.0,0,0,1,1075000,Kia Seltos
Maruti Suzuki,Wagon-R,2009,15,18000.0,0,1,0,135000,Maruti Suzuki Wagon-R
Toyota,Innova Crysta,2020,4,33000.0,0,1,1,1250000,Toyota Innova Crysta
Tata,Harrier,2021,3,29336.0,0,0,1,2185000,Tata Harrier
Mahindra,Bolero Neo,2023,1,,0,0,1,1000000,Mahindra Bolero Neo
Honda,Jazz,2011,13,90000.0,0,1,0,199000,Honda Jazz
Maruti Suzuki,Swift-Dzire,2014,10,53000.0,0,0,1,285000,Maruti Suzuki Swift-Dzire
Maruti Suzuki,Swift-Dzire,2017,7,155000.0,0,1,1,550000,Maruti Suzuki Swift-Dzire
Tata,Harrier,2022,2,48000.0,1,0,1,2099999,Tata Harrier
Skoda,Kushaq,2024,0,13000.0,1,0,0,1475000,Skoda Kushaq
Maruti Suzuki,Celerio-X,2018,6,67452.0,1,0,0,385000,Maruti Suzuki Celerio-X
Mini,Cooper S,2017,7,22000.0,1,1,0,2850000,Mini Cooper S
Maruti Suzuki,Ertiga,2016,8,145000.0,1,1,1,650000,Maruti Suzuki Ertiga
BMW,X7,2022,2,29000.0,1,0,1,10700000,BMW X7
Tata,Manza,2011,13,150000.0,0,0,1,149000,Tata Manza
Kia,Seltos,2019,5,54500.0,1,0,1,1590000,Kia Seltos
BMW,5 Series,2018,6,30000.0,1,0,1,3950000,BMW 5 Series
Volkswagen,Polo,2013,11,75000.0,1,1,0,470000,Volkswagen Polo
Honda,Amaze,2019,5,45000.0,1,0,0,649999,Honda Amaze
Jeep,Compass,2021,3,78000.0,1,0,1,1550000,Jeep Compass
BMW,5 Series,2016,8,47000.0,1,1,1,2500000,BMW 5 Series
Toyota,Innova,2012,12,144600.0,0,1,1,650000,Toyota Innova
Mercedes-Benz,C-Class,2018,6,51000.0,1,1,1,2850000,Mercedes-Benz C-Class
Toyota,Innova,2015,9,189000.0,0,1,1,920000,Toyota Innova
Audi,A6,2017,7,58000.0,1,0,0,2750000,Audi A6
Mahindra,Bolero Power Plus,2013,11,174000.0,1,0,1,325000,Mahindra Bolero Power Plus
Skoda,Rapid,2013,11,65000.0,1,1,0,315000,Skoda Rapid
Toyota,Land Cruiser,2023,1,15000.0,1,0,1,24700000,Toyota Land Cruiser
Toyota,Corolla,2014,10,65000.0,0,0,0,160000,Toyota Corolla
Maruti Suzuki,Alto-800,2018,6,22000.0,0,0,0,290000,Maruti Suzuki Alto-800
Hyundai,Verna,2013,11,72000.0,1,1,1,485000,Hyundai Verna
Tata,Nano,2015,9,47000.0,1,1,0,265000,Tata Nano
Volkswagen,VentoTest,2018,6,126000.0,0,0,1,570000,Volkswagen VentoTest
Hyundai,Verna,2015,9,125350.0,0,1,1,650000,Hyundai Verna
Renault,Duster,2020,4,23000.0,1,0,0,599000,Renault Duster
Honda,City,2017,7,120000.0,0,1,1,690000,Honda City
Audi,Q5,2014,10,50000.0,1,1,1,2150000,Audi Q5
Maruti Suzuki,Ignis,2018,6,31000.0,0,0,0,419000,Maruti Suzuki Ignis
BMW,3 Series GT,2015,9,61000.0,1,1,1,1500000,BMW 3 Series GT
Tata,Indica,2014,10,,0,0,1,250000,Tata Indica
Toyota,Fortuner,2015,9,154000.0,1,1,1,1875000,Toyota Fortuner
Maruti Suzuki,Swift,2020,4,45000.0,0,0,0,525000,Maruti Suzuki Swift
Nissan,MICRA PRIMO,2019,5,56000.0,0,1,0,450000,Nissan MICRA PRIMO
Toyota,Fortuner,2014,10,86000.0,1,1,1,1325000,Toyota Fortuner
Hyundai,Verna,2016,8,49000.0,0,1,1,495000,Hyundai Verna
Hyundai,Verna,2020,4,58000.0,0,1,0,950000,Hyundai Verna
Maruti Suzuki,maruti-suzuki-dzire,2017,7,87000.0,0,0,0,460000,Maruti Suzuki maruti-suzuki-dzire
Mahindra,XUV500,2013,11,49200.0,0,0,1,550000,Mahindra XUV500
BMW,X5,2021,3,21000.0,1,0,0,8050000,BMW X5
Toyota,Camry,2023,1,10000.0,1,0,0,4450000,Toyota Camry
Toyota,Innova,2006,18,170000.0,0,1,1,270000,Toyota Innova
Renault,Duster,2016,8,63000.0,0,1,1,415000,Renault Duster
Mercedes-Benz,GLA Class,2017,7,32600.0,1,1,0,1750000,Mercedes-Benz GLA Class
Maruti Suzuki,Ritz,2015,9,31000.0,0,1,0,465000,Maruti Suzuki Ritz
Maruti Suzuki,Ignis,2018,6,90000.0,1,0,1,565000,Maruti Suzuki Ignis
Maruti Suzuki,Vitara-Brezza,2017,7,42000.0,0,0,1,849999,Maruti Suzuki Vitara-Brezza
Tata,Indigo Cs,2012,12,100000.0,0,1,1,125000,Tata Indigo Cs
Chevrolet,Tavera,2008,16,230000.0,0,1,1,225000,Chevrolet Tavera
Honda,WRV,2021,3,72000.0,0,0,1,725000,Honda WRV
BMW,X1,2012,12,70000.0,1,0,1,1100000,BMW X1
Maruti Suzuki,Wagon-R,2012,12,152643.0,0,0,0,175000,Maruti Suzuki Wagon-R
Maruti Suzuki,Wagon-R,2007,17,75000.0,0,1,0,165000,Maruti Suzuki Wagon-R
Maruti Suzuki,Swift-Dzire,2010,14,78000.0,0,1,0,190000,Maruti Suzuki Swift-Dzire
Hyundai,i20,2016,8,95000.0,0,1,1,490000,Hyundai i20
Maruti Suzuki,Swift,2023,1,11000.0,1,0,0,815000,Maruti Suzuki Swift
Maruti Suzuki,S-Cross1,2021,3,35000.0,0,0,0,750000,Maruti Suzuki S-Cross1
Hyundai,Santa Fe,2014,10,61000.0,1,0,1,499000,Hyundai Santa Fe
Volvo,S60 Cross Country,2018,6,85000.0,1,1,1,2200000,Volvo S60 Cross Country
Ford,Ecosport,2018,6,32000.0,0,0,1,865000,Ford Ecosport
Skoda,Slavia,2022,2,40400.0,1,0,0,1451000,Skoda Slavia
Maruti Suzuki,Swift,2015,9,115000.0,0,1,1,465000,Maruti Suzuki Swift
Tata,Punch ,2022,2,7200.0,0,0,0,6500000,Tata Punch 
Maruti Suzuki,1000,2020,4,49000.0,0,1,1,390000,Maruti Suzuki 1000
Hyundai,Elite i20,2017,7,71000.0,0,1,0,499000,Hyundai Elite i20
BMW,3 Series,2012,12,69000.0,1,1,1,649000,BMW 3 Series
Honda,City,2011,13,110000.0,0,0,0,320000,Honda City
Jaguar,XJ,2015,9,92000.0,1,1,1,1450000,Jaguar XJ
Skoda,Kushaq,2022,2,39500.0,1,0,0,1290000,Skoda Kushaq
Mercedes-Benz,S-Class,2016,8,58933.0,1,1,0,8999999,Mercedes-Benz S-Class
Hyundai,i10,2013,11,99000.0,0,1,0,255000,Hyundai i10
Maruti Suzuki,Alto K10,2018,6,10500.0,1,1,0,375000,Maruti Suzuki Alto K10
Tata,Nexon,2019,5,120000.0,0,0,1,640000,Tata Nexon
Mini,Cooper Countryman,2015,9,72000.0,1,1,0,1475000,Mini Cooper Countryman
Maruti Suzuki,Fronx,2023,1,13000.0,1,0,0,920000,Maruti Suzuki Fronx
Mahindra,Thar,2021,3,45000.0,0,0,0,1370000,Mahindra Thar
Toyota,Fortuner,2014,10,168000.0,1,0,1,1340000,Toyota Fortuner
Hyundai,i20,2018,6,53000.0,0,1,0,499000,Hyundai i20
Maruti Suzuki,Celerio,2017,7,44000.0,1,1,0,425000,Maruti Suzuki Celerio
Mercedes-Benz,C-Class,2013,11,89000.0,1,1,1,899000,Mercedes-Benz C-Class
Audi,Q7,2012,12,87000.0,1,1,1,1050000,Audi Q7
Maruti Suzuki,S-Cross1,2018,6,27800.0,1,0,1,849000,Maruti Suzuki S-Cross1
Maruti Suzuki,maruti-suzuki-dzire,2017,7,62000.0,1,0,0,535000,Maruti Suzuki maruti-suzuki-dzire
BMW,5 Series,2016,8,47000.0,1,1,1,2500000,BMW 5 Series
Honda,City ZX,2004,20,160000.0,0,1,0,124000,Honda City ZX
Maruti Suzuki,Vitara-Brezza,2016,8,93000.0,0,0,1,685000,Maruti Suzuki Vitara-Brezza
Honda,City,2021,3,37000.0,1,0,0,1150000,Honda City
Volkswagen,Polo,2015,9,65000.0,0,0,0,375000,Volkswagen Polo
Hyundai,i10,2013,11,51000.0,0,1,0,250000,Hyundai i10
Maruti Suzuki,Alto-K10,2014,10,98000.0,0,1,0,245000,Maruti Suzuki Alto-K10
MG,Hector,2020,4,65000.0,1,0,0,1375000,MG Hector
Mercedes-Benz,GL-Class,2012,12,95000.0,1,1,1,1449000,Mercedes-Benz GL-Class
Tata,Hexa,2018,6,112000.0,0,1,1,799000,Tata Hexa
Hyundai,Creta,2017,7,53000.0,1,0,1,850000,Hyundai Creta
Audi,Q7,2012,12,87000.0,1,1,1,1050000,Audi Q7
Skoda,Rapid,2016,8,120000.0,1,0,1,590000,Skoda Rapid
Hyundai,Creta,2017,7,69000.0,1,1,0,785000,Hyundai Creta
Maruti Suzuki,Wagon-R,2016,8,79000.0,0,0,0,380000,Maruti Suzuki Wagon-R
Maruti Suzuki,Ertiga,2016,8,63000.0,0,1,1,675000,Maruti Suzuki Ertiga
Mercedes-Benz,C-Class,2015,9,68000.0,1,1,0,1699000,Mercedes-Benz C-Class
BMW,3 Series GT,2016,8,75000.0,1,1,1,1795000,BMW 3 Series GT
Toyota,Urban Cruiser,2021,3,9110.0,1,0,0,895000,Toyota Urban Cruiser
MG,ASTOR,2023,1,24000.0,1,0,0,1640000,MG ASTOR
Kia,Seltos,2019,5,71000.0,0,0,1,1215000,Kia Seltos
Hyundai,Creta,2021,3,41000.0,0,0,0,1050000,Hyundai Creta
Maruti Suzuki,Grand Vitara,2023,1,35000.0,0,0,0,1275000,Maruti Suzuki Grand Vitara
Maruti Suzuki,Baleno,2021,3,38000.0,0,0,0,750000,Maruti Suzuki Baleno
Volkswagen,Polo,2017,7,60000.0,0,0,0,665000,Volkswagen Polo
Kia,Seltos,2020,4,16000.0,1,0,0,1385000,Kia Seltos
Tata,Nexon,2018,6,62000.0,1,1,0,675000,Tata Nexon
Maruti Suzuki,Swift-Dzire,2015,9,74000.0,0,1,1,390000,Maruti Suzuki Swift-Dzire
Maruti Suzuki,Baleno,2022,2,41000.0,0,0,0,640000,Maruti Suzuki Baleno
Honda,Mobilio,2014,10,48000.0,0,1,0,470000,Honda Mobilio
Maruti Suzuki,Baleno,2018,6,110000.0,0,0,0,585000,Maruti Suzuki Baleno
MG,Hector,2020,4,40000.0,1,0,0,1321111,MG Hector
Mercedes-Benz,E-Class,2019,5,21000.0,1,0,1,3600000,Mercedes-Benz E-Class
Hyundai,Creta,2015,9,75000.0,1,1,1,595000,Hyundai Creta
Toyota,Innova,2014,10,130000.0,0,0,1,1360000,Toyota Innova
Maruti Suzuki,Swift,2023,1,3.0,0,0,0,760000,Maruti Suzuki Swift
Mercedes-Benz,GLC,2020,4,69000.0,1,0,1,3900000,Mercedes-Benz GLC
Hyundai,Elantra,2019,5,62000.0,0,1,1,910000,Hyundai Elantra
Audi,A6,2023,1,11000.0,1,0,0,5100000,Audi A6
Hyundai,i10,2007,17,82000.0,0,1,0,150000,Hyundai i10
Chevrolet,Beat,2013,11,112000.0,0,0,1,185000,Chevrolet Beat
Hyundai,Verna,2019,5,55000.0,0,0,0,850000,Hyundai Verna
Hyundai,Creta,2023,1,11000.0,0,0,0,1340000,Hyundai Creta
Mahindra,XUV500,2015,9,68000.0,0,0,1,745000,Mahindra XUV500
Hyundai,New i20,2024,0,3500.0,0,0,0,820000,Hyundai New i20
Kia,Seltos,2020,4,68000.0,0,0,1,1040000,Kia Seltos
Mercedes-Benz,GLA Class,2017,7,32600.0,1,1,0,1750000,Mercedes-Benz GLA Class
Hyundai,Venue,2019,5,42000.0,0,0,1,900000,Hyundai Venue
Maruti Suzuki,Wagon-R,2019,5,52468.0,0,0,0,435000,Maruti Suzuki Wagon-R
Volkswagen,Virtus,2022,2,14000.0,1,0,0,1740000,Volkswagen Virtus
Land Rover,Range Rover Evoque,2018,6,73182.0,1,0,1,3750000,Land Rover Range Rover Evoque
Hyundai,Santro,2002,22,150000.0,0,1,0,110000,Hyundai Santro
Maruti Suzuki,Alto,2007,17,22.0,0,1,0,75000,Maruti Suzuki Alto
Hyundai,i10,2009,15,112000.0,0,1,0,150000,Hyundai i10
Hyundai,Elantra,2017,7,16000.0,1,1,0,1050000,Hyundai Elantra
Hyundai,Fluidic Verna,2012,12,85000.0,0,1,0,290000,Hyundai Fluidic Verna
Maruti Suzuki,Swift,2016,8,60000.0,0,0,0,359000,Maruti Suzuki Swift
Toyota,Etios Liva,2017,7,45669.0,0,1,0,590000,Toyota Etios Liva
Chevrolet,Cruze,2011,13,62000.0,0,0,1,195000,Chevrolet Cruze
Tata,Nexon,2019,5,39000.0,0,0,1,675000,Tata Nexon
Kia,Seltos,2023,1,12000.0,1,0,0,1625000,Kia Seltos
Honda,Amaze,2017,7,110000.0,0,1,0,420000,Honda Amaze
Maruti Suzuki,Wagon-R,2014,10,80000.0,0,0,0,310000,Maruti Suzuki Wagon-R
Toyota,Innova,2011,13,125000.0,0,1,1,650000,Toyota Innova
Toyota,Innova,2012,12,250000.0,0,1,1,775000,Toyota Innova
Toyota,Innova Crysta,2016,8,110000.0,1,1,1,1560000,Toyota Innova Crysta
Kia,Sonet,2021,3,34000.0,1,0,1,1295000,Kia Sonet
Volvo,S60,2012,12,84000.0,1,0,1,760000,Volvo S60
MG,Hector,2021,3,24745.0,1,1,0,1430000,MG Hector
MG,Hector,2020,4,47000.0,1,0,0,1350000,MG Hector
Toyota,Innova,2014,10,250000.0,0,1,1,1080000,Toyota Innova
Hyundai,Creta,2017,7,86000.0,0,1,1,650000,Hyundai Creta
Porsche,Cayenne,2016,8,80400.0,1,1,1,3975000,Porsche Cayenne
Tata,Safari Storme,2017,7,75000.0,0,0,1,670000,Tata Safari Storme
Audi,Q7,2012,12,75000.0,1,0,1,1175000,Audi Q7
Maruti Suzuki,Grand Vitara,2024,0,1600.0,0,0,0,1350000,Maruti Suzuki Grand Vitara
Maruti Suzuki,Swift-Dzire,2017,7,78000.0,0,0,1,750000,Maruti Suzuki Swift-Dzire
Toyota,Fortuner,2023,1,40000.0,1,0,1,4250000,Toyota Fortuner
Land Rover,Range Rover Sport,2015,9,64000.0,1,1,1,6600000,Land Rover Range Rover Sport
Hyundai,Verna,2019,5,79146.0,1,1,0,965000,Hyundai Verna
Honda,CRV,2015,9,175000.0,1,1,0,850000,Honda CRV
Maruti Suzuki,Ertiga,2019,5,47110.0,0,1,0,769000,Maruti Suzuki Ertiga
Maruti Suzuki,Swift,2018,6,29000.0,1,0,0,549000,Maruti Suzuki Swift
Maruti Suzuki,Wagon-R,2018,6,18052.0,0,1,0,371000,Maruti Suzuki Wagon-R
Porsche,Macan,2021,3,39000.0,1,1,0,6875000,Porsche Macan
Hyundai,Grand i10,2015,9,89000.0,0,1,1,300000,Hyundai Grand i10
Maruti Suzuki,Wagon-R,2020,4,26600.0,1,0,0,550000,Maruti Suzuki Wagon-R
Maruti Suzuki,Swift-Dzire,2016,8,83316.0,0,1,1,535000,Maruti Suzuki Swift-Dzire
Maruti Suzuki,Omni,2009,15,95000.0,0,1,0,135000,Maruti Suzuki Omni
BMW,X1,2012,12,134000.0,1,1,1,749000,BMW X1
Honda,City,2009,15,94000.0,1,0,0,235000,Honda City
Honda,City ZX,2004,20,120000.0,1,1,0,230000,Honda City ZX
Tata,Indigo Ecs,2013,11,93000.0,0,1,1,140000,Tata Indigo Ecs
Mahindra,XUV500,2017,7,27000.0,0,0,1,1350000,Mahindra XUV500
Mahindra,Scorpio,2020,4,34000.0,0,0,1,1399000,Mahindra Scorpio
Mercedes-Benz,C-Class,2016,8,66000.0,1,1,1,1900000,Mercedes-Benz C-Class
Mercedes-Benz,S-Class,2013,11,49000.0,1,1,0,1950000,Mercedes-Benz S-Class
Hyundai,Elite i20,2020,4,40000.0,0,1,0,550000,Hyundai Elite i20
Mercedes-Benz,C-Class,2012,12,76294.0,1,0,0,1180000,Mercedes-Benz C-Class
Mercedes-Benz,E-Class,2010,14,85000.0,1,1,0,599000,Mercedes-Benz E-Class
Hyundai,Creta,2021,3,38000.0,0,0,1,1249000,Hyundai Creta
Mahindra,Bolero,2022,2,56800.0,0,0,1,838000,Mahindra Bolero
Kia,Seltos,2021,3,95000.0,0,1,1,1350000,Kia Seltos
Maruti Suzuki,Ertiga,2019,5,15000.0,1,1,0,1055000,Maruti Suzuki Ertiga
Volkswagen,Tiguan,2018,6,52000.0,1,0,1,1915000,Volkswagen Tiguan
Mahindra,Verito,2011,13,180000.0,0,1,1,199000,Mahindra Verito
Maruti Suzuki,Zen-Estilo,2003,21,100000.0,0,1,0,100000,Maruti Suzuki Zen-Estilo
Volkswagen,Ameo,2019,5,105000.0,0,1,1,525000,Volkswagen Ameo
Mahindra,KUV 100,2016,8,90000.0,0,1,0,380000,Mahindra KUV 100
Honda,City,2015,9,70000.0,1,0,0,575000,Honda City
Toyota,Innova Crysta,2019,5,57000.0,1,0,1,1580000,Toyota Innova Crysta
Mercedes-Benz,M-Class,2012,12,125000.0,1,1,1,915000,Mercedes-Benz M-Class
Jaguar,XF,2013,11,50000.0,1,1,1,1150000,Jaguar XF
Jeep,Compass,2022,2,21000.0,1,0,1,2525111,Jeep Compass
Tata,Nexon,2022,2,20000.0,1,1,1,1000000,Tata Nexon
Ford,Ecosport,2018,6,75000.0,1,0,0,640000,Ford Ecosport
Hyundai,Creta,2017,7,160000.0,1,1,0,799000,Hyundai Creta
Ford,Ecosport,2020,4,94000.0,0,0,1,1049000,Ford Ecosport
Honda,City ZX,2012,12,62000.0,0,1,0,320000,Honda City ZX
Toyota,Fortuner,2022,2,27000.0,1,0,1,4400000,Toyota Fortuner
Hyundai,Creta,2018,6,82000.0,1,0,1,795000,Hyundai Creta
Tata,Nexon,2019,5,34000.0,1,0,0,875000,Tata Nexon
Honda,Brio,2014,10,68569.0,1,0,0,325000,Honda Brio
Toyota,Fortuner,2015,9,248000.0,1,0,1,1050000,Toyota Fortuner
Toyota,Innova,2012,12,250000.0,0,1,1,799999,Toyota Innova
Mahindra,Scorpio,2015,9,88000.0,0,1,1,1150000,Mahindra Scorpio
Hyundai,Elantra,2018,6,90000.0,0,1,1,900000,Hyundai Elantra
Maruti Suzuki,Swift-Dzire,2015,9,63000.0,0,0,1,435000,Maruti Suzuki Swift-Dzire
Honda,WR-V,2018,6,43258.0,0,0,1,751000,Honda WR-V
Mercedes-Benz,C-Class,2014,10,96000.0,1,1,1,850000,Mercedes-Benz C-Class
Maruti Suzuki,Zen-Estilo,2010,14,86000.0,0,1,0,125000,Maruti Suzuki Zen-Estilo
Renault,Duster,2020,4,23000.0,1,0,0,599000,Renault Duster
Mahindra,XUV500,2019,5,120000.0,0,0,1,995000,Mahindra XUV500
Tata,Safari Storme,2015,9,82000.0,0,0,1,499000,Tata Safari Storme
Hyundai,Verna,2010,14,80000.0,0,1,1,199000,Hyundai Verna
Tata,Nexon,2020,4,775000.0,0,0,1,895000,Tata Nexon
Skoda,Laura,2011,13,153226.0,1,1,1,400000,Skoda Laura
Hyundai,New i20,2023,1,46000.0,0,0,0,725000,Hyundai New i20
Maruti Suzuki,800,1997,27,28000.0,0,0,0,60000,Maruti Suzuki 800
Kia,Seltos,2022,2,79000.0,1,1,1,1650000,Kia Seltos
Land Rover,Range Rover Velar,2021,3,32422.0,1,1,0,7499999,Land Rover Range Rover Velar
Maruti Suzuki,Alto-800,2016,8,26000.0,0,1,0,275000,Maruti Suzuki Alto-800
BMW,X1,2020,4,29600.0,1,0,0,3345000,BMW X1
Maruti Suzuki,Alto-800,2008,16,88000.0,0,1,0,160000,Maruti Suzuki Alto-800
Tata,Tiago,2017,7,80000.0,0,1,0,325000,Tata Tiago
Toyota,Innova Crysta,2017,7,177000.0,0,0,1,1445000,Toyota Innova Crysta
Maruti Suzuki,Swift,2020,4,46000.0,0,0,0,655000,Maruti Suzuki Swift
Renault,Duster,2019,5,58000.0,0,0,1,650000,Renault Duster
Maruti Suzuki,Wagon-R,2014,10,62000.0,0,1,1,250000,Maruti Suzuki Wagon-R
Honda,WRV,2019,5,120000.0,0,1,1,725000,Honda WRV
Mercedes-Benz,GL-Class,2013,11,92203.0,1,1,1,2751000,Mercedes-Benz GL-Class
BMW,3 Series GT,2015,9,61000.0,1,1,1,1500000,BMW 3 Series GT
Volkswagen,Jetta,2012,12,88049.0,0,1,1,599999,Volkswagen Jetta
Renault,KWID,2015,9,63000.0,0,1,0,199999,Renault KWID
Toyota,Innova,2013,11,180000.0,0,1,1,875000,Toyota Innova
Mahindra,XUV500,2016,8,96000.0,0,0,1,750000,Mahindra XUV500
Tata,Nano,2010,14,50000.0,0,1,0,49000,Tata Nano
BMW,3 Series GT,2015,9,61000.0,1,1,1,1500000,BMW 3 Series GT
Chevrolet,Cruze,2013,11,90000.0,1,0,1,440000,Chevrolet Cruze
Mitsubishi,Pajero Sport,2012,12,90000.0,0,1,1,799999,Mitsubishi Pajero Sport
Audi,Q7,2014,10,45000.0,1,1,1,1200000,Audi Q7
Hyundai,Santro Xing,2007,17,,0,1,0,148000,Hyundai Santro Xing
Volkswagen,Polo,2015,9,75000.0,0,1,1,585000,Volkswagen Polo
Maruti Suzuki,Wagon-R-1-0,2007,17,202000.0,0,1,0,150000,Maruti Suzuki Wagon-R-1-0
Mahindra,Thar,2021,3,20000.0,0,0,1,1199000,Mahindra Thar
Maruti Suzuki,A-Star,2011,13,50600.0,1,1,0,290000,Maruti Suzuki A-Star
BMW,X1,2017,7,65000.0,1,1,1,1450000,BMW X1
Mahindra,XUV500,2012,12,75000.0,0,1,1,450000,Mahindra XUV500
Renault,KWID,2017,7,42193.0,1,1,0,390000,Renault KWID
Volkswagen,Polo,2016,8,68500.0,1,1,0,651000,Volkswagen Polo
Hyundai,Xcent,2019,5,57000.0,0,0,0,490000,Hyundai Xcent
Mahindra,Scorpio N,2016,8,55000.0,1,0,1,695000,Mahindra Scorpio N
Maruti Suzuki,S-Cross,2017,7,113000.0,0,1,1,595000,Maruti Suzuki S-Cross
Mahindra,Bolero,2009,15,83000.0,0,1,1,355000,Mahindra Bolero
Land Rover,Freelander 2,2015,9,110000.0,1,1,1,1599000,Land Rover Freelander 2
Mahindra,XUV500,2012,12,85800.0,0,0,1,460000,Mahindra XUV500
Hyundai,i10,2013,11,60000.0,1,0,0,375000,Hyundai i10
Toyota,Innova,2014,10,209000.0,0,1,1,1125000,Toyota Innova
Tata,Hexa,2019,5,136927.0,1,1,1,1090000,Tata Hexa
Honda,Jazz,2016,8,61000.0,1,1,0,450000,Honda Jazz
Maruti Suzuki,Ignis,2018,6,52000.0,1,0,0,480000,Maruti Suzuki Ignis
Jeep,Compass,2018,6,70000.0,1,1,0,1150000,Jeep Compass
Mahindra,XUV500,2014,10,86000.0,0,0,1,825000,Mahindra XUV500
Toyota,Innova Crysta,2017,7,108277.0,1,0,1,1845000,Toyota Innova Crysta
Maruti Suzuki,XL6,2022,2,26000.0,0,0,0,935000,Maruti Suzuki XL6
Land Rover,Range Rover Sport,2015,9,82000.0,1,0,1,4175000,Land Rover Range Rover Sport
Maruti Suzuki,Swift-Dzire,2015,9,54000.0,0,1,0,364000,Maruti Suzuki Swift-Dzire
Audi,A6,2015,9,89000.0,1,0,1,890000,Audi A6
MG,Hector,2023,1,17000.0,1,0,0,2025000,MG Hector
Kia,Sonet,2020,4,62000.0,1,0,1,825000,Kia Sonet
Mahindra,TUV,2015,9,65000.0,1,0,1,599999,Mahindra TUV
Audi,Q3,2022,2,40000.0,1,0,0,5900000,Audi Q3
Toyota,Fortuner,2013,11,174500.0,1,1,1,1450000,Toyota Fortuner
Chevrolet,Spark,2010,14,270464.0,0,0,0,60000,Chevrolet Spark
Maruti Suzuki,Swift-Dzire,2017,7,29000.0,1,0,0,595000,Maruti Suzuki Swift-Dzire
Toyota,Innova Crysta,2022,2,80000.0,0,0,1,2720000,Toyota Innova Crysta
Hyundai,Creta,2016,8,80000.0,0,0,1,790000,Hyundai Creta
Maruti Suzuki,Ciaz,2016,8,81000.0,1,1,0,615000,Maruti Suzuki Ciaz
Maruti Suzuki,Sx4,2012,12,155000.0,0,1,1,225000,Maruti Suzuki Sx4
Hyundai,i10,2011,13,60000.0,0,1,0,165000,Hyundai i10
Skoda,Superb,2015,9,68000.0,0,1,0,570000,Skoda Superb
Honda,Civic,2020,4,39000.0,1,0,0,1725000,Honda Civic
Jaguar,XF,2013,11,85000.0,1,1,1,985000,Jaguar XF
Ford,Ecosport,2015,9,100000.0,1,0,0,535000,Ford Ecosport
Jeep,Compass,2020,4,25000.0,0,0,1,1365000,Jeep Compass
Skoda,Octavia,2016,8,120000.0,1,1,1,825000,Skoda Octavia
Maruti Suzuki,Wagon-R,2010,14,84000.0,0,1,0,185000,Maruti Suzuki Wagon-R
Jeep,Compass,2017,7,115000.0,0,1,1,665000,Jeep Compass
Hyundai,Santro Xing,2009,15,100000.0,0,1,0,200000,Hyundai Santro Xing
Mercedes-Benz,E-Class,2013,11,52000.0,1,0,0,2100000,Mercedes-Benz E-Class
Toyota,Etios,2016,8,145000.0,0,0,1,480000,Toyota Etios
Honda,City,2015,9,104000.0,0,0,1,370000,Honda City
Mercedes-Benz,M-Class,2015,9,91540.0,1,0,1,2245000,Mercedes-Benz M-Class
Land Rover,Discovery,2017,7,89500.0,1,0,1,2390000,Land Rover Discovery
Honda,City,2004,20,91000.0,1,0,0,138000,Honda City
Toyota,Fortuner,2015,9,277000.0,0,0,1,1465000,Toyota Fortuner
Hyundai,Creta,2017,7,180000.0,0,1,1,850000,Hyundai Creta
Hyundai,Creta,2015,9,73000.0,1,1,1,625000,Hyundai Creta
BMW,5 Series,2017,7,69000.0,1,1,1,3695000,BMW 5 Series
Maruti Suzuki,maruti-suzuki-dzire,2018,6,34000.0,0,0,0,425000,Maruti Suzuki maruti-suzuki-dzire
Honda,Jazz,2017,7,139000.0,0,1,1,320000,Honda Jazz
Audi,A4,2017,7,73000.0,1,1,1,2151000,Audi A4
Hyundai,Creta,2017,7,50000.0,0,0,0,799999,Hyundai Creta
Hyundai,Verna,2023,1,23000.0,1,0,0,1525000,Hyundai Verna
Skoda,Rapid,2018,6,174000.0,1,0,1,710000,Skoda Rapid
Maruti Suzuki,Grand Vitara,2022,2,27000.0,0,0,0,1575000,Maruti Suzuki Grand Vitara
Hyundai,Fluidic Verna,2011,13,72000.0,0,1,0,205000,Hyundai Fluidic Verna
Audi,Q7,2014,10,45000.0,1,1,1,1200000,Audi Q7
Maruti Suzuki,Alto,2011,13,72000.0,0,1,0,85000,Maruti Suzuki Alto
Mercedes-Benz,C Class,2010,14,117000.0,1,0,1,990000,Mercedes-Benz C Class
Ford,Endeavour,2016,8,98500.0,1,1,1,1995000,Ford Endeavour
Hyundai,Creta,2018,6,68500.0,0,1,1,714999,Hyundai Creta
Nissan,Micra,2017,7,76000.0,1,1,0,445000,Nissan Micra
Audi,Q7,2016,8,139000.0,1,0,1,2399000,Audi Q7
Maruti Suzuki,Ertiga,2020,4,40000.0,1,0,0,900000,Maruti Suzuki Ertiga
Maruti Suzuki,Vitara-Brezza,2017,7,77500.0,0,1,1,790000,Maruti Suzuki Vitara-Brezza
Honda,Jazz,2017,7,78000.0,1,1,0,550000,Honda Jazz
Toyota,Fortuner,2022,2,61000.0,1,0,1,3600000,Toyota Fortuner
Hyundai,Alcazar,2023,1,24000.0,1,1,1,1975000,Hyundai Alcazar
Maruti Suzuki,Dzire,2008,16,96000.0,0,1,0,199000,Maruti Suzuki Dzire
Renault,Kiger,2021,3,12300.0,0,1,0,580000,Renault Kiger
Land Rover,Range Rover Evoque,2018,6,39000.0,1,1,1,3149999,Land Rover Range Rover Evoque
Ambassador,Ambassador,2015,9,18.0,0,1,0,999599,Ambassador Ambassador
Honda,City,2014,10,91000.0,0,1,1,550000,Honda City
Audi,A6,2023,1,12000.0,1,0,0,5100000,Audi A6
Ford,Endeavour,2018,6,90000.0,1,1,1,2350000,Ford Endeavour
Maruti Suzuki,Swift-Dzire,2014,10,91000.0,0,1,1,370000,Maruti Suzuki Swift-Dzire
Volkswagen,VentoTest,2012,12,42000.0,0,0,0,300000,Volkswagen VentoTest
Jaguar,XJ,2015,9,25000.0,1,0,1,2390000,Jaguar XJ
Mahindra,Scorpio,2022,2,44000.0,0,0,1,1335000,Mahindra Scorpio
Renault,Kiger,2022,2,11425.0,1,0,0,749000,Renault Kiger
Renault,Duster,2013,11,65000.0,0,1,1,359000,Renault Duster
Mercedes-Benz,S-Class,2016,8,39000.0,1,0,0,7495000,Mercedes-Benz S-Class
Honda,City,2017,7,55000.0,0,1,0,625000,Honda City
Skoda,Rapid,2017,7,77000.0,0,1,1,590000,Skoda Rapid
Hyundai,Elite i20,2015,9,54000.0,0,0,0,374000,Hyundai Elite i20
BMW,X5,2018,6,42000.0,1,0,1,3999999,BMW X5
Mahindra,Marazzo,2019,5,80000.0,0,0,1,775000,Mahindra Marazzo
Hyundai,Creta,2019,5,86000.0,0,0,1,850000,Hyundai Creta
Hyundai,Creta,2022,2,25000.0,1,0,0,1650000,Hyundai Creta
Mahindra,Scorpio,2019,5,16.0,1,1,1,1027000,Mahindra Scorpio
Volkswagen,VentoTest,2013,11,61000.0,0,0,0,351000,Volkswagen VentoTest
Honda,Jazz,2017,7,55000.0,0,1,0,475000,Honda Jazz
Mahindra,TUV,2016,8,71111.0,0,0,1,530000,Mahindra TUV
Hyundai,Creta,2019,5,52000.0,1,0,0,1075000,Hyundai Creta
Maruti Suzuki,Swift,2011,13,72119.0,0,1,0,209999,Maruti Suzuki Swift
Hyundai,Venue,2020,4,74000.0,0,0,1,935000,Hyundai Venue
Hyundai,i20 Active,2015,9,20.0,0,1,0,375000,Hyundai i20 Active
Chevrolet,Cruze,2010,14,80000.0,1,1,1,225000,Chevrolet Cruze
Maruti Suzuki,Baleno,2019,5,50000.0,0,0,0,575000,Maruti Suzuki Baleno
Maruti Suzuki,Wagon R,2016,8,55000.0,0,1,0,315000,Maruti Suzuki Wagon R
Jaguar,XJ,2017,7,20000.0,1,0,0,5600000,Jaguar XJ
Maruti Suzuki,S-Cross1,2018,6,87000.0,0,1,1,530000,Maruti Suzuki S-Cross1
Honda,WRV,2019,5,51000.0,0,0,0,740000,Honda WRV
BMW,5 Series,2016,8,47000.0,1,1,1,2500000,BMW 5 Series
Mercedes-Benz,GLE COUPE,2021,3,16000.0,1,0,0,13300000,Mercedes-Benz GLE COUPE
Hyundai,Creta,2019,5,78000.0,1,0,0,1045000,Hyundai Creta
Maruti Suzuki,Swift,2012,12,98000.0,0,1,0,373000,Maruti Suzuki Swift
BMW,5 Series,2011,13,115000.0,1,1,1,520000,BMW 5 Series
Mahindra,XUV500,2019,5,19000.0,0,1,1,995000,Mahindra XUV500
Honda,Amaze,2019,5,67000.0,1,1,0,575000,Honda Amaze
Toyota,Fortuner,2022,2,50000.0,0,0,1,4000000,Toyota Fortuner
BMW,3 Series GT,2016,8,61000.0,1,0,1,2151000,BMW 3 Series GT
Audi,A3,2014,10,44000.0,1,0,1,1670000,Audi A3
Mahindra,XUV500,2014,10,67000.0,0,0,1,450000,Mahindra XUV500
Toyota,Innova,2011,13,250000.0,0,0,1,899999,Toyota Innova
Audi,A4,2014,10,172000.0,1,1,1,1150000,Audi A4
Ford,Ecosport,2015,9,93000.0,0,0,1,675000,Ford Ecosport
Maruti Suzuki,Baleno,2017,7,46000.0,0,0,0,421000,Maruti Suzuki Baleno
Maruti Suzuki,Swift,2019,5,98000.0,1,0,0,640000,Maruti Suzuki Swift
Hyundai,Verna,2012,12,62000.0,0,0,0,349000,Hyundai Verna
Mahindra,Scorpio N,2023,1,60000.0,1,0,1,1951000,Mahindra Scorpio N
Maruti Suzuki,Baleno,2019,5,35000.0,1,0,0,700000,Maruti Suzuki Baleno
Hyundai,Santro Xing,2007,17,100000.0,0,1,0,100000,Hyundai Santro Xing
Hyundai,Grand i10,2015,9,52000.0,1,0,0,375000,Hyundai Grand i10
Maruti Suzuki,Vitara-Brezza,2021,3,63000.0,0,0,0,795000,Maruti Suzuki Vitara-Brezza
Hyundai,Venue,2021,3,68000.0,1,1,0,820000,Hyundai Venue
Tata,Indigo Ecs,2015,9,132000.0,0,1,1,150000,Tata Indigo Ecs
Honda,Amaze,2018,6,65000.0,1,0,1,799000,Honda Amaze
Tata,Nexon,2020,4,18231.0,0,0,0,539101,Tata Nexon
Lexus,LX,2018,6,27000.0,1,1,1,17500000,Lexus LX
Mercedes-Benz,E-Class,2012,12,73800.0,1,1,1,990000,Mercedes-Benz E-Class
Mini,Cooper Convertible,2018,6,40000.0,1,1,0,3400000,Mini Cooper Convertible
BMW,3 Series GT,2017,7,77000.0,1,0,1,2450000,BMW 3 Series GT
Maruti Suzuki,Alto-800,2018,6,72531.0,0,0,0,265000,Maruti Suzuki Alto-800
Audi,A3,2015,9,65000.0,1,1,1,899999,Audi A3
Toyota,Innova Crysta,2018,6,116000.0,1,0,1,1650000,Toyota Innova Crysta
MG,ASTOR,2024,0,8000.0,1,0,0,1800000,MG ASTOR
Maruti Suzuki,Baleno,2017,7,81000.0,0,1,0,575000,Maruti Suzuki Baleno
Hyundai,Verna,2013,11,120000.0,0,1,1,360000,Hyundai Verna
Mahindra,Thar,2015,9,71291.0,0,1,1,520000,Mahindra Thar
Ford,Endeavour,2017,7,80000.0,1,0,1,2275000,Ford Endeavour
Maruti Suzuki,Vitara-Brezza,2019,5,54900.0,1,1,1,790000,Maruti Suzuki Vitara-Brezza
Maruti Suzuki,Baleno,2018,6,55000.0,0,0,1,590000,Maruti Suzuki Baleno
Hyundai,Creta Facelift,2018,6,40000.0,1,0,1,888000,Hyundai Creta Facelift
Maruti Suzuki,Swift-Dzire,2013,11,175000.0,0,1,1,370000,Maruti Suzuki Swift-Dzire
BMW,5 Series,2014,10,90000.0,1,1,1,1221000,BMW 5 Series
Tata,Indica Ev2,2016,8,123000.0,0,1,1,65000,Tata Indica Ev2
Mercedes-Benz,C-Class,2016,8,95000.0,1,0,1,1795000,Mercedes-Benz C-Class
Hyundai,Creta,2019,5,7687.0,1,0,1,700000,Hyundai Creta
Maruti Suzuki,Swift-Dzire,2020,4,82000.0,0,0,0,535000,Maruti Suzuki Swift-Dzire
Toyota,Corolla Altis,2017,7,123000.0,0,1,1,1175000,Toyota Corolla Altis
Toyota,Fortuner,2017,7,59023.0,1,1,1,2995000,Toyota Fortuner
Ford,Endeavour,2018,6,115000.0,1,1,1,2275000,Ford Endeavour
Toyota,Innova Crysta,2017,7,90000.0,0,1,1,1250000,Toyota Innova Crysta
Maruti Suzuki,Alto-800,2014,10,88600.0,1,1,0,185000,Maruti Suzuki Alto-800
Hyundai,Eon,2017,7,33000.0,0,0,0,280000,Hyundai Eon
Skoda,Octavia,2014,10,105904.0,1,1,1,1040000,Skoda Octavia
Tata,Altroz,2020,4,12600.0,0,0,0,575000,Tata Altroz
Datsun,Redi Go,2018,6,76000.0,0,1,0,211000,Datsun Redi Go
Mahindra,XUV500,2012,12,125000.0,0,1,1,450000,Mahindra XUV500
Mercedes-Benz,E-Class,2019,5,29800.0,1,0,1,4490000,Mercedes-Benz E-Class
Mercedes-Benz,C-Class,2011,13,46000.0,1,1,1,600000,Mercedes-Benz C-Class
Mercedes-Benz,E-Class,2014,10,73000.0,1,1,1,1230000,Mercedes-Benz E-Class
Ford,Endeavour,2017,7,91000.0,1,1,1,2050000,Ford Endeavour
Mahindra,Thar,2020,4,40000.0,1,0,1,1350000,Mahindra Thar
BMW,7 Series,2018,6,24200.0,1,0,1,7750000,BMW 7 Series
Hyundai,Grand i10,2013,11,61000.0,0,0,0,280000,Hyundai Grand i10
BMW,3 Series GT,2019,5,31000.0,1,0,1,3199999,BMW 3 Series GT
Mercedes-Benz,E-Class,2014,10,83000.0,1,1,1,1395000,Mercedes-Benz E-Class
Maruti Suzuki,Ritz,2012,12,165000.0,0,1,1,175000,Maruti Suzuki Ritz
Maruti Suzuki,S-Presso,2019,5,17000.0,1,1,0,390000,Maruti Suzuki S-Presso
Maruti Suzuki,Wagon-R,2013,11,56000.0,0,0,0,249000,Maruti Suzuki Wagon-R
Audi,A6,2014,10,11000.0,1,0,1,1350000,Audi A6
Ford,Endeavour,2018,6,115000.0,1,0,1,2250000,Ford Endeavour
Kia,Seltos,2020,4,49900.0,0,0,0,999000,Kia Seltos
Mercedes-Benz,C-Class,2013,11,65000.0,1,1,0,945000,Mercedes-Benz C-Class
Maruti Suzuki,Alto,2006,18,79000.0,0,1,0,69000,Maruti Suzuki Alto
Maruti Suzuki,Zen-Estilo,2003,21,33000.0,0,1,0,129000,Maruti Suzuki Zen-Estilo
Kia,Seltos,2021,3,58000.0,1,0,0,1299999,Kia Seltos
Toyota,Innova,2012,12,250000.0,0,1,1,800000,Toyota Innova
Audi,A6,2016,8,52000.0,1,1,1,1650000,Audi A6
Maruti Suzuki,Ciaz,2020,4,55000.0,0,0,0,890000,Maruti Suzuki Ciaz
Honda,City,2014,10,85000.0,0,0,1,395000,Honda City
Hyundai,Creta,2016,8,62000.0,0,0,0,645000,Hyundai Creta
Honda,City,2016,8,67000.0,0,1,1,500000,Honda City
Mercedes-Benz,GLA Class,2019,5,31000.0,1,0,0,2765000,Mercedes-Benz GLA Class
BMW,5 Series,2012,12,50800.0,1,0,1,1125000,BMW 5 Series
Volvo,XC60,2015,9,62000.0,1,1,1,1450000,Volvo XC60
Hyundai,i20,2023,1,11300.0,1,0,0,925000,Hyundai i20
Maruti Suzuki,Swift,2018,6,105000.0,1,0,1,630000,Maruti Suzuki Swift
Tata,Hexa,2017,7,98623.0,1,0,1,635000,Tata Hexa
Hyundai,i20,2014,10,56000.0,0,0,0,465000,Hyundai i20
Hyundai,Eon,2017,7,68000.0,0,1,0,255000,Hyundai Eon
Maruti Suzuki,Swift,2018,6,85000.0,0,1,1,935000,Maruti Suzuki Swift
MG,Hector,2020,4,27000.0,1,1,0,1300000,MG Hector
Tata,Tiago,2017,7,39065.0,0,0,0,448000,Tata Tiago
Maruti Suzuki,Ertiga,2017,7,44000.0,1,0,0,785000,Maruti Suzuki Ertiga
Mercedes-Benz,S-Class,2016,8,59500.0,1,0,0,5000000,Mercedes-Benz S-Class
Honda,Amaze,2015,9,89000.0,0,1,0,420000,Honda Amaze
Honda,City,2015,9,120000.0,0,1,0,600000,Honda City
Hyundai,Venue,2021,3,33000.0,0,0,0,795000,Hyundai Venue
Toyota,Innova Crysta,2022,2,32500.0,0,0,1,2900000,Toyota Innova Crysta
Honda,Amaze,2018,6,124000.0,0,0,1,695000,Honda Amaze
Honda,City,2014,10,78000.0,0,1,1,499800,Honda City
Honda,City,2014,10,65374.0,1,1,0,545000,Honda City
Maruti Suzuki,Celerio,2017,7,57000.0,1,1,0,319000,Maruti Suzuki Celerio
Fiat,Linea,2009,15,80000.0,0,0,0,115000,Fiat Linea
Toyota,Fortuner,2015,9,95000.0,0,0,1,1565000,Toyota Fortuner
Toyota,Etios Liva,2012,12,117000.0,0,1,0,384000,Toyota Etios Liva
Mahindra,Thar,2015,9,35000.0,0,1,1,650000,Mahindra Thar
Maruti Suzuki,Ertiga,2019,5,105000.0,0,1,1,960000,Maruti Suzuki Ertiga
BMW,2 Series,2022,2,14000.0,1,0,1,3800000,BMW 2 Series
Mahindra,Thar,2021,3,55000.0,1,0,0,1175000,Mahindra Thar
Toyota,Fortuner,2019,5,69810.0,0,1,1,2985000,Toyota Fortuner
Hyundai,Venue,2022,2,53000.0,0,1,0,955000,Hyundai Venue
Kia,Seltos,2020,4,86000.0,1,0,1,1580000,Kia Seltos
Hyundai,i10,2010,14,100000.0,0,1,0,150000,Hyundai i10
Maruti Suzuki,Vitara-Brezza,2016,8,55000.0,0,0,1,740000,Maruti Suzuki Vitara-Brezza
Mahindra,Scorpio Classic,2020,4,47000.0,0,1,1,1550000,Mahindra Scorpio Classic
Chevrolet,Beat,2016,8,44000.0,0,1,0,215000,Chevrolet Beat
Maruti Suzuki,Swift-Dzire,2022,2,9850.0,0,0,0,695000,Maruti Suzuki Swift-Dzire
Honda,Brio,2012,12,50000.0,0,1,0,239999,Honda Brio
Mercedes-Benz,GLE,2022,2,20400.0,1,0,1,7200000,Mercedes-Benz GLE
Ford,Ecosport,2015,9,125000.0,0,0,0,445000,Ford Ecosport
Honda,Amaze,2014,10,52000.0,1,1,0,425000,Honda Amaze
Maruti Suzuki,Wagon-R,2007,17,85000.0,0,1,0,200000,Maruti Suzuki Wagon-R
Maruti Suzuki,Esteem,2005,19,55000.0,0,0,0,80000,Maruti Suzuki Esteem
Audi,A4,2016,8,44000.0,1,1,1,1195000,Audi A4
Audi,Q3,2015,9,100000.0,1,1,1,1200000,Audi Q3
Maruti Suzuki,800,2014,10,34500.0,0,1,0,240000,Maruti Suzuki 800
Mercedes-Benz,S-Class,2019,5,29000.0,1,1,1,9500000,Mercedes-Benz S-Class
Hyundai,Verna,2019,5,37000.0,0,1,0,825000,Hyundai Verna
Mercedes-Benz,M-Class,2011,13,10010.0,1,1,1,810000,Mercedes-Benz M-Class
Toyota,Fortuner,2014,10,185000.0,0,1,1,1351000,Toyota Fortuner
BMW,3 Series,2020,4,25000.0,1,0,0,3785111,BMW 3 Series
Maruti Suzuki,800,2000,24,50000.0,0,1,0,90000,Maruti Suzuki 800
Hyundai,i20,2018,6,75000.0,0,1,1,700000,Hyundai i20
Maruti Suzuki,Wagon R,2012,12,60000.0,0,0,0,295000,Maruti Suzuki Wagon R
Maruti Suzuki,Grand Vitara,2024,0,1600.0,0,0,0,1350000,Maruti Suzuki Grand Vitara
Toyota,Innova Crysta,2017,7,120000.0,0,1,1,1775000,Toyota Innova Crysta
Mahindra,Alturas G4,2019,5,71150.0,1,1,1,1500000,Mahindra Alturas G4
Honda,City,2022,2,16000.0,1,0,0,1385000,Honda City
Mahindra,XUV500,2017,7,95999.0,1,0,1,975000,Mahindra XUV500
Hyundai,Verna,2022,2,40000.0,1,0,1,1399000,Hyundai Verna
Mercedes-Benz,C-Class,2015,9,68000.0,1,1,1,2700000,Mercedes-Benz C-Class
Toyota,Etios,2012,12,92000.0,0,1,1,249999,Toyota Etios
Audi,A4,2011,13,29300.0,1,1,0,799999,Audi A4
Toyota,Land Cruiser,2018,6,60000.0,1,0,1,16400000,Toyota Land Cruiser
Mitsubishi,Outlander,2010,14,98000.0,1,0,0,490000,Mitsubishi Outlander
Maruti Suzuki,Celerio,2022,2,39270.0,1,0,0,585000,Maruti Suzuki Celerio
Mercedes-Benz,GLS,2017,7,88927.0,1,0,0,5500000,Mercedes-Benz GLS
Toyota,Etios,2011,13,78000.0,0,1,0,190000,Toyota Etios
Maruti Suzuki,XL6,2020,4,38000.0,0,0,0,1150000,Maruti Suzuki XL6
Maruti Suzuki,XL6,2019,5,61231.0,1,0,0,825101,Maruti Suzuki XL6
Mercedes-Benz,GLE COUPE,2021,3,32000.0,1,1,0,11800000,Mercedes-Benz GLE COUPE
Audi,A3,2015,9,42000.0,1,1,1,1050000,Audi A3
Renault,Duster,2014,10,105000.0,0,1,1,215000,Renault Duster
Kia,Carens,2022,2,24000.0,1,0,1,1920000,Kia Carens
Ford,Ecosport,2014,10,75000.0,0,0,1,425000,Ford Ecosport
Maruti Suzuki,S-Presso,2021,3,14000.0,1,0,0,475000,Maruti Suzuki S-Presso
Mahindra,Scorpio,2016,8,70013.0,1,0,1,1180000,Mahindra Scorpio
Mahindra,Marazzo,2020,4,75000.0,0,1,1,745000,Mahindra Marazzo
Tata,Tiago,2017,7,71352.0,0,1,0,325000,Tata Tiago
Hyundai,Elantra,2014,10,53000.0,1,0,0,575000,Hyundai Elantra
Hyundai,Verna,2013,11,78000.0,0,1,0,405000,Hyundai Verna
Audi,Q5,2018,6,110000.0,1,1,1,2300000,Audi Q5
Mahindra,XUV500,2013,11,95000.0,0,1,1,515000,Mahindra XUV500
Hyundai,i20,2019,5,21000.0,0,0,0,585000,Hyundai i20
Mercedes-Benz,GLS,2022,2,95000.0,1,1,1,5300000,Mercedes-Benz GLS
Honda,City,2004,20,80000.0,0,1,0,95000,Honda City
Honda,City,2018,6,15000.0,0,0,0,769999,Honda City
Hyundai,Creta,2015,9,142000.0,0,0,1,525000,Hyundai Creta
Volkswagen,Passat,2011,13,83800.0,1,1,1,550000,Volkswagen Passat
BMW,5 Series,2016,8,47000.0,1,1,1,2500000,BMW 5 Series
BMW,3 Series,2013,11,57000.0,1,0,1,1200000,BMW 3 Series
Honda,Amaze,2018,6,124000.0,0,0,1,695000,Honda Amaze
Volkswagen,VentoTest,2011,13,60000.0,0,0,0,269000,Volkswagen VentoTest
Maruti Suzuki,maruti-suzuki-dzire,2018,6,21000.0,1,1,0,555000,Maruti Suzuki maruti-suzuki-dzire
Maruti Suzuki,Ciaz,2017,7,54000.0,0,0,0,640000,Maruti Suzuki Ciaz
Ford,Endeavour,2018,6,136000.0,1,0,1,1990000,Ford Endeavour
Hyundai,Verna,2021,3,65000.0,0,1,0,890000,Hyundai Verna
Kia,Sonet,2021,3,730000.0,1,1,0,930000,Kia Sonet
BMW,3 Series,2012,12,51000.0,1,1,1,699000,BMW 3 Series
Tata,Altroz,2023,1,59500.0,0,0,1,950000,Tata Altroz
Honda,City,2019,5,49000.0,1,0,0,1021000,Honda City
Maruti Suzuki,S-Cross,2017,7,113000.0,0,1,1,595000,Maruti Suzuki S-Cross
Hyundai,Creta,2015,9,72000.0,1,0,1,825000,Hyundai Creta
Renault,KWID,2018,6,38000.0,1,1,0,380000,Renault KWID
Toyota,Innova,2012,12,0.0,0,1,1,595000,Toyota Innova
Mahindra,Alturas G4,2022,2,25000.0,1,0,1,2690000,Mahindra Alturas G4
Maruti Suzuki,Ertiga,2016,8,65000.0,0,1,1,560000,Maruti Suzuki Ertiga
Maruti Suzuki,Alto,2008,16,100000.0,0,1,0,98000,Maruti Suzuki Alto
Maruti Suzuki,Swift Dzire,2019,5,16000.0,1,0,1,850000,Maruti Suzuki Swift Dzire
Toyota,Etios Cross,2016,8,45250.0,0,1,0,459000,Toyota Etios Cross
Maruti Suzuki,Ertiga,2012,12,73100.0,0,1,0,535000,Maruti Suzuki Ertiga
Mahindra,Thar,2022,2,58600.0,1,0,1,1800000,Mahindra Thar
Volkswagen,Polo,2019,5,47000.0,0,1,1,890000,Volkswagen Polo
Audi,A6,2010,14,57000.0,1,1,0,465000,Audi A6
Renault,KWID,2021,3,7000.0,0,0,0,385000,Renault KWID
Tata,Nexon,2022,2,5000.0,1,0,0,1125000,Tata Nexon
Maruti Suzuki,Wagon-R,2017,7,36000.0,0,0,0,394000,Maruti Suzuki Wagon-R
Mercedes-Benz,GLA,2023,1,7500.0,1,0,1,5500000,Mercedes-Benz GLA
Honda,City,2021,3,38000.0,1,0,0,1195000,Honda City
Renault,Triber,2020,4,27500.0,0,0,0,520000,Renault Triber
Mercedes-Benz,GLE Class,2016,8,48000.0,1,1,1,2875000,Mercedes-Benz GLE Class
Mahindra,Marazzo,2018,6,87000.0,0,0,1,700000,Mahindra Marazzo
Maruti Suzuki,Celerio,2015,9,63000.0,1,0,0,385000,Maruti Suzuki Celerio
Mahindra,Scorpio,2010,14,102000.0,0,0,1,285999,Mahindra Scorpio
Honda,City,2013,11,87000.0,0,1,0,575000,Honda City
Jeep,Compass,2018,6,92000.0,0,1,1,900000,Jeep Compass
Ford,Figo,2013,11,82008.0,0,1,1,128999,Ford Figo
Honda,City,2018,6,38000.0,1,1,0,715000,Honda City
Honda,City,2013,11,79000.0,1,1,0,530000,Honda City
Maruti Suzuki,S-Presso,2020,4,55000.0,0,1,0,340000,Maruti Suzuki S-Presso
Mahindra,Bolero,2012,12,138500.0,0,1,1,609000,Mahindra Bolero
Volkswagen,Polo,2016,8,102000.0,0,1,0,550000,Volkswagen Polo
Skoda,Superb,2018,6,0.0,1,0,0,1399999,Skoda Superb
Skoda,Rapid,2016,8,78000.0,0,0,1,539999,Skoda Rapid
Kia,Sonet,2022,2,29000.0,1,0,1,1260000,Kia Sonet
Chevrolet,Beat,2014,10,85000.0,1,1,1,99000,Chevrolet Beat
Maruti Suzuki,Grand Vitara,2024,0,2480.0,0,0,0,1350000,Maruti Suzuki Grand Vitara
Toyota,Innova,2014,10,155000.0,0,0,1,825000,Toyota Innova
Hyundai,i20,2012,12,180000.0,0,0,1,299000,Hyundai i20
Renault,Duster,2014,10,95000.0,0,0,1,449000,Renault Duster
Hyundai,Accent,2009,15,54000.0,0,1,0,125000,Hyundai Accent
Maruti Suzuki,Brezza,2017,7,68000.0,0,1,1,570000,Maruti Suzuki Brezza
Audi,A4,2009,15,85120.0,1,1,0,975000,Audi A4
Honda,City,2012,12,66147.0,1,1,0,351000,Honda City
Mahindra,Marshal,2000,24,55000.0,0,1,1,15000,Mahindra Marshal
Maruti Suzuki,Wagon-R,2017,7,82000.0,0,1,0,395000,Maruti Suzuki Wagon-R
Ford,Endeavour,2017,7,91535.0,1,1,1,1895000,Ford Endeavour
Maruti Suzuki,Celerio,2017,7,80000.0,0,1,0,240000,Maruti Suzuki Celerio
Maruti Suzuki,Ritz,2011,13,78000.0,0,1,0,310000,Maruti Suzuki Ritz
Volkswagen,Vento,2012,12,65000.0,0,0,1,380000,Volkswagen Vento
Mercedes-Benz,M-Class,2015,9,75000.0,1,0,1,2450000,Mercedes-Benz M-Class
Tata,Tiago,2017,7,120000.0,0,0,1,425000,Tata Tiago
Maruti Suzuki,Swift,2018,6,75000.0,1,1,1,525000,Maruti Suzuki Swift
Maruti Suzuki,Swift-Dzire-Tour,2018,6,121331.0,1,0,1,525000,Maruti Suzuki Swift-Dzire-Tour
Kia,Seltos,2022,2,85000.0,0,0,1,1160000,Kia Seltos
Renault,KWID,2017,7,65663.0,1,1,0,325000,Renault KWID
Volkswagen,VentoTest,2018,6,68000.0,1,1,1,799999,Volkswagen VentoTest
Hyundai,Creta,2022,2,25000.0,1,0,0,1650000,Hyundai Creta
Honda,City,2003,21,70000.0,0,1,0,230000,Honda City
Maruti Suzuki,Grand Vitara,2024,0,1600.0,0,0,0,1350000,Maruti Suzuki Grand Vitara
Maruti Suzuki,Alto-K10,2015,9,450000.0,1,0,0,310000,Maruti Suzuki Alto-K10
Mahindra,Jeep,1990,34,9000.0,0,1,1,250000,Mahindra Jeep
BMW,7 Series,2010,14,91000.0,1,0,1,999000,BMW 7 Series
Hyundai,Creta,2022,2,48000.0,0,0,1,1620000,Hyundai Creta
BMW,X7,2022,2,32000.0,1,0,1,10700000,BMW X7
MG,Hector Plus,2022,2,11000.0,1,0,0,1850000,MG Hector Plus
Maruti Suzuki,Ertiga,2019,5,38500.0,0,1,0,799000,Maruti Suzuki Ertiga
Honda,City,2020,4,60766.0,1,0,0,1150000,Honda City
Hyundai,Eon,2018,6,43000.0,0,1,0,280000,Hyundai Eon
BMW,3 Series GT,2015,9,61000.0,1,1,1,1500000,BMW 3 Series GT
Skoda,Fabia,2008,16,80000.0,0,1,0,235000,Skoda Fabia
Tata,Indigo Ecs,2014,10,95000.0,0,1,1,250000,Tata Indigo Ecs
Maruti Suzuki,XL6,2019,5,52500.0,0,1,0,875000,Maruti Suzuki XL6
Audi,A5,2011,13,90000.0,1,1,1,1275000,Audi A5
Renault,Duster,2013,11,96000.0,0,1,1,350000,Renault Duster
Toyota,Fortuner,2015,9,155000.0,1,1,1,1745000,Toyota Fortuner
Hyundai,Eon,2014,10,62000.0,0,0,0,185000,Hyundai Eon
Volkswagen,Polo,2013,11,75000.0,0,1,1,295000,Volkswagen Polo
BMW,3 Series,2014,10,90000.0,1,1,1,1260000,BMW 3 Series
BMW,5 Series,2018,6,82000.0,1,1,1,2475000,BMW 5 Series
Maruti Suzuki,XL6,2021,3,45000.0,0,1,0,1025000,Maruti Suzuki XL6
Hyundai,Verna,2011,13,132000.0,1,1,0,310000,Hyundai Verna
Maruti Suzuki,Sx4,2009,15,69000.0,0,1,0,270000,Maruti Suzuki Sx4
Maruti Suzuki,Swift-Dzire,2014,10,58000.0,0,1,0,425000,Maruti Suzuki Swift-Dzire
Honda,City,2020,4,69000.0,0,0,0,899000,Honda City
Maruti Suzuki,Jimny,2023,1,1800.0,1,0,0,1450000,Maruti Suzuki Jimny
Land Rover,Range Rover Sport,2011,13,73000.0,1,1,1,1850000,Land Rover Range Rover Sport
Mahindra,XUV500,2016,8,100000.0,0,0,1,650000,Mahindra XUV500
Chevrolet,Tavera,2008,16,95000.0,1,1,1,130000,Chevrolet Tavera
Hyundai,Grand i10 Nios,2020,4,40000.0,0,0,0,565000,Hyundai Grand i10 Nios
Hyundai,Verna,2018,6,110000.0,1,0,1,990000,Hyundai Verna
Ford,Ecosport,2017,7,82000.0,1,0,0,575000,Ford Ecosport
Maruti Suzuki,Wagon-R,2016,8,14352.0,1,1,0,372000,Maruti Suzuki Wagon-R
Volkswagen,CrossPolo,2015,9,61000.0,0,1,0,375000,Volkswagen CrossPolo
Hyundai,Grand i10,2017,7,42000.0,0,0,0,445000,Hyundai Grand i10
Mini,Cooper Countryman,2013,11,38000.0,1,1,0,2100000,Mini Cooper Countryman
Toyota,Innova,2013,11,146000.0,0,1,1,649000,Toyota Innova
Maruti Suzuki,Ciaz,2015,9,82000.0,0,1,1,375000,Maruti Suzuki Ciaz
Maruti Suzuki,Ritz,2011,13,120000.0,0,1,1,220000,Maruti Suzuki Ritz
Honda,Jazz,2018,6,21500.0,1,0,0,660000,Honda Jazz
Maruti Suzuki,Vitara-Brezza,2017,7,72000.0,0,0,1,595000,Maruti Suzuki Vitara-Brezza
Maruti Suzuki,Swift,2015,9,100000.0,0,1,1,525000,Maruti Suzuki Swift
Maruti Suzuki,Swift,2018,6,65000.0,1,0,1,540000,Maruti Suzuki Swift
Honda,City,2016,8,59000.0,1,1,0,725000,Honda City
Mahindra,Scorpio,2018,6,84000.0,0,0,1,1185000,Mahindra Scorpio
Mini,Cooper Countryman,2015,9,72000.0,1,1,0,1475000,Mini Cooper Countryman
Honda,Amaze,2014,10,110000.0,0,0,0,365000,Honda Amaze
Nissan,Terrano,2015,9,74000.0,0,1,1,315000,Nissan Terrano
Mercedes-Benz,E-Class,2009,15,60000.0,1,1,0,550000,Mercedes-Benz E-Class
Renault,KWID,2019,5,34000.0,1,0,0,365000,Renault KWID
Toyota,Innova,2012,12,12000.0,0,1,1,950000,Toyota Innova
Toyota,Fortuner,2015,9,170000.0,1,0,1,1225000,Toyota Fortuner
Mahindra,Marazzo,2018,6,75000.0,0,1,1,725000,Mahindra Marazzo
Hyundai,i20,2016,8,80000.0,0,0,0,430000,Hyundai i20
Mahindra,XUV500,2018,6,15000.0,0,0,1,1395000,Mahindra XUV500
Volvo,S60,2015,9,62000.0,1,0,1,725000,Volvo S60
Maruti Suzuki,Celerio,2014,10,51000.0,1,1,0,345000,Maruti Suzuki Celerio
Maruti Suzuki,Ertiga,2013,11,99000.0,0,0,1,590000,Maruti Suzuki Ertiga
Honda,City,2021,3,38000.0,1,0,0,1198000,Honda City
Toyota,Innova,2009,15,141000.0,0,1,1,425000,Toyota Innova
Mercedes-Benz,S-Class,2014,10,66000.0,1,1,1,3800000,Mercedes-Benz S-Class
Hyundai,i10,2009,15,38600.0,0,0,0,215000,Hyundai i10
Toyota,Corolla Altis,2017,7,101500.0,0,1,0,750000,Toyota Corolla Altis
Hyundai,Grand i10,2016,8,64000.0,0,0,0,410000,Hyundai Grand i10
Toyota,2.8 Legender 4X2,2022,2,69000.0,1,0,1,4090000,Toyota 2.8 Legender 4X2
Toyota,Glanza,2021,3,22000.0,0,1,0,840000,Toyota Glanza
Hyundai,Venue,2019,5,50000.0,0,0,1,955000,Hyundai Venue
Tata,Tiago,2017,7,29000.0,0,0,0,410000,Tata Tiago
Mercedes-Benz,CLS-Class,2013,11,129000.0,1,1,1,1750000,Mercedes-Benz CLS-Class
Mercedes-Benz,GLS,2020,4,60000.0,1,0,1,9850000,Mercedes-Benz GLS
Kia,Seltos,2020,4,50000.0,1,1,1,1400000,Kia Seltos
Hyundai,Creta,2021,3,33000.0,1,0,0,1245000,Hyundai Creta
Toyota,Fortuner,2014,10,96000.0,1,1,1,1995000,Toyota Fortuner
Hyundai,i20,2014,10,62500.0,0,1,0,349000,Hyundai i20
Hyundai,Santro Xing,2011,13,130000.0,0,0,0,185000,Hyundai Santro Xing
Renault,Duster,2018,6,83000.0,1,1,1,925000,Renault Duster
Maruti Suzuki,S-Cross1,2018,6,82758.0,0,1,1,610000,Maruti Suzuki S-Cross1
Honda,City,2016,8,109000.0,0,1,1,640000,Honda City
Ford,Ecosport,2017,7,65000.0,0,0,1,525000,Ford Ecosport
Renault,KWID,2019,5,5800.0,1,0,0,299000,Renault KWID
Ford,Ecosport,2020,4,92000.0,0,1,1,830000,Ford Ecosport
Honda,WRV,2018,6,59000.0,0,1,1,845000,Honda WRV
Toyota,Urban Cruiser,2022,2,18000.0,1,0,0,865000,Toyota Urban Cruiser
Mercedes-Benz,E-Class,2014,10,84000.0,1,1,1,1395000,Mercedes-Benz E-Class
Ford,Ecosport,2014,10,70000.0,0,1,1,221000,Ford Ecosport
Maruti Suzuki,Swift,2018,6,45000.0,0,0,0,545000,Maruti Suzuki Swift
Maruti Suzuki,Wagon-R,2016,8,48231.0,0,0,0,335101,Maruti Suzuki Wagon-R
Mahindra,XUV500,2021,3,78000.0,1,0,1,1500000,Mahindra XUV500
Maruti Suzuki,Celerio,2019,5,65000.0,0,0,0,480000,Maruti Suzuki Celerio
Hyundai,i20,2023,1,58000.0,0,0,1,925000,Hyundai i20
Nissan,Terrano,2016,8,98000.0,0,0,1,620000,Nissan Terrano
BMW,7 Series,2021,3,18000.0,1,0,1,8400000,BMW 7 Series
Ford,Ecosport,2014,10,31000.0,1,1,0,491000,Ford Ecosport
Renault,Duster,2017,7,89000.0,0,0,1,745000,Renault Duster
Toyota,Fortuner,2021,3,65000.0,1,0,1,3851000,Toyota Fortuner
Audi,A6,2017,7,95000.0,1,1,1,1895000,Audi A6
Honda,Jazz,2017,7,91000.0,1,0,0,471000,Honda Jazz
Mercedes-Benz,S-Class,2016,8,46000.0,1,0,0,7300000,Mercedes-Benz S-Class
Mercedes-Benz,AMG GLE Coupe,2020,4,50000.0,1,1,0,9900000,Mercedes-Benz AMG GLE Coupe
Volkswagen,Polo,2018,6,70000.0,0,1,0,549000,Volkswagen Polo
Honda,City,2015,9,75000.0,1,1,0,585000,Honda City
Maruti Suzuki,Swift,2022,2,33000.0,1,0,0,755000,Maruti Suzuki Swift
Mini,Countryman,2012,12,7400.0,1,1,0,1250000,Mini Countryman
Renault,KWID,2016,8,13340.0,1,0,0,335000,Renault KWID
Hyundai,Creta,2023,1,21000.0,0,0,1,1495000,Hyundai Creta
Ford,Ecosport,2017,7,57000.0,0,0,1,540000,Ford Ecosport
Hyundai,i10,2008,16,77000.0,0,1,0,145000,Hyundai i10
Tata,Harrier,2020,4,102000.0,1,0,1,1550000,Tata Harrier
Audi,A6,2011,13,51000.0,1,1,0,1350000,Audi A6
Mahindra,Bolero,2015,9,130222.0,0,0,1,460000,Mahindra Bolero
Maruti Suzuki,Alto-K10,2015,9,59552.0,1,1,0,340000,Maruti Suzuki Alto-K10
Tata,Nano,2011,13,40000.0,0,1,0,45000,Tata Nano
Hyundai,Grand i10,2015,9,114000.0,1,1,0,375000,Hyundai Grand i10
Hyundai,Creta,2024,0,3100.0,1,0,0,2190000,Hyundai Creta
Audi,A6,2015,9,82000.0,1,0,1,1670000,Audi A6
Chevrolet,Sail U-VA,2013,11,73500.0,0,1,1,219000,Chevrolet Sail U-VA
Hyundai,Grand i10,2019,5,68000.0,0,1,0,475000,Hyundai Grand i10
Maruti Suzuki,Baleno,2018,6,31000.0,1,0,0,685000,Maruti Suzuki Baleno
Maruti Suzuki,Ertiga,2019,5,73110.0,0,0,1,1145000,Maruti Suzuki Ertiga
Mahindra,Scorpio,2016,8,58580.0,0,1,1,985000,Mahindra Scorpio
Hyundai,i20,2022,2,13262.0,1,0,0,985000,Hyundai i20
Toyota,Fortuner,2022,2,35000.0,1,0,1,4200000,Toyota Fortuner
Tata,Nano,2015,9,47000.0,1,1,0,269000,Tata Nano
Toyota,Innova,2008,16,100000.0,0,1,1,335000,Toyota Innova
Chevrolet,Enjoy,2014,10,150000.0,0,1,1,350000,Chevrolet Enjoy
Toyota,Innova,2012,12,200000.0,0,1,1,599000,Toyota Innova
Mercedes-Benz,GLS,2022,2,28000.0,1,0,0,11800000,Mercedes-Benz GLS
Mahindra,XUV700,2023,1,17000.0,1,0,1,2570000,Mahindra XUV700
Toyota,Innova,2013,11,130000.0,0,1,1,985000,Toyota Innova
Honda,Mobilio,2015,9,133000.0,0,1,1,950000,Honda Mobilio
Renault,Duster,2017,7,105000.0,0,0,1,645000,Renault Duster
Volkswagen,Polo,2011,13,85000.0,0,1,1,225000,Volkswagen Polo
Hyundai,Grand i10,2017,7,31000.0,0,1,0,475000,Hyundai Grand i10
Mahindra,TUV,2015,9,53000.0,0,1,1,395000,Mahindra TUV
Renault,Fluence,2012,12,102506.0,1,1,0,315000,Renault Fluence
Mercedes-Benz,GL-Class,2013,11,92203.0,1,1,1,2751000,Mercedes-Benz GL-Class
Honda,City ZX,2020,4,70000.0,1,1,0,1100000,Honda City ZX
Maruti Suzuki,Ciaz,2015,9,148000.0,0,1,1,680000,Maruti Suzuki Ciaz
Tata,Nexon,2019,5,39000.0,0,0,1,675000,Tata Nexon
Kia,Seltos,2021,3,46000.0,0,0,1,1085000,Kia Seltos
Chevrolet,Beat,2012,12,105000.0,0,1,1,210000,Chevrolet Beat
Nissan,Micra,2016,8,54000.0,1,0,0,399000,Nissan Micra
Maruti Suzuki,Alto,2012,12,20.0,0,1,0,175000,Maruti Suzuki Alto
Maruti Suzuki,Swift,2021,3,15505.0,0,1,0,590000,Maruti Suzuki Swift
Lexus,NX,2018,6,40000.0,1,1,0,4250000,Lexus NX
Ford,Fiesta,2011,13,96000.0,0,1,1,110000,Ford Fiesta
Mahindra,Bolero,2017,7,3.0,0,0,1,350000,Mahindra Bolero
Renault,Pulse,2014,10,64000.0,0,1,0,175000,Renault Pulse
Maruti Suzuki,800,2006,18,65328.0,0,1,0,45000,Maruti Suzuki 800
Mercedes-Benz,E-Class,2010,14,31300.0,1,0,0,1800000,Mercedes-Benz E-Class
Maruti Suzuki,Ciaz,2015,9,84000.0,0,1,1,460000,Maruti Suzuki Ciaz
Tata,Zest,2014,10,86000.0,0,1,1,379000,Tata Zest
Maruti Suzuki,Alto,2012,12,85000.0,0,1,0,145000,Maruti Suzuki Alto
Hyundai,Elite i20,2018,6,64000.0,0,0,0,490000,Hyundai Elite i20
Maruti Suzuki,Alto-800,2010,14,75200.0,0,1,0,149999,Maruti Suzuki Alto-800
Audi,A3,2016,8,99000.0,1,1,1,949000,Audi A3
Maruti Suzuki,S-Presso,2022,2,25000.0,1,0,0,525000,Maruti Suzuki S-Presso
Toyota,Innova Crysta,2016,8,88500.0,1,0,1,2125000,Toyota Innova Crysta
Hyundai,i20 Active,2015,9,79864.0,0,1,1,535000,Hyundai i20 Active
Hyundai,Santro,2019,5,29000.0,1,1,0,425000,Hyundai Santro
Honda,Amaze,2018,6,124000.0,0,0,1,695000,Honda Amaze
Skoda,Rapid,2012,12,87000.0,0,0,1,320000,Skoda Rapid
Maruti Suzuki,Eeco,2013,11,90000.0,0,1,0,255000,Maruti Suzuki Eeco
Hyundai,Verna,2018,6,63000.0,1,0,1,1100000,Hyundai Verna
Maruti Suzuki,Brezza,2019,5,84000.0,1,1,1,865000,Maruti Suzuki Brezza
Maruti Suzuki,Eeco,2020,4,32000.0,0,0,0,460000,Maruti Suzuki Eeco
Honda,City,2015,9,41000.0,1,1,0,645000,Honda City
Renault,KWID,2017,7,60000.0,1,0,0,310000,Renault KWID
Toyota,Innova Crysta,2022,2,15000.0,0,0,1,2340000,Toyota Innova Crysta
Hyundai,Verna,2016,8,57000.0,0,0,0,590000,Hyundai Verna
Chevrolet,Tavera,2008,16,95000.0,1,1,1,130000,Chevrolet Tavera
Hyundai,Elantra,2014,10,68000.0,0,0,1,399999,Hyundai Elantra
Toyota,Corolla Altis,2015,9,68000.0,1,1,0,600000,Toyota Corolla Altis
Audi,A3,2015,9,42000.0,1,1,1,1050000,Audi A3
Mahindra,Scorpio,2019,5,87000.0,0,0,1,1450000,Mahindra Scorpio
Volvo,XC60,2015,9,155600.0,1,1,1,1295000,Volvo XC60
Hyundai,Sonata,2014,10,78000.0,1,1,0,475000,Hyundai Sonata
Maruti Suzuki,Celerio,2020,4,28000.0,0,0,0,500000,Maruti Suzuki Celerio
Mini,3 DOOR,2015,9,65000.0,1,0,1,2000000,Mini 3 DOOR
Maruti Suzuki,Eeco,2012,12,68000.0,0,0,0,265000,Maruti Suzuki Eeco
Maruti Suzuki,Swift-Dzire,2014,10,60000.0,0,0,1,320000,Maruti Suzuki Swift-Dzire
Hyundai,Grand i10,2015,9,63000.0,1,1,0,375000,Hyundai Grand i10
Volkswagen,Polo,2021,3,57300.0,1,1,0,1100000,Volkswagen Polo
Honda,City,2017,7,55000.0,1,1,0,721000,Honda City
Renault,Duster,2019,5,106000.0,0,0,1,700000,Renault Duster
Hyundai,i10,2011,13,58000.0,0,0,0,290000,Hyundai i10
Hyundai,Creta,2022,2,112000.0,0,0,1,1375000,Hyundai Creta
Jeep,Compass,2019,5,67000.0,1,0,0,1395000,Jeep Compass
Toyota,Innova,2015,9,125000.0,0,1,1,775000,Toyota Innova
Toyota,Corolla Altis,2011,13,128000.0,0,0,1,369999,Toyota Corolla Altis
Maruti Suzuki,Swift-Dzire,2018,6,27000.0,1,1,0,615000,Maruti Suzuki Swift-Dzire
Volkswagen,Polo,2019,5,18000.0,1,0,0,799999,Volkswagen Polo
Mercedes-Benz,CLA,2019,5,48000.0,1,1,1,3450000,Mercedes-Benz CLA
Maruti Suzuki,Wagon-R-1-0,2018,6,64344.0,1,0,0,400000,Maruti Suzuki Wagon-R-1-0
Honda,Civic,2008,16,12.0,0,1,0,120000,Honda Civic
Toyota,Fortuner,2022,2,45000.0,1,0,1,4100000,Toyota Fortuner
Skoda,Rapid,2012,12,76000.0,0,1,1,435000,Skoda Rapid
Maruti Suzuki,Ignis,2018,6,44000.0,0,0,0,460000,Maruti Suzuki Ignis
Mahindra,XUV700,2022,2,75000.0,1,0,1,1800000,Mahindra XUV700
Maruti Suzuki,Swift,2017,7,25000.0,0,1,0,415000,Maruti Suzuki Swift
Hyundai,Creta,2020,4,67000.0,1,0,0,1465000,Hyundai Creta
Honda,Amaze,2015,9,85000.0,0,1,1,390000,Honda Amaze
Toyota,Innova,2015,9,125000.0,0,0,1,649000,Toyota Innova
Maruti Suzuki,Wagon-R,2007,17,85000.0,0,1,0,200000,Maruti Suzuki Wagon-R
Hyundai,Verna,2019,5,56000.0,1,0,0,775000,Hyundai Verna
Mercedes-Benz,GLA,2022,2,20500.0,1,0,0,4950000,Mercedes-Benz GLA
Volkswagen,Polo,2017,7,77142.0,0,1,0,460000,Volkswagen Polo
Honda,City,2011,13,55000.0,1,1,0,299000,Honda City
Nissan,Micra,2012,12,75000.0,0,1,0,180000,Nissan Micra
Hyundai,Verna,2012,12,128000.0,0,1,1,350000,Hyundai Verna
Honda,City,2017,7,49000.0,1,0,0,885000,Honda City
Tata,Tiago Nrg,2021,3,,1,0,0,430000,Tata Tiago Nrg
Mahindra,XUV500,2013,11,61000.0,0,0,1,491000,Mahindra XUV500
Maruti Suzuki,Swift,2007,17,111702.0,0,1,0,190000,Maruti Suzuki Swift
Maruti Suzuki,Omni,2018,6,46000.0,0,0,0,289999,Maruti Suzuki Omni
Mahindra,Scorpio,2015,9,141000.0,0,1,1,775000,Mahindra Scorpio
Porsche,718,2018,6,15000.0,1,1,0,8000000,Porsche 718
Volkswagen,Vento,2011,13,114000.0,0,1,1,375000,Volkswagen Vento
Renault,KWID,2017,7,63663.0,1,1,0,325000,Renault KWID
BMW,1 Series,2013,11,120000.0,1,1,1,975000,BMW 1 Series
Hyundai,i20,2011,13,36300.0,0,1,0,195000,Hyundai i20
Audi,Q3,2017,7,86000.0,1,1,1,1700000,Audi Q3
Hyundai,Eon,2018,6,35000.0,0,0,0,310000,Hyundai Eon
Maruti Suzuki,Swift,2015,9,80000.0,0,1,1,360000,Maruti Suzuki Swift
Maruti Suzuki,Swift,2018,6,62000.0,0,0,0,515000,Maruti Suzuki Swift
Renault,Pulse,2013,11,88000.0,0,1,1,280000,Renault Pulse
Renault,Duster,2014,10,90200.0,0,0,1,480000,Renault Duster
MG,Hector,2023,1,20000.0,1,1,0,1750000,MG Hector
Maruti Suzuki,Wagon-R,2017,7,43000.0,1,1,0,425000,Maruti Suzuki Wagon-R
Volkswagen,VentoTest,2011,13,88000.0,0,1,0,199000,Volkswagen VentoTest
Honda,Amaze,2015,9,35000.0,0,0,0,490000,Honda Amaze
Maruti Suzuki,Swift-Dzire,2020,4,39800.0,0,0,0,530000,Maruti Suzuki Swift-Dzire
Honda,Amaze,2015,9,65000.0,0,0,0,450000,Honda Amaze
Maruti Suzuki,Alto-800,2020,4,59000.0,0,1,0,335000,Maruti Suzuki Alto-800
Skoda,Rapid,2017,7,67000.0,1,0,1,745000,Skoda Rapid
Audi,A4,2015,9,135000.0,1,1,1,1650000,Audi A4
Tata,Nexon,2020,4,69000.0,1,0,0,624000,Tata Nexon
Honda,City,2016,8,67000.0,1,1,0,675000,Honda City
Maruti Suzuki,Swift,2024,0,2600.0,1,0,0,865000,Maruti Suzuki Swift
BMW,X3,2016,8,50000.0,1,1,1,2050000,BMW X3
Tata,Altroz,2022,2,11400.0,0,0,0,699000,Tata Altroz
Maruti Suzuki,Swift-Dzire,2012,12,64000.0,0,0,0,390000,Maruti Suzuki Swift-Dzire
Jeep,Compass,2019,5,72000.0,1,1,1,1865000,Jeep Compass
Audi,A4,2016,8,98000.0,1,1,1,1375000,Audi A4
Tata,Hexa,2017,7,90000.0,0,1,1,700000,Tata Hexa
Hyundai,Creta,2017,7,82000.0,1,0,1,730000,Hyundai Creta
Hyundai,Grand i10,2018,6,55000.0,0,1,0,435000,Hyundai Grand i10
Toyota,Fortuner,2023,1,20000.0,1,0,1,3850000,Toyota Fortuner
Mercedes-Benz,E-Class,2012,12,101000.0,1,1,1,825000,Mercedes-Benz E-Class
Mercedes-Benz,M-Class,2014,10,86000.0,1,0,1,1475000,Mercedes-Benz M-Class
Maruti Suzuki,Ertiga,2014,10,141000.0,0,0,1,649000,Maruti Suzuki Ertiga
Volkswagen,VentoTest,2016,8,56000.0,1,1,0,449000,Volkswagen VentoTest
Honda,Jazz,2016,8,69000.0,1,1,0,510000,Honda Jazz
Volkswagen,VentoTest,2016,8,65000.0,1,1,0,499999,Volkswagen VentoTest
Toyota,Innova Crysta,2020,4,108000.0,0,0,1,1895000,Toyota Innova Crysta
Maruti Suzuki,Wagon-R,2014,10,70000.0,0,0,0,335000,Maruti Suzuki Wagon-R
Honda,Jazz,2015,9,36500.0,1,0,0,450000,Honda Jazz
Volvo,S 80,2012,12,138000.0,1,0,1,655000,Volvo S 80
Maruti Suzuki,Alto-K10,2017,7,84000.0,0,1,0,300000,Maruti Suzuki Alto-K10
Maruti Suzuki,Swift-Dzire,2009,15,160000.0,0,1,1,300000,Maruti Suzuki Swift-Dzire
Hyundai,Elite i20,2015,9,46000.0,0,1,0,575000,Hyundai Elite i20
Skoda,Octavia,2017,7,51000.0,1,0,0,890000,Skoda Octavia
Volkswagen,Polo,2021,3,30000.0,1,0,0,1230000,Volkswagen Polo
Honda,CRV,2017,7,113000.0,1,1,0,1450000,Honda CRV
Jeep,Compass,2017,7,65000.0,0,1,1,875000,Jeep Compass
Toyota,Innova,2015,9,198000.0,0,0,1,775000,Toyota Innova
Ford,Endeavour,2012,12,116574.0,1,1,1,850000,Ford Endeavour
Maruti Suzuki,Dzire,2021,3,15000.0,1,0,0,795000,Maruti Suzuki Dzire
Maruti Suzuki,Swift-Dzire,2021,3,64000.0,1,0,0,650000,Maruti Suzuki Swift-Dzire
Honda,Jazz,2018,6,81000.0,1,0,0,625000,Honda Jazz
Hyundai,Aura,2021,3,20000.0,0,1,0,565000,Hyundai Aura
Maruti Suzuki,Swift,2023,1,16000.0,1,0,0,845000,Maruti Suzuki Swift
Hyundai,i20,2022,2,7700.0,0,0,0,760000,Hyundai i20
Mercedes-Benz,M-Class,2014,10,120000.0,1,0,1,2400000,Mercedes-Benz M-Class
Maruti Suzuki,Swift,2023,1,11000.0,1,0,0,725000,Maruti Suzuki Swift
Maruti Suzuki,Ertiga,2020,4,18000.0,0,0,0,899000,Maruti Suzuki Ertiga
Maruti Suzuki,Eeco,2020,4,30000.0,1,0,0,350000,Maruti Suzuki Eeco
BMW,6 Series,2018,6,52000.0,1,0,1,4325111,BMW 6 Series
Toyota,Innova Crysta,2018,6,80000.0,0,0,1,2100000,Toyota Innova Crysta
Toyota,Innova Crysta,2018,6,53000.0,1,1,1,1399999,Toyota Innova Crysta
Tata,Indigo Ecs,2016,8,43500.0,0,1,1,260000,Tata Indigo Ecs
Hyundai,Eon,2016,8,50000.0,0,0,0,335000,Hyundai Eon
Toyota,Fortuner,2012,12,185000.0,1,1,1,1350000,Toyota Fortuner
Honda,WRV,2017,7,84000.0,0,0,1,525000,Honda WRV
Skoda,Kodiaq,2021,3,25296.0,1,0,0,3299000,Skoda Kodiaq
Renault,Duster,2019,5,79200.0,1,0,1,712000,Renault Duster
Skoda,Rapid,2019,5,60110.0,1,1,0,545000,Skoda Rapid
Toyota,Fortuner,2023,1,6400.0,1,0,1,4250000,Toyota Fortuner
Maruti Suzuki,Swift-Dzire,2015,9,58200.0,0,1,0,445000,Maruti Suzuki Swift-Dzire
Maruti Suzuki,Alto-800,2013,11,16231.0,0,0,0,185101,Maruti Suzuki Alto-800
Maruti Suzuki,Swift-Dzire,2019,5,65000.0,1,0,1,615000,Maruti Suzuki Swift-Dzire
Hyundai,i10,2009,15,16000.0,1,0,0,325000,Hyundai i10
Hyundai,Santro Xing,2006,18,32950.0,0,1,0,105000,Hyundai Santro Xing
Mercedes-Benz,GL-Class,2013,11,100000.0,1,1,1,2400000,Mercedes-Benz GL-Class
Maruti Suzuki,Ertiga,2017,7,68000.0,0,0,1,675000,Maruti Suzuki Ertiga
Toyota,Innova Crysta,2016,8,125000.0,1,0,1,1270000,Toyota Innova Crysta
Hyundai,Alcazar,2021,3,40500.0,1,0,0,1659000,Hyundai Alcazar
MG,Hector,2020,4,45000.0,1,1,0,1225000,MG Hector
Honda,Jazz,2012,12,59600.0,0,1,0,250000,Honda Jazz
Hyundai,Elantra,2015,9,80000.0,0,0,0,585000,Hyundai Elantra
Maruti Suzuki,Swift-Dzire-Tour,2016,8,107000.0,0,1,1,385000,Maruti Suzuki Swift-Dzire-Tour
Maruti Suzuki,Alto-K10,2013,11,65321.0,0,0,0,189101,Maruti Suzuki Alto-K10
Mercedes-Benz,C-Class,2010,14,130000.0,1,1,1,750000,Mercedes-Benz C-Class
Jaguar,XF,2016,8,76000.0,1,1,1,2500000,Jaguar XF
Maruti Suzuki,Swift-Dzire,2017,7,32000.0,1,1,0,720000,Maruti Suzuki Swift-Dzire
Volkswagen,VentoTest,2017,7,56300.0,0,1,0,599999,Volkswagen VentoTest
Maruti Suzuki,Ritz,2010,14,195000.0,0,1,0,250000,Maruti Suzuki Ritz
Datsun,Redi Go,2019,5,15698.0,1,1,0,280000,Datsun Redi Go
Maruti Suzuki,Swift,2010,14,120000.0,1,1,1,130000,Maruti Suzuki Swift
MG,Hector,2023,1,7600.0,1,0,0,2185000,MG Hector
Maruti Suzuki,Alto,2005,19,60000.0,0,1,0,75000,Maruti Suzuki Alto
Mercedes-Benz,GLA,2022,2,16500.0,1,0,1,4950000,Mercedes-Benz GLA
Mercedes-Benz,GLC,2017,7,15000.0,1,0,1,4290000,Mercedes-Benz GLC
Jeep,Meridian,2023,1,16000.0,1,0,1,3495000,Jeep Meridian
Renault,Duster,2013,11,98325.0,0,1,1,265000,Renault Duster
Maruti Suzuki,Alto-K10,2016,8,75000.0,0,1,0,238000,Maruti Suzuki Alto-K10
BMW,3 Series GT,2015,9,61000.0,1,1,1,1500000,BMW 3 Series GT
Volkswagen,Polo,2021,3,14500.0,0,1,0,575000,Volkswagen Polo
Force,Motors FM Gurkha,2022,2,21000.0,0,0,1,1025000,Force Motors FM Gurkha
Hyundai,Santa Fe,2014,10,62394.0,1,1,1,799999,Hyundai Santa Fe
Mahindra,XUV500,2016,8,95000.0,0,0,1,745000,Mahindra XUV500
Nissan,Kicks,2019,5,125000.0,0,0,1,775000,Nissan Kicks
Honda,City,2014,10,61000.0,0,1,0,475000,Honda City
Hyundai,i10,2016,8,41258.0,0,0,0,335000,Hyundai i10
Maruti Suzuki,Alto-K10,2018,6,46000.0,1,0,0,345000,Maruti Suzuki Alto-K10
Hyundai,Verna,2013,11,82000.0,0,1,1,392000,Hyundai Verna
Maruti Suzuki,Wagon-R,2006,18,59700.0,0,1,0,145000,Maruti Suzuki Wagon-R
Honda,City,2011,13,75875.0,1,1,0,295000,Honda City
Renault,KWID,2019,5,60000.0,1,1,0,320000,Renault KWID
Hyundai,Creta,2015,9,76000.0,0,1,1,865000,Hyundai Creta
Toyota,Fortuner,2015,9,130000.0,0,1,1,1250000,Toyota Fortuner
Ford,Endeavour,2017,7,78000.0,1,0,1,1999000,Ford Endeavour
Maruti Suzuki,Wagon R,2009,15,61000.0,0,1,0,126000,Maruti Suzuki Wagon R
Maruti Suzuki,Swift,2012,12,72000.0,0,1,0,335000,Maruti Suzuki Swift
Audi,Q5,2014,10,77000.0,1,1,1,1849999,Audi Q5
Audi,A3,2016,8,94000.0,1,0,1,1399000,Audi A3
Maruti Suzuki,Swift,2012,12,125000.0,1,0,1,340000,Maruti Suzuki Swift
Hyundai,Verna,2016,8,64000.0,0,0,1,590000,Hyundai Verna
Hyundai,Fluidic Verna,2013,11,64000.0,1,1,1,465000,Hyundai Fluidic Verna
Maruti Suzuki,Swift,2014,10,106000.0,0,1,1,470000,Maruti Suzuki Swift
Tata,Nano,2016,8,39000.0,1,0,0,239999,Tata Nano
Maruti Suzuki,Swift,2015,9,102000.0,0,1,1,410000,Maruti Suzuki Swift
Mini,Cooper Convertible,2019,5,25000.0,1,1,0,3850000,Mini Cooper Convertible
Hyundai,Grand i10,2016,8,25000.0,1,0,0,495000,Hyundai Grand i10
Hyundai,Elantra,2015,9,53500.0,0,0,1,700000,Hyundai Elantra
Maruti Suzuki,Ertiga,2019,5,73000.0,0,0,1,1090000,Maruti Suzuki Ertiga
Mitsubishi,Outlander,2009,15,64800.0,1,1,0,549200,Mitsubishi Outlander
BMW,3 Series,2013,11,75000.0,1,1,1,799000,BMW 3 Series
Maruti Suzuki,Swift,2009,15,169000.0,0,1,1,295000,Maruti Suzuki Swift
MG,Hector,2021,3,36000.0,1,0,0,1600000,MG Hector
Maruti Suzuki,Ciaz,2015,9,74000.0,0,0,1,495000,Maruti Suzuki Ciaz
Toyota,Innova,2012,12,250000.0,0,1,1,799999,Toyota Innova
Maruti Suzuki,Wagon-R-1-0,2016,8,44000.0,1,1,0,375000,Maruti Suzuki Wagon-R-1-0
Volkswagen,Polo,2013,11,163000.0,0,0,1,310000,Volkswagen Polo
Maruti Suzuki,Ertiga,2016,8,50000.0,0,0,1,700000,Maruti Suzuki Ertiga
Ford,Ecosport,2017,7,48082.0,1,0,0,665000,Ford Ecosport
Tata,Harrier,2022,2,31000.0,1,0,1,2050000,Tata Harrier
Mercedes-Benz,GLE Class,2018,6,60000.0,1,1,1,4500000,Mercedes-Benz GLE Class
Maruti Suzuki,Swift-Dzire,2018,6,43000.0,1,0,0,520000,Maruti Suzuki Swift-Dzire
Hyundai,Grand i10 Nios,2022,2,18400.0,1,0,0,850000,Hyundai Grand i10 Nios
Tata,Tigor,2022,2,4600.0,1,1,0,675000,Tata Tigor
Maruti Suzuki,Vitara Brezza,2018,6,72000.0,1,0,1,765000,Maruti Suzuki Vitara Brezza
Honda,Civic,2019,5,45000.0,1,0,0,1550000,Honda Civic
Mahindra,XUV500,2017,7,90000.0,0,0,1,995000,Mahindra XUV500
Maruti Suzuki,Vitara-Brezza,2018,6,117000.0,1,1,1,785000,Maruti Suzuki Vitara-Brezza
BMW,3 Series Gran Limousine,2012,12,51000.0,1,1,1,649000,BMW 3 Series Gran Limousine
Mercedes-Benz,GLS,2017,7,53000.0,1,0,1,5175111,Mercedes-Benz GLS
Maruti Suzuki,Swift,2018,6,66000.0,1,1,0,575000,Maruti Suzuki Swift
Volkswagen,Jetta,2014,10,89000.0,1,0,1,750000,Volkswagen Jetta
Chevrolet,Beat,2014,10,67000.0,0,1,1,145000,Chevrolet Beat
Audi,Q5,2018,6,57000.0,1,0,0,2900000,Audi Q5
Mercedes-Benz,C-Class,2017,7,60000.0,1,0,1,3150000,Mercedes-Benz C-Class
Toyota,Innova,2010,14,101412.0,0,1,1,395000,Toyota Innova
Porsche,718,2018,6,15000.0,1,1,0,8000000,Porsche 718
Honda,City,2015,9,68530.0,0,0,0,475000,Honda City
Maruti Suzuki,Grand Vitara,2024,0,1600.0,0,0,0,1350000,Maruti Suzuki Grand Vitara
Tata,Harrier,2019,5,73000.0,0,0,1,1149000,Tata Harrier
Maruti Suzuki,Wagon-R,2018,6,62000.0,0,1,0,397000,Maruti Suzuki Wagon-R
Honda,Amaze,2015,9,40500.0,0,1,0,415000,Honda Amaze
Maruti Suzuki,800,2014,10,48000.0,1,1,0,180000,Maruti Suzuki 800
Hyundai,Verna,2018,6,70111.0,0,0,1,1025000,Hyundai Verna
Hyundai,Eon,2017,7,68000.0,0,1,0,265000,Hyundai Eon
BMW,3 Series,2013,11,57000.0,1,0,1,1200000,BMW 3 Series
Tata,Nano,2015,9,34000.0,0,0,0,70000,Tata Nano
Honda,City,2014,10,170000.0,0,1,1,670000,Honda City
Land Rover,Range Rover Sport,2023,1,18650.0,1,0,1,16500000,Land Rover Range Rover Sport
Volkswagen,VentoTest,2012,12,47000.0,0,0,1,298000,Volkswagen VentoTest
Chevrolet,Cruze,2016,8,65000.0,1,1,1,525000,Chevrolet Cruze
Kia,Carnival,2020,4,61000.0,1,0,1,3000000,Kia Carnival
Hyundai,Grand i10,2014,10,51000.0,0,1,0,375000,Hyundai Grand i10
Hyundai,Venue,2022,2,3000.0,0,0,0,1160000,Hyundai Venue
Hyundai,Creta,2020,4,70000.0,1,1,0,1155000,Hyundai Creta
Honda,Brio,2013,11,76000.0,0,1,0,185000,Honda Brio
Maruti Suzuki,Baleno,2020,4,52450.0,0,0,0,610000,Maruti Suzuki Baleno
Mahindra,XUV500,2014,10,100000.0,0,1,1,470000,Mahindra XUV500
Maruti Suzuki,Ciaz,2015,9,83000.0,0,1,1,425000,Maruti Suzuki Ciaz
Hyundai,i10,2010,14,64000.0,0,0,0,249999,Hyundai i10
Maruti Suzuki,Wagon-R,2017,7,95000.0,0,1,0,280000,Maruti Suzuki Wagon-R
Maruti Suzuki,Swift,2015,9,52000.0,0,0,0,345000,Maruti Suzuki Swift
Maruti Suzuki,Swift-Dzire,2020,4,750000.0,0,0,1,520000,Maruti Suzuki Swift-Dzire
Ford,Figo,2011,13,68000.0,0,0,0,149000,Ford Figo
Honda,Jazz,2016,8,90500.0,0,1,1,485000,Honda Jazz
Jeep,Compass,2018,6,86000.0,0,1,1,849000,Jeep Compass
Toyota,Etios,2013,11,85000.0,0,0,1,275000,Toyota Etios
Maruti Suzuki,Swift,2021,3,38000.0,0,0,0,715000,Maruti Suzuki Swift
Renault,Triber,2022,2,35000.0,1,0,0,735000,Renault Triber
Audi,Q3,2018,6,58000.0,1,1,1,2375000,Audi Q3
BMW,X3,2019,5,50000.0,1,1,1,4000000,BMW X3
Maruti Suzuki,Vitara-Brezza,2017,7,72000.0,0,0,1,590000,Maruti Suzuki Vitara-Brezza
Mahindra,XUV500,2014,10,78000.0,0,1,1,715000,Mahindra XUV500
Maruti Suzuki,Alto-K10,2016,8,41000.0,1,1,0,255000,Maruti Suzuki Alto-K10
Fiat,Punto,2012,12,69500.0,0,0,1,199999,Fiat Punto
Hyundai,Fluidic Verna,2020,4,50400.0,0,1,0,965000,Hyundai Fluidic Verna
Toyota,Fortuner,2018,6,100000.0,0,1,1,2700000,Toyota Fortuner
Honda,City,2014,10,9876.0,0,0,1,400000,Honda City
Maruti Suzuki,Swift Dzire,2012,12,58000.0,1,1,0,400000,Maruti Suzuki Swift Dzire
Jaguar,XF,2018,6,28650.0,1,1,0,2850000,Jaguar XF
Renault,Triber,2020,4,26700.0,1,0,0,624999,Renault Triber
Audi,A4,2015,9,41000.0,1,1,1,1035000,Audi A4
Kia,Seltos,2022,2,20890.0,1,1,0,1445000,Kia Seltos
Mercedes-Benz,GLA Class,2019,5,14700.0,1,0,1,3475000,Mercedes-Benz GLA Class
Hyundai,i20,2015,9,54000.0,0,0,0,375000,Hyundai i20
Maruti Suzuki,Ertiga,2016,8,199600.0,0,1,1,775000,Maruti Suzuki Ertiga
Mercedes-Benz,E-Class,2015,9,34000.0,1,0,1,1465000,Mercedes-Benz E-Class
Mahindra,Thar,2021,3,26000.0,1,1,0,1490000,Mahindra Thar
Mahindra,Thar,2013,11,16872.0,0,1,1,950000,Mahindra Thar
Hyundai,i10,2017,7,70000.0,1,1,1,450000,Hyundai i10
Mercedes-Benz,E-Class,2024,0,8000.0,1,0,0,6175000,Mercedes-Benz E-Class
Maruti Suzuki,Ignis,2022,2,33506.0,0,0,0,544000,Maruti Suzuki Ignis
Hyundai,Eon,2018,6,48000.0,0,1,0,265000,Hyundai Eon
Maruti Suzuki,Ertiga,2013,11,83000.0,0,1,1,710000,Maruti Suzuki Ertiga
Tata,Safari,2021,3,54000.0,1,0,1,1495000,Tata Safari
Hyundai,Venue,2020,4,30000.0,1,0,0,890000,Hyundai Venue
Skoda,Rapid,2019,5,72000.0,1,1,1,1000000,Skoda Rapid
Audi,Q7,2016,8,63000.0,1,0,1,3850000,Audi Q7
Honda,City ZX,2006,18,92000.0,0,1,0,130000,Honda City ZX
Kia,Carnival,2021,3,47000.0,1,0,1,2990000,Kia Carnival
Maruti Suzuki,Vitara Brezza,2019,5,35000.0,1,1,1,675000,Maruti Suzuki Vitara Brezza
Hyundai,i10,2009,15,58496.0,0,1,0,80000,Hyundai i10
Renault,Triber,2020,4,26000.0,1,0,0,625000,Renault Triber
Hyundai,i10,2014,10,29000.0,0,1,0,260000,Hyundai i10
Hyundai,i10,2010,14,74000.0,0,1,0,99000,Hyundai i10
Audi,A6,2014,10,113000.0,1,0,1,1225000,Audi A6
Audi,A6,2014,10,68000.0,1,1,1,749999,Audi A6
Hyundai,Eon,2014,10,63000.0,0,0,0,201000,Hyundai Eon
Toyota,Innova Crysta,2018,6,77000.0,1,0,1,1650000,Toyota Innova Crysta
Maruti Suzuki,Swift-Dzire,2018,6,73000.0,0,0,0,639000,Maruti Suzuki Swift-Dzire
BMW,2 Series,2022,2,2000.0,1,0,0,3765000,BMW 2 Series
Mahindra,Thar,2021,3,34000.0,1,0,0,1325000,Mahindra Thar
Toyota,Innova Crysta,2017,7,46000.0,1,1,1,2300000,Toyota Innova Crysta
Hyundai,i10,2009,15,69000.0,1,1,0,288000,Hyundai i10
BMW,3 Series,2013,11,57000.0,1,0,1,1200000,BMW 3 Series
Maruti Suzuki,Eeco,2014,10,81388.0,0,0,0,275000,Maruti Suzuki Eeco
Hyundai,Eon,2014,10,41500.0,0,0,0,249000,Hyundai Eon
Honda,City,2022,2,27000.0,0,0,0,1098000,Honda City
Mercedes-Benz,GLE Class,2016,8,850000.0,1,0,1,2600000,Mercedes-Benz GLE Class
Mercedes-Benz,C-Class,2019,5,70000.0,1,0,1,3450000,Mercedes-Benz C-Class
Honda,Jazz,2015,9,53000.0,1,1,0,449999,Honda Jazz
Hyundai,Verna,2012,12,53750.0,1,1,0,325000,Hyundai Verna
Toyota,Innova Crysta,2017,7,171000.0,0,0,1,1475000,Toyota Innova Crysta
Hyundai,Grand i10 Nios,2020,4,100000.0,0,0,0,549000,Hyundai Grand i10 Nios
Maruti Suzuki,Wagon-R,2017,7,79000.0,1,0,0,440000,Maruti Suzuki Wagon-R
Maruti Suzuki,S-Cross,2018,6,106000.0,0,1,1,825000,Maruti Suzuki S-Cross
Hyundai,i10,2012,12,67000.0,1,1,0,298000,Hyundai i10
Toyota,Glanza,2019,5,64000.0,0,0,0,689000,Toyota Glanza
Maruti Suzuki,Vitara Brezza,2016,8,8788.0,1,0,1,500000,Maruti Suzuki Vitara Brezza
Hyundai,Creta,2016,8,108000.0,0,0,1,925000,Hyundai Creta
Maruti Suzuki,800,2012,12,110000.0,0,1,0,120000,Maruti Suzuki 800
Mahindra,Thar,2022,2,27000.0,1,1,0,1290000,Mahindra Thar
Renault,KWID,2016,8,23.0,0,1,0,210000,Renault KWID
Mercedes-Benz,GLA Class,2017,7,32600.0,1,1,0,1750000,Mercedes-Benz GLA Class
Honda,City,2016,8,33950.0,1,0,0,650000,Honda City
Tata,Nexon,2019,5,67231.0,0,0,1,539101,Tata Nexon
Honda,WR-V,2018,6,55000.0,0,0,0,650000,Honda WR-V
Tata,Altroz,2020,4,74000.0,0,0,0,580000,Tata Altroz
Maruti Suzuki,Wagon R,2011,13,110858.0,0,0,0,210000,Maruti Suzuki Wagon R
Mahindra,Scorpio N,2022,2,29000.0,1,0,1,2149999,Mahindra Scorpio N
Nissan,PATROL,2019,5,35000.0,0,0,0,220000,Nissan PATROL
Mercedes-Benz,B Class,2014,10,41000.0,1,1,0,1040000,Mercedes-Benz B Class
MG,ASTOR,2022,2,47200.0,1,0,0,1190000,MG ASTOR
Audi,Q7,2014,10,45000.0,1,1,1,1200000,Audi Q7
Maruti Suzuki,Vitara-Brezza,2019,5,75000.0,1,0,1,725000,Maruti Suzuki Vitara-Brezza
Maruti Suzuki,Celerio,2018,6,82000.0,1,0,0,425000,Maruti Suzuki Celerio
Mahindra,TUV 300,2015,9,53000.0,0,1,1,425000,Mahindra TUV 300
Toyota,Corolla Altis,2015,9,74000.0,1,1,0,649000,Toyota Corolla Altis
Maruti Suzuki,Swift,2012,12,158000.0,0,1,1,315000,Maruti Suzuki Swift
Skoda,Rapid,2013,11,150000.0,0,1,1,425000,Skoda Rapid
Toyota,Fortuner,2017,7,190000.0,0,1,1,2400000,Toyota Fortuner
Maruti Suzuki,Ciaz,2020,4,19000.0,1,1,0,925000,Maruti Suzuki Ciaz
Maruti Suzuki,maruti-suzuki-brezza,2021,3,18000.0,0,0,0,740000,Maruti Suzuki maruti-suzuki-brezza
Ford,Ecosport,2015,9,72000.0,1,1,1,450000,Ford Ecosport
Maruti Suzuki,Ritz,2011,13,65500.0,0,1,0,190000,Maruti Suzuki Ritz
Hyundai,Eon,2017,7,68000.0,0,1,0,265000,Hyundai Eon
Toyota,Glanza,2022,2,9000.0,0,0,0,775000,Toyota Glanza
Chevrolet,Sail,2013,11,27000.0,0,0,0,175000,Chevrolet Sail
BMW,X4,2021,3,20000.0,1,0,0,6000000,BMW X4
Maruti Suzuki,Swift-Dzire-Tour,2018,6,120000.0,0,1,1,499000,Maruti Suzuki Swift-Dzire-Tour
Hyundai,Grand i10,2015,9,68500.0,0,0,1,345000,Hyundai Grand i10
MG,Hector Plus,2024,0,15000.0,1,0,0,2175000,MG Hector Plus
Audi,A3,2015,9,42000.0,1,1,1,1050000,Audi A3
Ford,Figo Aspire,2016,8,37000.0,1,0,0,435000,Ford Figo Aspire
Hyundai,i10,2011,13,51000.0,1,1,0,140000,Hyundai i10
BMW,3 Series,2012,12,53000.0,1,1,1,735000,BMW 3 Series
Mercedes-Benz,M-Class,2013,11,68000.0,1,1,1,1950000,Mercedes-Benz M-Class
Kia,Seltos,2022,2,25000.0,1,0,0,1525000,Kia Seltos
Toyota,Innova Crysta,2017,7,97000.0,0,1,1,1100000,Toyota Innova Crysta
Mahindra,XUV500,2017,7,59000.0,0,0,1,1500000,Mahindra XUV500
Skoda,Octavia,2013,11,75000.0,1,1,0,565000,Skoda Octavia
Hyundai,Grand i10,2015,9,57000.0,0,1,0,380000,Hyundai Grand i10
Hyundai,Creta,2019,5,64000.0,1,0,0,1040000,Hyundai Creta
Maruti Suzuki,A-Star,2009,15,82000.0,0,1,0,130000,Maruti Suzuki A-Star
Renault,KWID,2017,7,65000.0,1,1,0,320000,Renault KWID
Land Rover,Discovery,2017,7,72000.0,1,0,1,2149000,Land Rover Discovery
Toyota,Fortuner,2018,6,11000.0,0,0,1,3095000,Toyota Fortuner
Chevrolet,Cruze,2013,11,90000.0,1,0,1,440000,Chevrolet Cruze
Skoda,Superb,2011,13,90000.0,1,1,0,400000,Skoda Superb
Mahindra,Marazzo,2020,4,168000.0,0,1,1,700000,Mahindra Marazzo
BMW,5 Series,2016,8,47000.0,1,1,1,2500000,BMW 5 Series
Maruti Suzuki,Swift,2019,5,58900.0,1,0,0,495000,Maruti Suzuki Swift
Maruti Suzuki,Swift,2022,2,52000.0,1,0,0,645000,Maruti Suzuki Swift
Mercedes-Benz,C-Class,2014,10,86000.0,1,1,1,895000,Mercedes-Benz C-Class
Honda,City,2021,3,43000.0,1,0,0,1040000,Honda City
Skoda,Rapid,2021,3,34000.0,1,0,0,840000,Skoda Rapid
Mahindra,Scorpio,2020,4,15.0,1,0,1,1350000,Mahindra Scorpio
Hyundai,i20,2015,9,87000.0,0,0,1,450000,Hyundai i20
Maruti Suzuki,Baleno,2015,9,81000.0,0,1,1,570000,Maruti Suzuki Baleno
Honda,WRV,2017,7,47000.0,1,1,0,575002,Honda WRV
MG,Hector Plus,2023,1,15744.0,1,0,0,1599999,MG Hector Plus
Honda,City,2014,10,78000.0,0,0,1,595000,Honda City
Maruti Suzuki,Wagon-R,2019,5,25000.0,1,1,0,525000,Maruti Suzuki Wagon-R
Hyundai,Verna,2018,6,74000.0,1,0,0,880000,Hyundai Verna
Hyundai,Santro,2007,17,75000.0,0,1,0,165000,Hyundai Santro
Toyota,Yaris,2018,6,61000.0,1,1,0,580000,Toyota Yaris
Honda,Amaze,2014,10,62000.0,1,0,0,350000,Honda Amaze
Renault,Duster,2017,7,130000.0,0,0,1,590000,Renault Duster
Toyota,Fortuner,2018,6,130000.0,1,1,1,2849000,Toyota Fortuner
Mercedes-Benz,GLC,2017,7,151000.0,1,1,1,2850000,Mercedes-Benz GLC
Mahindra,XUV500,2018,6,95000.0,0,1,1,1280000,Mahindra XUV500
Audi,Q5,2011,13,103000.0,1,1,1,851000,Audi Q5
Hyundai,i20,2012,12,149175.0,0,1,1,315000,Hyundai i20
Toyota,Corolla Altis,2011,13,52000.0,0,1,0,343000,Toyota Corolla Altis
Hyundai,Creta,2020,4,70000.0,0,0,1,1499000,Hyundai Creta
Mercedes-Benz,E-Class,2009,15,21000.0,1,1,1,475000,Mercedes-Benz E-Class
Renault,Lodgy,2016,8,119000.0,0,0,1,560000,Renault Lodgy
Mercedes-Benz,M-Class,2014,10,135000.0,1,0,1,1645000,Mercedes-Benz M-Class
Tata,Nexon,2018,6,52000.0,1,0,0,645000,Tata Nexon
Toyota,Fortuner,2020,4,54000.0,1,0,1,3400000,Toyota Fortuner
Maruti Suzuki,Swift,2015,9,74566.0,0,1,1,345000,Maruti Suzuki Swift
Mahindra,Thar,2022,2,32500.0,1,0,1,1775000,Mahindra Thar
Maruti Suzuki,Swift,2022,2,60000.0,0,1,0,550000,Maruti Suzuki Swift
Tata,Harrier,2020,4,29000.0,0,0,1,1075000,Tata Harrier
Skoda,Kushaq,2023,1,17694.0,1,0,0,1850000,Skoda Kushaq
Maruti Suzuki,XL6,2021,3,25524.0,1,0,0,1149000,Maruti Suzuki XL6
Honda,City,2016,8,91000.0,0,0,1,550000,Honda City
Maruti Suzuki,maruti-suzuki-dzire,2013,11,70000.0,0,1,0,295000,Maruti Suzuki maruti-suzuki-dzire
Renault,Duster,2014,10,85000.0,0,0,1,285000,Renault Duster
Maruti Suzuki,Zen-Estilo,2004,20,170000.0,0,1,1,110000,Maruti Suzuki Zen-Estilo
Mercedes-Benz,GLE Class,2024,0,4000.0,1,0,1,10200000,Mercedes-Benz GLE Class
MG,Hector,2023,1,42000.0,0,0,1,2025000,MG Hector
Maruti Suzuki,800,2008,16,56000.0,0,1,0,150000,Maruti Suzuki 800
Maruti Suzuki,Grand Vitara,2024,0,1600.0,0,0,0,1350000,Maruti Suzuki Grand Vitara
Maruti Suzuki,Alto-800,2022,2,25000.0,0,1,0,345000,Maruti Suzuki Alto-800
Maruti Suzuki,Wagon-R,2007,17,118000.0,0,1,0,150000,Maruti Suzuki Wagon-R
Mahindra,Scorpio,2016,8,82000.0,0,0,1,775000,Mahindra Scorpio
Skoda,Superb,2016,8,60000.0,1,1,0,1650000,Skoda Superb
Honda,CRV,2013,11,57000.0,1,1,0,715000,Honda CRV
Honda,Amaze,2013,11,45000.0,0,0,0,395000,Honda Amaze
Honda,Amaze,2022,2,16000.0,0,0,0,665000,Honda Amaze
Toyota,Fortuner,2021,3,36000.0,1,0,1,3750000,Toyota Fortuner
Maruti Suzuki,Celerio,2018,6,55000.0,1,0,0,392000,Maruti Suzuki Celerio
Toyota,Innova Crysta,2016,8,174000.0,1,1,1,1550000,Toyota Innova Crysta
Ford,Figo Aspire,2019,5,60000.0,0,0,1,469000,Ford Figo Aspire
Tata,Sumo Grande MK II,2013,11,42000.0,0,1,1,275000,Tata Sumo Grande MK II
Hyundai,Grand i10,2018,6,28000.0,1,1,0,525000,Hyundai Grand i10
Maruti Suzuki,Alto-800,2021,3,13000.0,0,1,0,440000,Maruti Suzuki Alto-800
Renault,KWID,2016,8,77000.0,0,0,0,255000,Renault KWID
Hyundai,Creta,2021,3,45000.0,1,0,1,1699000,Hyundai Creta
Maruti Suzuki,Alto-K10,2019,5,80000.0,1,1,0,280000,Maruti Suzuki Alto-K10
Audi,A6,2015,9,89000.0,1,0,1,890000,Audi A6
Jeep,Compass,2018,6,53213.0,0,1,1,860000,Jeep Compass
Hyundai,i20,2011,13,53000.0,0,1,0,230000,Hyundai i20
Maruti Suzuki,Wagon R,2018,6,64000.0,1,0,0,451000,Maruti Suzuki Wagon R
Honda,City,2016,8,80000.0,0,0,1,580000,Honda City
Mercedes-Benz,V-Class,2019,5,20000.0,1,0,1,6300000,Mercedes-Benz V-Class
Maruti Suzuki,Celerio,2017,7,61000.0,1,1,0,455000,Maruti Suzuki Celerio
Volvo,S80,2015,9,75000.0,1,0,1,1350000,Volvo S80
Maruti Suzuki,Swift-Dzire,2018,6,33251.0,1,1,0,550000,Maruti Suzuki Swift-Dzire
Maruti Suzuki,Alto-800,2014,10,86000.0,0,0,0,300000,Maruti Suzuki Alto-800
Honda,Brio,2013,11,54000.0,0,0,0,335000,Honda Brio
Audi,A3,2015,9,42000.0,1,1,1,1050000,Audi A3
Maruti Suzuki,Swift,2016,8,158000.0,0,1,1,450000,Maruti Suzuki Swift
Maruti Suzuki,Ertiga,2013,11,70000.0,0,1,1,580000,Maruti Suzuki Ertiga
Honda,Amaze,2021,3,78000.0,1,1,1,1075000,Honda Amaze
Mahindra,Verito,2013,11,112000.0,0,1,1,360000,Mahindra Verito
Hyundai,Creta,2019,5,29569.0,1,0,0,1100000,Hyundai Creta
Honda,Brio,2012,12,92500.0,1,0,0,200000,Honda Brio
Toyota,Fortuner,2012,12,220000.0,1,1,1,1245000,Toyota Fortuner
Hyundai,i10,2008,16,90000.0,0,0,0,199999,Hyundai i10
Mahindra,Thar,2024,0,8000.0,0,0,1,1550000,Mahindra Thar
Nissan,Terrano,2017,7,80000.0,1,1,1,745000,Nissan Terrano
Mercedes-Benz,GL-Class,2018,6,72000.0,1,1,1,4800000,Mercedes-Benz GL-Class
Maruti Suzuki,Grand Vitara,2023,1,8400.0,0,0,0,1450000,Maruti Suzuki Grand Vitara
Maruti Suzuki,Ignis,2019,5,520000.0,0,0,0,450000,Maruti Suzuki Ignis
Honda,City ZX,2008,16,145000.0,0,1,0,160000,Honda City ZX
Volkswagen,Polo,2020,4,87244.0,0,0,0,725000,Volkswagen Polo
Renault,KWID,2016,8,88000.0,1,1,0,180000,Renault KWID
Volvo,XC 90,2009,15,94000.0,1,1,1,1250000,Volvo XC 90
Maruti Suzuki,Celerio X,2018,6,38000.0,1,1,0,400000,Maruti Suzuki Celerio X
Maruti Suzuki,Vitara-Brezza,2017,7,69500.0,0,1,1,514999,Maruti Suzuki Vitara-Brezza
Mahindra,XUV500,2016,8,24000.0,0,1,1,625000,Mahindra XUV500
Honda,City,2022,2,10000.0,1,0,0,1299000,Honda City
Tata,Nexon,2020,4,55000.0,1,0,0,695000,Tata Nexon
Toyota,Innova,2012,12,151000.0,0,0,1,895000,Toyota Innova
Toyota,Fortuner,2015,9,73500.0,0,1,1,1390000,Toyota Fortuner
Kia,Sonet,2020,4,20200.0,1,0,0,1000000,Kia Sonet
Toyota,Innova Crysta,2018,6,162000.0,1,1,1,1875000,Toyota Innova Crysta
Volkswagen,Polo,2021,3,73000.0,1,0,0,891000,Volkswagen Polo
Hyundai,EON,2017,7,56000.0,0,0,0,278000,Hyundai EON
Maruti Suzuki,Eeco,2023,1,35000.0,0,1,0,600000,Maruti Suzuki Eeco
Ford,Figo Aspire,2016,8,113546.0,1,1,0,389999,Ford Figo Aspire
Kia,Seltos,2021,3,9020.0,0,0,0,1300000,Kia Seltos
Maruti Suzuki,Celerio,2015,9,20460.0,1,1,0,475000,Maruti Suzuki Celerio
Volkswagen,Polo,2011,13,130000.0,0,1,1,250000,Volkswagen Polo
BMW,7 Series,2009,15,40000.0,1,0,0,1000000,BMW 7 Series
Mahindra,XUV500,2015,9,67000.0,0,0,1,650000,Mahindra XUV500
Hyundai,Verna,2018,6,51000.0,0,1,0,695000,Hyundai Verna
Mercedes-Benz,GLE,2022,2,24000.0,1,0,0,9500000,Mercedes-Benz GLE
BMW,3 Series GT,2019,5,44000.0,1,0,1,3000000,BMW 3 Series GT
Honda,City,2014,10,99920.0,1,1,0,460000,Honda City
Mercedes-Benz,CLA,2015,9,69000.0,1,1,0,1499000,Mercedes-Benz CLA
Maruti Suzuki,Vitara-Brezza,2020,4,62302.0,0,0,0,729000,Maruti Suzuki Vitara-Brezza
Mahindra,Bolero Power Plus,2011,13,165786.0,0,1,1,275000,Mahindra Bolero Power Plus
Honda,Jazz,2015,9,62000.0,1,1,0,490000,Honda Jazz
Audi,A4,2012,12,77000.0,1,0,0,697000,Audi A4
Jeep,Compass,2018,6,68000.0,1,0,0,1049999,Jeep Compass
Kia,Sonet,2021,3,84000.0,1,0,0,875000,Kia Sonet
Mercedes-Benz,CLA,2019,5,48000.0,1,1,1,3450000,Mercedes-Benz CLA
Volkswagen,Polo GTI,2015,9,56000.0,1,0,0,520000,Volkswagen Polo GTI
Mahindra,Thar,2018,6,106000.0,0,0,1,790000,Mahindra Thar
Tata,Tigor,2019,5,67321.0,0,0,0,389101,Tata Tigor
BMW,7 Series,2013,11,61000.0,1,1,1,851000,BMW 7 Series
Renault,KWID,2021,3,73146.0,0,0,0,300000,Renault KWID
Maruti Suzuki,Swift-Dzire,2010,14,92000.0,0,0,1,320000,Maruti Suzuki Swift-Dzire
Toyota,Fortuner,2015,9,68000.0,1,0,1,2275000,Toyota Fortuner
BMW,5 Series,2011,13,100000.0,1,0,1,1350000,BMW 5 Series
Hyundai,Verna,2021,3,55000.0,0,0,0,1045000,Hyundai Verna
Kia,Seltos,2021,3,47000.0,1,0,0,1475000,Kia Seltos
Renault,Kiger,2022,2,10000.0,1,0,0,695000,Renault Kiger
Maruti Suzuki,Swift-Dzire,2012,12,69000.0,0,1,0,365000,Maruti Suzuki Swift-Dzire
Maruti Suzuki,Swift,2016,8,102000.0,0,1,0,385000,Maruti Suzuki Swift
BMW,X7,2020,4,25700.0,1,1,0,10900000,BMW X7
Maruti Suzuki,Ertiga,2018,6,65000.0,1,1,0,675000,Maruti Suzuki Ertiga
Ford,Fiesta,2009,15,68000.0,0,1,1,225000,Ford Fiesta
Skoda,Slavia,2022,2,4950.0,1,0,0,1670000,Skoda Slavia
Honda,City ZX,2007,17,56000.0,0,1,0,99999,Honda City ZX
Mahindra,Scorpio Classic,2020,4,80000.0,0,1,1,1325000,Mahindra Scorpio Classic
Renault,Triber,2020,4,17000.0,0,0,0,545000,Renault Triber
Toyota,Camry,2013,11,95000.0,1,0,0,750000,Toyota Camry
Mahindra,XUV700,2022,2,39000.0,1,0,0,1950000,Mahindra XUV700
Hyundai,Creta,2019,5,68000.0,1,1,0,1175000,Hyundai Creta
Kia,Sonet,2020,4,35000.0,0,0,0,950000,Kia Sonet
Toyota,Etios,2019,5,178000.0,0,1,1,850000,Toyota Etios
Maruti Suzuki,Swift-Dzire,2021,3,81000.0,0,0,0,615000,Maruti Suzuki Swift-Dzire
Maruti Suzuki,Vitara Brezza,2020,4,48000.0,0,0,0,885000,Maruti Suzuki Vitara Brezza
Toyota,Etios,2017,7,150000.0,0,1,1,700000,Toyota Etios
Maruti Suzuki,Alto-800,2022,2,21000.0,0,0,0,395000,Maruti Suzuki Alto-800
Volkswagen,Polo,2017,7,19000.0,0,0,0,535000,Volkswagen Polo
Honda,City,2016,8,74000.0,1,1,0,590000,Honda City
Hyundai,Verna,2008,16,125000.0,0,0,1,165000,Hyundai Verna
Hyundai,Creta,2017,7,60000.0,1,0,0,850000,Hyundai Creta
Maruti Suzuki,Swift-Dzire,2015,9,68000.0,0,0,1,550000,Maruti Suzuki Swift-Dzire
Force,Motors FM Trax Cruiser,2024,0,18000.0,0,0,1,1451000,Force Motors FM Trax Cruiser
Maruti Suzuki,Baleno,2021,3,50000.0,0,0,0,755000,Maruti Suzuki Baleno
Hyundai,Creta,2017,7,82000.0,1,0,0,830000,Hyundai Creta
Maruti Suzuki,Alto 800,2015,9,65000.0,0,1,0,225000,Maruti Suzuki Alto 800
Kia,Seltos,2021,3,39000.0,1,0,0,1400000,Kia Seltos
Maruti Suzuki,Ertiga,2018,6,130000.0,0,0,1,850000,Maruti Suzuki Ertiga
Jeep,Meridian,2023,1,19780.0,1,0,1,3100000,Jeep Meridian
Honda,Civic,2019,5,35000.0,1,1,0,1199000,Honda Civic
Tata,Nexon,2019,5,89000.0,1,0,1,470000,Tata Nexon
Mercedes-Benz,E-Class,2013,11,78000.0,1,0,0,1045000,Mercedes-Benz E-Class
Maruti Suzuki,Estilo,2007,17,74900.0,0,0,0,95000,Maruti Suzuki Estilo
Mahindra,XUV300,2019,5,21000.0,0,1,1,895000,Mahindra XUV300
Mini,Cooper S,2017,7,42000.0,1,1,0,3350000,Mini Cooper S
Hyundai,Xcent,2020,4,15000.0,0,0,0,505000,Hyundai Xcent
Mahindra,Scorpio,2017,7,86000.0,0,1,1,700000,Mahindra Scorpio
Tata,Indigo Cs,2009,15,0.0,0,1,1,160000,Tata Indigo Cs
Maruti Suzuki,Swift-Dzire,2015,9,86000.0,0,0,1,335000,Maruti Suzuki Swift-Dzire
Audi,A3,2015,9,42000.0,1,1,1,1050000,Audi A3
Land Rover,Range Rover Evoque,2020,4,11264.0,1,0,1,5795000,Land Rover Range Rover Evoque
Honda,City,2013,11,130000.0,0,1,0,394500,Honda City
Honda,Amaze,2021,3,78000.0,1,1,1,1075000,Honda Amaze
Renault,KWID,2016,8,50588.0,0,1,0,325000,Renault KWID
Honda,City,2016,8,79000.0,1,1,0,675000,Honda City
Maruti Suzuki,Swift,2015,9,94200.0,0,1,1,495000,Maruti Suzuki Swift
Mercedes-Benz,C-Class,2018,6,51000.0,1,1,1,2850000,Mercedes-Benz C-Class
Toyota,Innova Crysta,2016,8,160000.0,1,0,1,1375000,Toyota Innova Crysta
Maruti Suzuki,XL6,2019,5,40000.0,1,0,0,1125000,Maruti Suzuki XL6
Mercedes-Benz,GLC,2020,4,38000.0,1,1,1,4700000,Mercedes-Benz GLC
Tata,Nexon,2023,1,7800.0,1,0,0,895000,Tata Nexon
Maruti Suzuki,Celerio,2015,9,114000.0,1,1,0,395000,Maruti Suzuki Celerio
Hyundai,Santro Xing,2010,14,100000.0,0,1,0,126000,Hyundai Santro Xing
Tata,Indigo Ecs,2014,10,114109.0,0,1,1,180000,Tata Indigo Ecs
Honda,Amaze,2016,8,64000.0,0,1,0,415000,Honda Amaze
Hyundai,Creta,2017,7,66000.0,0,1,0,675000,Hyundai Creta
Toyota,Innova,2011,13,150000.0,0,1,1,400000,Toyota Innova
BMW,5 Series,2018,6,50000.0,1,0,1,3900000,BMW 5 Series
Maruti Suzuki,Ritz,2014,10,54000.0,0,1,0,385000,Maruti Suzuki Ritz
Maruti Suzuki,Vitara-Brezza,2020,4,64000.0,0,0,1,875000,Maruti Suzuki Vitara-Brezza
Toyota,Innova Crysta,2016,8,185865.0,1,0,1,1490000,Toyota Innova Crysta
Maruti Suzuki,Swift,2012,12,82000.0,0,1,1,225000,Maruti Suzuki Swift
Kia,Sonet,2024,0,800.0,0,0,0,170000,Kia Sonet
Renault,KWID,2017,7,62000.0,1,0,0,399999,Renault KWID
Toyota,Innova,2010,14,220734.0,0,1,1,576000,Toyota Innova
Maruti Suzuki,Swift-Dzire,2014,10,70000.0,0,1,1,450000,Maruti Suzuki Swift-Dzire
Land Rover,Range Rover Evoque,2013,11,80500.0,1,1,1,1590000,Land Rover Range Rover Evoque
Hyundai,i20 Active,2016,8,50000.0,0,0,0,540000,Hyundai i20 Active
Hyundai,i20,2017,7,30000.0,0,1,0,500000,Hyundai i20
Toyota,Innova Crysta,2017,7,161000.0,1,0,1,1650000,Toyota Innova Crysta
Maruti Suzuki,Alto-K10,2018,6,72000.0,1,0,0,370000,Maruti Suzuki Alto-K10
Mercedes-Benz,GLE Class,2017,7,49000.0,1,0,0,4900000,Mercedes-Benz GLE Class
Maruti Suzuki,Swift-Dzire,2015,9,72000.0,0,1,1,645000,Maruti Suzuki Swift-Dzire
Mercedes-Benz,E-Class,2009,15,100000.0,1,1,1,625000,Mercedes-Benz E-Class
Hyundai,Fluidic Verna,2013,11,90000.0,0,1,0,470000,Hyundai Fluidic Verna
Hyundai,Xcent,2015,9,56000.0,0,0,0,365000,Hyundai Xcent
Hyundai,i10,2012,12,51000.0,0,1,0,165000,Hyundai i10
Mahindra,XUV500,2015,9,55000.0,0,0,1,790000,Mahindra XUV500
Audi,Q5,2019,5,24000.0,1,1,1,3475000,Audi Q5
BMW,3 Series,2013,11,57000.0,1,0,1,1200000,BMW 3 Series
Maruti Suzuki,Brezza,2017,7,67000.0,0,1,1,700000,Maruti Suzuki Brezza
Toyota,Etios,2013,11,70000.0,0,1,0,260000,Toyota Etios
Maruti Suzuki,Wagon-R-1-0,2009,15,80000.0,0,1,0,110000,Maruti Suzuki Wagon-R-1-0
Maruti Suzuki,Swift,2011,13,28082.0,0,0,0,255000,Maruti Suzuki Swift
Porsche,Cayenne,2018,6,70000.0,1,0,1,4650000,Porsche Cayenne
Tata,Hexa,2018,6,88000.0,0,0,1,799999,Tata Hexa
Maruti Suzuki,Eeco,2018,6,68321.0,0,0,0,335101,Maruti Suzuki Eeco
Ford,Ecosport,2017,7,55000.0,0,1,0,650000,Ford Ecosport
Hyundai,Creta,2019,5,51000.0,0,0,1,899000,Hyundai Creta
BMW,X5,2019,5,17500.0,1,0,1,4500000,BMW X5
Maruti Suzuki,Swift-Dzire,2015,9,84000.0,0,1,0,425000,Maruti Suzuki Swift-Dzire
Nissan,Sunny,2011,13,70000.0,0,1,0,175000,Nissan Sunny
Toyota,Innova Crysta,2019,5,39000.0,1,1,1,2550000,Toyota Innova Crysta
BMW,7 Series,2016,8,74000.0,1,1,1,5500000,BMW 7 Series
Maruti Suzuki,Swift,2016,8,61000.0,0,0,0,359000,Maruti Suzuki Swift
Audi,Q7,2014,10,45000.0,1,1,1,1200000,Audi Q7
Maruti Suzuki,Baleno,2017,7,80160.0,0,1,1,469000,Maruti Suzuki Baleno
Mercedes-Benz,E-Class,2014,10,78000.0,1,1,0,1250000,Mercedes-Benz E-Class
Ford,Ecosport,2018,6,75000.0,0,0,1,615000,Ford Ecosport
Land Rover,Range Rover Evoque,2021,3,41788.0,1,1,1,4988000,Land Rover Range Rover Evoque
Maruti Suzuki,maruti-suzuki-dzire,2020,4,78000.0,0,0,0,610000,Maruti Suzuki maruti-suzuki-dzire
Tata,Sumo Gold,2013,11,100000.0,1,1,1,370000,Tata Sumo Gold
Hyundai,Eon,2017,7,32500.0,0,1,0,235000,Hyundai Eon
Maruti Suzuki,Vitara-Brezza,2018,6,92000.0,0,0,1,798000,Maruti Suzuki Vitara-Brezza
Audi,A6,2016,8,52000.0,1,1,1,1650000,Audi A6
Honda,Amaze,2014,10,80000.0,0,0,1,390000,Honda Amaze
Hyundai,Creta,2016,8,78800.0,1,1,1,799999,Hyundai Creta
Maruti Suzuki,Brezza,2019,5,84000.0,1,1,1,865000,Maruti Suzuki Brezza
Toyota,Etios Liva,2012,12,93000.0,0,1,1,440000,Toyota Etios Liva
Toyota,Etios,2012,12,171985.0,0,1,1,400000,Toyota Etios
Maruti Suzuki,Wagon R,2017,7,74000.0,1,0,0,449000,Maruti Suzuki Wagon R
Toyota,Innova Crysta,2017,7,69000.0,1,0,1,1815000,Toyota Innova Crysta
Volkswagen,VentoTest,2012,12,70000.0,0,1,0,250000,Volkswagen VentoTest
Mahindra,Thar,2021,3,16700.0,1,0,1,1750000,Mahindra Thar
Maruti Suzuki,Dzire,2018,6,25000.0,1,1,0,630000,Maruti Suzuki Dzire
Renault,Pulse,2012,12,88300.0,0,0,1,375000,Renault Pulse
Land Rover,Range Rover Velar,2018,6,51000.0,1,0,0,4987000,Land Rover Range Rover Velar
Toyota,Innova Crysta,2018,6,70000.0,0,1,1,1850000,Toyota Innova Crysta
Maruti Suzuki,Ritz,2015,9,82000.0,0,1,0,325000,Maruti Suzuki Ritz
Maruti Suzuki,Ciaz,2016,8,230.0,0,0,1,460000,Maruti Suzuki Ciaz
Chevrolet,OptraSRV,2006,18,117000.0,1,1,0,145000,Chevrolet OptraSRV
Skoda,Rapid,2012,12,96000.0,0,0,1,340000,Skoda Rapid
Hyundai,Creta,2019,5,68000.0,1,1,0,1175000,Hyundai Creta
Honda,CRV,2013,11,57000.0,1,1,0,715000,Honda CRV
Ford,Endeavour,2021,3,23000.0,1,1,1,3150000,Ford Endeavour
Tata,Indica V2,2007,17,54000.0,0,1,0,50000,Tata Indica V2
Mahindra,Thar,2020,4,40000.0,0,0,1,1195000,Mahindra Thar
Kia,Seltos,2020,4,50000.0,0,0,1,1195000,Kia Seltos
Hyundai,Venue,2021,3,40000.0,0,0,0,765000,Hyundai Venue
Toyota,Innova,2014,10,195000.0,0,1,1,1020000,Toyota Innova
Mahindra,Scorpio Classic,2023,1,28000.0,0,0,1,1750000,Mahindra Scorpio Classic
BMW,X6,2015,9,87000.0,1,1,1,4500000,BMW X6
Skoda,Rapid,2018,6,135000.0,0,0,1,650000,Skoda Rapid
Mercedes-Benz,E-Class,2014,10,78000.0,1,1,0,1250000,Mercedes-Benz E-Class
Toyota,Innova Crysta,2018,6,52000.0,1,0,1,2195000,Toyota Innova Crysta
Maruti Suzuki,Swift,2014,10,96000.0,0,1,0,380000,Maruti Suzuki Swift
Maruti Suzuki,Swift,2020,4,20000.0,0,0,0,549000,Maruti Suzuki Swift
Maruti Suzuki,Celerio,2015,9,83000.0,1,1,0,325000,Maruti Suzuki Celerio
Mercedes-Benz,S-Class,2011,13,42000.0,1,1,0,3000000,Mercedes-Benz S-Class
Honda,City,2011,13,77000.0,1,1,0,419999,Honda City
Hyundai,Elite i20,2017,7,98000.0,0,0,1,590000,Hyundai Elite i20
Volkswagen,Vento,2016,8,80000.0,1,0,1,583000,Volkswagen Vento
Hyundai,Venue,2022,2,32000.0,0,0,0,975000,Hyundai Venue
Hyundai,Santa Fe,2015,9,90000.0,1,1,1,625000,Hyundai Santa Fe
Toyota,Fortuner,2014,10,215000.0,1,1,1,1075000,Toyota Fortuner
Maruti Suzuki,Ertiga,2016,8,100000.0,0,1,1,795000,Maruti Suzuki Ertiga
Mahindra,XUV500,2012,12,100000.0,0,1,1,425000,Mahindra XUV500
Toyota,Innova Crysta,2021,3,111000.0,1,0,1,2425000,Toyota Innova Crysta
Honda,Jazz,2017,7,64100.0,1,0,0,491000,Honda Jazz
BMW,5 Series,2018,6,20000.0,1,0,1,4190000,BMW 5 Series
Maruti Suzuki,Wagon-R,2015,9,105000.0,0,0,0,295000,Maruti Suzuki Wagon-R
BMW,3 Series,2013,11,57000.0,1,0,1,1200000,BMW 3 Series
Mini,Cooper 5 DOOR,2014,10,24000.0,1,0,1,1695000,Mini Cooper 5 DOOR
Audi,A4,2013,11,42000.0,1,0,1,790000,Audi A4
Maruti Suzuki,Omni,2019,5,27000.0,0,1,0,380000,Maruti Suzuki Omni
Renault,KWID,2017,7,65663.0,1,1,0,325000,Renault KWID
Maruti Suzuki,Ciaz,2016,8,49000.0,1,0,0,625000,Maruti Suzuki Ciaz
Renault,Duster,2015,9,52000.0,0,0,1,425000,Renault Duster
Maruti Suzuki,Ertiga,2017,7,133000.0,0,1,1,770000,Maruti Suzuki Ertiga
Maruti Suzuki,Ertiga,2016,8,65000.0,0,0,1,660000,Maruti Suzuki Ertiga
Jeep,Compass,2020,4,48000.0,1,0,1,1740000,Jeep Compass
Nissan,Magnite,2021,3,62000.0,0,0,0,540000,Nissan Magnite
Hyundai,Creta,2018,6,80000.0,0,0,1,900000,Hyundai Creta
Honda,WRV,2023,1,10000.0,0,0,0,930000,Honda WRV
Hyundai,Elite i20,2019,5,61000.0,0,0,0,725000,Hyundai Elite i20
Maruti Suzuki,Baleno,2022,2,27000.0,0,0,0,960000,Maruti Suzuki Baleno
Skoda,Superb,2016,8,80000.0,1,0,1,1625000,Skoda Superb
Ford,Figo,2012,12,108000.0,0,1,1,170000,Ford Figo
Hyundai,Venue,2019,5,65000.0,0,0,1,850000,Hyundai Venue
Tata,Indigo Ecs,2015,9,80000.0,0,1,1,120000,Tata Indigo Ecs
Maruti Suzuki,Wagon-R,2014,10,77000.0,0,1,0,249999,Maruti Suzuki Wagon-R
Mahindra,KUV 100,2017,7,66000.0,0,0,0,345000,Mahindra KUV 100
Maruti Suzuki,Wagon-R,2006,18,90000.0,0,1,0,100000,Maruti Suzuki Wagon-R
Hyundai,i20,2016,8,73000.0,0,0,0,665000,Hyundai i20
Honda,Amaze,2022,2,25000.0,0,0,0,765000,Honda Amaze
Maruti Suzuki,Baleno,2020,4,31000.0,0,0,0,690000,Maruti Suzuki Baleno
Maruti Suzuki,Wagon-R,2018,6,48231.0,1,0,0,385101,Maruti Suzuki Wagon-R
Maruti Suzuki,Alto-K10,2015,9,76000.0,1,0,0,280000,Maruti Suzuki Alto-K10
Honda,City,2011,13,75464.0,1,1,0,375000,Honda City
BMW,3 Series,2016,8,85000.0,1,1,1,1650000,BMW 3 Series
Chevrolet,Beat,2010,14,85000.0,0,1,0,180000,Chevrolet Beat
Mercedes-Benz,GL-Class,2011,13,94990.0,1,1,1,1490000,Mercedes-Benz GL-Class
Maruti Suzuki,Baleno,2018,6,54000.0,0,0,1,760000,Maruti Suzuki Baleno
Hyundai,Creta,2018,6,760000.0,0,1,0,885000,Hyundai Creta
BMW,5 Series,2016,8,47000.0,1,1,1,2500000,BMW 5 Series
Volkswagen,Polo,2013,11,85000.0,0,1,1,415000,Volkswagen Polo
Hyundai,Alcazar,2021,3,23000.0,1,1,0,1599999,Hyundai Alcazar
Hyundai,Creta,2022,2,16000.0,0,0,0,1098000,Hyundai Creta
Volkswagen,Polo,2018,6,88000.0,0,1,0,650000,Volkswagen Polo
Toyota,Etios Liva,2019,5,130000.0,0,0,1,765000,Toyota Etios Liva
Mahindra,KUV100 NXT,2017,7,48000.0,1,1,0,300000,Mahindra KUV100 NXT
Maruti Suzuki,Swift-Dzire,2020,4,34000.0,0,1,0,530000,Maruti Suzuki Swift-Dzire
Hyundai,i20,2011,13,78000.0,0,1,0,310000,Hyundai i20
Toyota,Innova Crysta,2018,6,72000.0,1,1,1,1850000,Toyota Innova Crysta
Honda,City,2014,10,133000.0,0,1,1,685000,Honda City
MG,Gloster,2022,2,39000.0,1,0,1,3290000,MG Gloster
Maruti Suzuki,Wagon-R,2011,13,140000.0,0,1,0,250000,Maruti Suzuki Wagon-R
Hyundai,i20,2010,14,92000.0,0,1,1,270000,Hyundai i20
BMW,X7,2024,0,10000.0,1,0,0,13500000,BMW X7
BMW,5 Series,2018,6,64000.0,1,1,0,3250000,BMW 5 Series
Volkswagen,Polo,2019,5,63000.0,1,0,0,895000,Volkswagen Polo
Nissan,Terrano,2017,7,84000.0,1,1,1,755000,Nissan Terrano
Mini,Cooper Countryman,2015,9,72000.0,1,1,0,1475000,Mini Cooper Countryman
Mercedes-Benz,C-Class,2011,13,75000.0,1,1,1,795000,Mercedes-Benz C-Class
Ford,Figo,2011,13,115000.0,0,1,1,225000,Ford Figo
Toyota,Etios,2017,7,170000.0,0,0,1,475000,Toyota Etios
Honda,Amaze,2019,5,44000.0,0,0,0,550000,Honda Amaze
BMW,5 Series,2018,6,52000.0,1,1,1,3850000,BMW 5 Series
Hyundai,Alcazar,2021,3,58000.0,1,0,1,1985000,Hyundai Alcazar
MG,Hector,2019,5,72000.0,1,0,0,1025000,MG Hector
Mercedes-Benz,GLA,2019,5,51000.0,1,1,0,2440000,Mercedes-Benz GLA
Volvo,S60 Cross Country,2016,8,56000.0,1,1,1,1725000,Volvo S60 Cross Country
Maruti Suzuki,Swift-Dzire,2011,13,70000.0,0,1,0,167000,Maruti Suzuki Swift-Dzire
Hyundai,Creta,2018,6,23000.0,1,0,0,985111,Hyundai Creta
Hyundai,Verna,2013,11,103000.0,0,1,0,320000,Hyundai Verna
BMW,5 Series,2016,8,47000.0,1,1,1,2500000,BMW 5 Series
Maruti Suzuki,Swift,2013,11,135600.0,0,1,1,425000,Maruti Suzuki Swift
Tata,Nexon,2019,5,49000.0,0,0,0,650000,Tata Nexon
Chevrolet,OptraSRV,2006,18,117000.0,1,1,0,145000,Chevrolet OptraSRV
Skoda,Superb,2015,9,48500.0,1,1,0,711000,Skoda Superb
Hyundai,i10,2012,12,54699.0,0,1,0,199000,Hyundai i10
Volkswagen,Polo,2015,9,46000.0,0,0,0,475000,Volkswagen Polo
Mahindra,Scorpio,2019,5,85000.0,0,1,1,1270000,Mahindra Scorpio
Hyundai,Fluidic Verna,2024,0,170000.0,1,1,1,4050000,Hyundai Fluidic Verna
Ford,Ecosport,2021,3,75000.0,0,0,1,865000,Ford Ecosport
Toyota,Innova Crysta,2020,4,61000.0,1,1,1,2075000,Toyota Innova Crysta
Toyota,Fortuner,2021,3,78000.0,1,0,1,3651000,Toyota Fortuner
BMW,3 Series GT,2017,7,95000.0,1,0,1,1850000,BMW 3 Series GT
Toyota,Innova Crysta,2019,5,70000.0,1,0,1,1695000,Toyota Innova Crysta
Toyota,Innova Crysta,2021,3,67000.0,1,0,1,1875000,Toyota Innova Crysta
Hyundai,Eon,2012,12,42000.0,0,1,0,215000,Hyundai Eon
Mahindra,Marazzo,2019,5,110000.0,0,0,1,470000,Mahindra Marazzo
Maruti Suzuki,Omni,2015,9,80000.0,0,1,0,255000,Maruti Suzuki Omni
Maruti Suzuki,Wagon-R,2019,5,25000.0,1,1,0,525000,Maruti Suzuki Wagon-R
Skoda,Laura,2009,15,108000.0,0,1,1,198000,Skoda Laura
Maruti Suzuki,Wagon-R,2004,20,85000.0,0,1,0,102000,Maruti Suzuki Wagon-R
Volkswagen,VentoTest,2012,12,73000.0,1,1,0,450000,Volkswagen VentoTest
Mercedes-Benz,E-Class,2013,11,80500.0,1,1,1,1300000,Mercedes-Benz E-Class
Mahindra,Bolero,2017,7,69000.0,1,1,1,780000,Mahindra Bolero
Mahindra,XUV500,2019,5,25000.0,0,0,1,1675000,Mahindra XUV500
Hyundai,Creta,2022,2,42000.0,0,0,1,1390000,Hyundai Creta
Hyundai,Creta,2019,5,47000.0,1,1,1,1245000,Hyundai Creta
Hyundai,Aura,2021,3,25000.0,0,1,0,575000,Hyundai Aura
Hyundai,i20,2018,6,38900.0,0,0,0,495000,Hyundai i20
BMW,7 Series,2018,6,33700.0,1,0,0,7000000,BMW 7 Series
Volkswagen,Polo,2015,9,125000.0,0,0,1,650000,Volkswagen Polo
Toyota,Urban Cruiser Hyryder,2023,1,8000.0,1,0,0,1890000,Toyota Urban Cruiser Hyryder
Maruti Suzuki,Grand Vitara,2024,0,1600.0,0,0,0,1350000,Maruti Suzuki Grand Vitara
Hyundai,Verna,2014,10,86123.0,0,1,1,395000,Hyundai Verna
Volkswagen,Polo,2013,11,61000.0,1,0,0,405000,Volkswagen Polo
Maruti Suzuki,maruti-suzuki-brezza,2017,7,78000.0,0,1,1,790000,Maruti Suzuki maruti-suzuki-brezza
BMW,3 Series,2013,11,57000.0,1,0,1,1200000,BMW 3 Series
Hyundai,i20,2011,13,85000.0,0,1,0,190000,Hyundai i20
Tata,Safari Storme,2014,10,180000.0,0,0,1,350000,Tata Safari Storme
Honda,City ZX,2020,4,27000.0,0,0,0,1150000,Honda City ZX
Maruti Suzuki,Ertiga,2022,2,22000.0,0,1,0,960000,Maruti Suzuki Ertiga
Hyundai,i20 Active,2015,9,62000.0,0,1,1,350000,Hyundai i20 Active
Toyota,Fortuner,2024,0,24000.0,0,0,1,4550000,Toyota Fortuner
Toyota,Innova,2012,12,150000.0,0,1,1,510000,Toyota Innova
BMW,X1,2017,7,56000.0,1,1,1,2700000,BMW X1
Maruti Suzuki,S-Cross,2019,5,169700.0,0,0,1,765000,Maruti Suzuki S-Cross
Toyota,Fortuner,2016,8,176000.0,0,1,1,1650000,Toyota Fortuner
Maruti Suzuki,Celerio,2022,2,20000.0,1,0,1,625000,Maruti Suzuki Celerio
Toyota,Innova,2012,12,250000.0,0,1,1,799999,Toyota Innova
Maruti Suzuki,Zen-Estilo,2008,16,,1,1,0,180000,Maruti Suzuki Zen-Estilo
Honda,Jazz,2015,9,114000.0,0,1,1,520000,Honda Jazz
Hyundai,Xcent,2015,9,114000.0,0,0,1,400000,Hyundai Xcent
Renault,Duster,2017,7,80000.0,0,1,1,625000,Renault Duster
Honda,Civic,2007,17,103000.0,1,1,0,290000,Honda Civic
Tata,Tiago,2018,6,52000.0,1,0,0,495000,Tata Tiago
Toyota,Urban Cruiser Hyryder,2023,1,24000.0,1,0,0,1895000,Toyota Urban Cruiser Hyryder
Maruti Suzuki,Eeco,2021,3,19000.0,1,1,0,400000,Maruti Suzuki Eeco
Hyundai,Verna,2020,4,95000.0,0,0,1,1000000,Hyundai Verna
Toyota,Innova,2014,10,111000.0,0,1,1,995000,Toyota Innova
Maruti Suzuki,Wagon-R-1-0,2016,8,59000.0,1,0,0,415000,Maruti Suzuki Wagon-R-1-0
Audi,Q3,2015,9,110000.0,1,0,1,1650000,Audi Q3
Audi,Q7,2014,10,45000.0,1,1,1,1200000,Audi Q7
Kia,Sonet,2020,4,47000.0,1,0,0,1165000,Kia Sonet
Jeep,Compass,2019,5,52000.0,1,1,0,1300000,Jeep Compass
Toyota,Fortuner,2017,7,112000.0,1,0,1,2250000,Toyota Fortuner
Volkswagen,Ameo,2018,6,52000.0,0,1,0,600000,Volkswagen Ameo
Mahindra,Scorpio-N,2023,1,20000.0,1,0,1,2550000,Mahindra Scorpio-N
Maruti Suzuki,Baleno,2016,8,45000.0,0,1,0,545000,Maruti Suzuki Baleno
Tata,Harrier,2019,5,48000.0,0,0,1,1045000,Tata Harrier
Chevrolet,Spark,2009,15,99999.0,1,1,0,70000,Chevrolet Spark
Audi,A6,2011,13,51000.0,1,1,0,1350000,Audi A6
Mahindra,Bolero,2015,9,92000.0,0,1,1,415000,Mahindra Bolero
Maruti Suzuki,Vitara-Brezza,2019,5,78000.0,0,0,1,935000,Maruti Suzuki Vitara-Brezza
Tata,Nano,2009,15,23000.0,0,1,0,60000,Tata Nano
Mercedes-Benz,M-Class,2015,9,75000.0,1,0,1,2450000,Mercedes-Benz M-Class
Hyundai,Creta,2019,5,21000.0,0,0,0,870000,Hyundai Creta
Hyundai,Grand i10,2016,8,170000.0,0,1,1,410000,Hyundai Grand i10
Audi,Q7,2018,6,69000.0,1,1,1,4850000,Audi Q7
MG,Hector,2021,3,39652.0,0,0,1,1305000,MG Hector
Tata,Nexon,2022,2,13000.0,0,0,0,899000,Tata Nexon
Maruti Suzuki,Alto-800,2023,1,6200.0,0,0,0,400000,Maruti Suzuki Alto-800
Toyota,Fortuner,2019,5,180000.0,0,0,1,2980000,Toyota Fortuner
Ford,Endeavour,2017,7,87000.0,1,1,1,1600000,Ford Endeavour
BMW,5 Series,2019,5,25000.0,1,1,1,5950000,BMW 5 Series
Audi,Q7,2014,10,45000.0,1,1,1,1200000,Audi Q7
Audi,A3,2015,9,42000.0,1,1,1,1050000,Audi A3
Mahindra,XUV 300,2019,5,40000.0,0,0,1,1025000,Mahindra XUV 300
Tata,Indigo Ecs,2014,10,112000.0,1,1,1,100000,Tata Indigo Ecs
Maruti Suzuki,Baleno,2018,6,65000.0,0,1,0,525000,Maruti Suzuki Baleno
Maruti Suzuki,Swift-Dzire,2018,6,45617.0,1,0,0,725000,Maruti Suzuki Swift-Dzire
BMW,X6,2015,9,49000.0,1,1,0,7200000,BMW X6
Mercedes-Benz,E-Class,2014,10,75000.0,1,1,1,1169000,Mercedes-Benz E-Class
Nissan,Terrano,2014,10,95000.0,0,1,1,450000,Nissan Terrano
Maruti Suzuki,Swift-Dzire,2010,14,165000.0,0,0,1,270000,Maruti Suzuki Swift-Dzire
Maruti Suzuki,Celerio,2014,10,37000.0,1,1,0,337000,Maruti Suzuki Celerio
MG,Hector Plus,2023,1,27000.0,1,0,0,1825000,MG Hector Plus
Honda,CRV,2015,9,90000.0,1,1,0,795000,Honda CRV
Renault,Triber,2019,5,43000.0,0,0,0,565000,Renault Triber
Maruti Suzuki,Eeco,2013,11,27000.0,0,1,0,299000,Maruti Suzuki Eeco
Maruti Suzuki,Ertiga,2015,9,110000.0,0,0,1,665000,Maruti Suzuki Ertiga
Honda,Brio,2015,9,36000.0,1,1,0,375000,Honda Brio
BMW,3 Series,2011,13,39000.0,1,1,1,1300000,BMW 3 Series
Volkswagen,Polo,2019,5,15000.0,0,0,0,575000,Volkswagen Polo
Hyundai,Venue,2021,3,28000.0,0,0,1,1050000,Hyundai Venue
Toyota,Fortuner,2011,13,125000.0,0,1,1,650000,Toyota Fortuner
Maruti Suzuki,Jimny,2024,0,11000.0,1,0,0,1190000,Maruti Suzuki Jimny
Land Rover,Range Rover Velar,2020,4,46000.0,1,1,0,7500000,Land Rover Range Rover Velar
Hyundai,Creta,2019,5,68000.0,1,1,0,1175000,Hyundai Creta
Maruti Suzuki,Grand Vitara,2024,0,1600.0,0,0,0,1350000,Maruti Suzuki Grand Vitara
Chevrolet,Trailblazer,2015,9,116000.0,1,1,1,680000,Chevrolet Trailblazer
Mahindra,Quanto,2013,11,75000.0,0,0,1,255000,Mahindra Quanto
Land Rover,Range Rover Sport,2022,2,28400.0,1,0,0,11700000,Land Rover Range Rover Sport
Honda,Amaze,2013,11,110000.0,0,0,0,349999,Honda Amaze
Hyundai,EON,2014,10,60000.0,0,1,0,275000,Hyundai EON
Ford,Endeavour,2021,3,59000.0,1,0,1,3300000,Ford Endeavour
Maruti Suzuki,Brezza,2022,2,33000.0,1,0,0,890000,Maruti Suzuki Brezza
Mahindra,Scorpio,2015,9,90000.0,0,1,1,850000,Mahindra Scorpio
Hyundai,New i20,2023,1,7200.0,0,0,0,900000,Hyundai New i20
BMW,X3,2019,5,80000.0,1,1,1,2750000,BMW X3
Tata,Sumo Victa,2011,13,285000.0,1,1,1,280000,Tata Sumo Victa
Mercedes-Benz,C-Class,2020,4,29000.0,1,0,1,2550000,Mercedes-Benz C-Class
Maruti Suzuki,Alto K10,2017,7,27000.0,1,1,0,380000,Maruti Suzuki Alto K10
Maruti Suzuki,Baleno,2018,6,30000.0,0,1,0,699000,Maruti Suzuki Baleno
Jaguar,XJ,2015,9,80250.0,1,1,0,2150000,Jaguar XJ
Honda,WRV,2017,7,79000.0,0,0,1,845000,Honda WRV
Kia,Seltos,2022,2,30000.0,1,0,1,1870000,Kia Seltos
Mahindra,Thar,2021,3,41000.0,1,0,1,1470000,Mahindra Thar
Volkswagen,Polo,2010,14,90000.0,0,0,0,250000,Volkswagen Polo
Hyundai,Creta,2020,4,70000.0,1,1,0,1155000,Hyundai Creta
Hyundai,Eon,2013,11,78000.0,0,1,0,158000,Hyundai Eon
Maruti Suzuki,Vitara-Brezza,2020,4,50000.0,0,0,1,1050000,Maruti Suzuki Vitara-Brezza
Audi,A6,2013,11,110000.0,1,1,1,1150000,Audi A6
Maruti Suzuki,Swift,2014,10,80000.0,0,1,1,411000,Maruti Suzuki Swift
Hyundai,Alcazar,2022,2,37000.0,1,0,1,1815000,Hyundai Alcazar
Ford,Figo Aspire,2017,7,61101.0,0,1,0,395000,Ford Figo Aspire
Mahindra,XUV500,2015,9,74000.0,0,0,1,745000,Mahindra XUV500
BMW,X7,2023,1,37000.0,1,0,1,10000000,BMW X7
Mini,Cooper Countryman,2015,9,72000.0,1,1,0,1475000,Mini Cooper Countryman
Mahindra,XUV500,2015,9,83000.0,0,0,1,975000,Mahindra XUV500
Maruti Suzuki,Alto-800,2016,8,45000.0,0,0,0,359000,Maruti Suzuki Alto-800
Volvo,XC60,2018,6,110000.0,1,0,1,875000,Volvo XC60
Maruti Suzuki,Vitara-Brezza,2017,7,71000.0,0,0,1,630000,Maruti Suzuki Vitara-Brezza
MG,Gloster,2022,2,84000.0,1,0,1,3400000,MG Gloster
Maruti Suzuki,Alto-K10,2017,7,43400.0,1,0,0,275000,Maruti Suzuki Alto-K10
Honda,City,2017,7,66000.0,0,0,1,690000,Honda City
Toyota,Innova Crysta,2020,4,61500.0,1,0,1,2950000,Toyota Innova Crysta
Hyundai,Elite i20,2019,5,51000.0,1,0,0,690000,Hyundai Elite i20
Skoda,Superb,2015,9,142000.0,1,0,1,850000,Skoda Superb
Mercedes-Benz,AMG GLE Coupe,2021,3,28000.0,1,1,0,11500000,Mercedes-Benz AMG GLE Coupe
Hyundai,Santro Xing,2006,18,58645.0,0,1,0,98000,Hyundai Santro Xing
Hyundai,Verna,2017,7,80000.0,0,0,1,555000,Hyundai Verna
Mahindra,Bolero,2012,12,79000.0,0,1,1,635000,Mahindra Bolero
Maruti Suzuki,Swift,2019,5,49805.0,0,0,0,545000,Maruti Suzuki Swift
Skoda,Octavia,2016,8,80000.0,1,0,1,925000,Skoda Octavia
Audi,A6,2017,7,52000.0,1,0,0,2175000,Audi A6
Fiat,Punto,2012,12,123600.0,0,1,1,160000,Fiat Punto
Tata,Indica Vista,2012,12,125000.0,0,0,1,82000,Tata Indica Vista
Honda,Amaze,2013,11,55513.0,0,0,0,330000,Honda Amaze
Maruti Suzuki,Swift,2014,10,104000.0,0,1,1,465000,Maruti Suzuki Swift
Maruti Suzuki,Swift,2019,5,7000.0,1,1,0,650000,Maruti Suzuki Swift
Volkswagen,VentoTest,2012,12,73000.0,1,1,0,295000,Volkswagen VentoTest
Hyundai,i20 N Line,2023,1,14800.0,1,0,0,1050000,Hyundai i20 N Line
MG,ASTOR,2022,2,16000.0,1,0,0,1125000,MG ASTOR
BMW,3 Series GT,2015,9,61000.0,1,1,1,1200000,BMW 3 Series GT
BMW,3 Series GT,2017,7,68303.0,1,1,1,2100000,BMW 3 Series GT
Toyota,Fortuner,2016,8,75000.0,0,0,1,1400000,Toyota Fortuner
Maruti Suzuki,Swift-Dzire,2020,4,53000.0,1,0,0,655000,Maruti Suzuki Swift-Dzire
Skoda,Superb,2015,9,68000.0,0,1,0,565000,Skoda Superb
Maruti Suzuki,Vitara-Brezza,2017,7,84000.0,0,0,1,870000,Maruti Suzuki Vitara-Brezza
Maruti Suzuki,Swift,2021,3,34000.0,0,1,0,670000,Maruti Suzuki Swift
Volvo,S60 Cross Country,2018,6,100000.0,1,0,1,1600000,Volvo S60 Cross Country
Mahindra,Jeep,1996,28,50000.0,0,1,1,299000,Mahindra Jeep
Maruti Suzuki,Baleno,2020,4,40000.0,0,0,0,695000,Maruti Suzuki Baleno
Hyundai,i10,2010,14,75000.0,0,1,0,120000,Hyundai i10
BMW,5 Series,2013,11,82000.0,1,1,1,1295000,BMW 5 Series
BMW,5 Series,2015,9,68000.0,1,1,1,1425000,BMW 5 Series
Mahindra,Marazzo,2018,6,39000.0,0,1,1,750000,Mahindra Marazzo
MG,Hector,2019,5,49067.0,1,0,0,1475000,MG Hector
Ford,Endeavour,2021,3,23000.0,1,1,1,3150000,Ford Endeavour
Toyota,Fortuner,2014,10,96000.0,1,1,1,1995000,Toyota Fortuner
Mahindra,Scorpio,2010,14,52085.0,0,1,1,365000,Mahindra Scorpio
Maruti Suzuki,Ertiga,2013,11,57899.0,0,1,0,429999,Maruti Suzuki Ertiga
Mercedes-Benz,E-Class,2012,12,73000.0,1,1,1,990000,Mercedes-Benz E-Class
Maruti Suzuki,Vitara-Brezza,2018,6,25000.0,1,0,1,735000,Maruti Suzuki Vitara-Brezza
Tata,Nexon,2021,3,25945.0,1,0,0,1045000,Tata Nexon
Hyundai,i10,2010,14,38278.0,1,0,0,240000,Hyundai i10
Maruti Suzuki,Swift,2017,7,91000.0,0,0,1,565000,Maruti Suzuki Swift
Mercedes-Benz,E-Class,2018,6,38000.0,1,1,1,3750000,Mercedes-Benz E-Class
Chevrolet,Cruze,2012,12,45000.0,1,1,1,563000,Chevrolet Cruze
Maruti Suzuki,Baleno,2022,2,54000.0,0,0,0,725000,Maruti Suzuki Baleno
Volvo,XC 90,2016,8,102000.0,1,0,1,3799000,Volvo XC 90
Toyota,Glanza,2022,2,51321.0,0,0,0,625101,Toyota Glanza
Tata,Xenon XT,2017,7,45000.0,0,1,1,510000,Tata Xenon XT
Maruti Suzuki,Celerio,2018,6,45000.0,1,1,0,475000,Maruti Suzuki Celerio
Maruti Suzuki,Ciaz,2014,10,51957.0,0,1,0,500000,Maruti Suzuki Ciaz
Ford,Ecosport,2014,10,75000.0,0,0,1,445000,Ford Ecosport
Maruti Suzuki,Swift,2020,4,37540.0,1,0,0,640000,Maruti Suzuki Swift
Toyota,Fortuner,2016,8,160000.0,0,1,1,1575000,Toyota Fortuner
Porsche,718,2018,6,15000.0,1,1,0,8000000,Porsche 718
BMW,5 Series,2011,13,85000.0,1,1,1,650000,BMW 5 Series
BMW,5 Series,2018,6,41000.0,1,1,1,2990000,BMW 5 Series
Renault,KWID,2018,6,42000.0,0,0,0,360000,Renault KWID
Tata,Nano,2013,11,20000.0,0,0,0,85000,Tata Nano
Ford,Ecosport,2015,9,52000.0,0,0,0,525000,Ford Ecosport
Maruti Suzuki,Celerio,2015,9,113000.0,1,1,0,340000,Maruti Suzuki Celerio
Toyota,Innova,2014,10,130000.0,0,0,1,1360000,Toyota Innova
BMW,3 Series GT,2016,8,75000.0,1,1,1,1799000,BMW 3 Series GT
Mitsubishi,Lancer,1999,25,225000.0,0,1,1,90000,Mitsubishi Lancer
Audi,A3,2015,9,42000.0,1,1,1,1050000,Audi A3
Maruti Suzuki,Alto,2011,13,42000.0,0,1,0,150000,Maruti Suzuki Alto
Toyota,Fortuner,2019,5,93000.0,1,0,1,2525000,Toyota Fortuner
Hyundai,Verna,2014,10,71000.0,0,1,1,350000,Hyundai Verna
Mercedes-Benz,GL-Class,2014,10,52300.0,1,1,1,2950000,Mercedes-Benz GL-Class
Hyundai,Grand i10 Nios,2020,4,100000.0,0,0,0,549000,Hyundai Grand i10 Nios
Mercedes-Benz,E-Class,2012,12,74000.0,1,0,1,888000,Mercedes-Benz E-Class
Maruti Suzuki,Swift,2018,6,22000.0,0,1,0,590000,Maruti Suzuki Swift
Maruti Suzuki,S-Presso,2021,3,,1,0,0,425000,Maruti Suzuki S-Presso
Mercedes-Benz,GLA,2016,8,121000.0,1,1,1,1351000,Mercedes-Benz GLA
Skoda,Slavia,2024,0,3000.0,1,0,0,1650000,Skoda Slavia
BMW,X1,2012,12,62000.0,1,1,0,599000,BMW X1
Toyota,Land Cruiser Prado,2014,10,180000.0,1,1,1,4750000,Toyota Land Cruiser Prado
MG,Hector,2020,4,80000.0,1,0,0,1250000,MG Hector
Toyota,Fortuner,2012,12,185000.0,1,1,1,1350000,Toyota Fortuner
BMW,X1,2017,7,83000.0,1,0,1,1900000,BMW X1
BMW,3 Series,2011,13,39000.0,1,1,1,1300000,BMW 3 Series
Hyundai,i10,2013,11,56000.0,0,1,0,290000,Hyundai i10
BMW,5 Series,2011,13,65000.0,1,1,1,525000,BMW 5 Series
Maruti Suzuki,Swift,2011,13,60000.0,0,1,0,190000,Maruti Suzuki Swift
Skoda,Laura,2011,13,71225.0,0,1,0,543000,Skoda Laura
Hyundai,Verna,2012,12,68000.0,0,1,0,345000,Hyundai Verna
Jeep,Compass,2017,7,78600.0,0,0,1,1150000,Jeep Compass
Hyundai,Aura,2020,4,53000.0,0,0,0,650000,Hyundai Aura
Renault,KWID,2017,7,63663.0,1,1,0,325000,Renault KWID
Maruti Suzuki,Alto-800,2021,3,18000.0,0,0,0,377000,Maruti Suzuki Alto-800
Maruti Suzuki,Swift-Dzire,2019,5,25.0,0,1,1,420000,Maruti Suzuki Swift-Dzire
Tata,Bolt,2017,7,48000.0,1,1,0,220000,Tata Bolt
BMW,3 Series GT,2015,9,55000.0,1,1,1,2500000,BMW 3 Series GT
Honda,City,2018,6,70000.0,0,1,0,595000,Honda City
Ford,Figo,2014,10,89500.0,0,1,1,129999,Ford Figo
Honda,City,2011,13,53000.0,1,0,0,455000,Honda City
Hyundai,Grand i10,2017,7,39000.0,1,1,0,460000,Hyundai Grand i10
Toyota,Etios,2015,9,168000.0,0,1,1,425000,Toyota Etios
Hyundai,i20,2024,0,1500.0,0,0,0,925000,Hyundai i20
Toyota,Innova,2012,12,250000.0,0,1,1,775000,Toyota Innova
Honda,City,2018,6,76000.0,1,1,0,850000,Honda City
Honda,WRV,2017,7,70000.0,0,0,1,650000,Honda WRV
Jeep,Compass,2017,7,49000.0,1,0,0,1151111,Jeep Compass
Maruti Suzuki,Alto-K10,2012,12,32000.0,0,1,0,225000,Maruti Suzuki Alto-K10
Toyota,Etios,2018,6,146000.0,0,1,1,595000,Toyota Etios
Hyundai,i10,2013,11,90000.0,0,0,0,199000,Hyundai i10
Volkswagen,Polo,2018,6,50000.0,0,0,0,395000,Volkswagen Polo
Hyundai,Elantra,2016,8,85000.0,1,0,0,960000,Hyundai Elantra
Jaguar,XJ,2015,9,80250.0,1,1,0,2150000,Jaguar XJ
Tata,Nexon,2019,5,36788.0,1,1,0,780000,Tata Nexon
Hyundai,Grand i10,2017,7,79000.0,0,1,1,280000,Hyundai Grand i10
Maruti Suzuki,Ciaz,2015,9,79000.0,0,0,1,600000,Maruti Suzuki Ciaz
Skoda,Superb,2018,6,62000.0,1,0,1,1850000,Skoda Superb
Maruti Suzuki,Swift,2019,5,53000.0,0,0,0,500000,Maruti Suzuki Swift
Volkswagen,Jetta,2014,10,89000.0,1,0,1,750000,Volkswagen Jetta
Toyota,Innova Crysta,2018,6,79000.0,1,0,1,1725000,Toyota Innova Crysta
Audi,A4,2020,4,38000.0,1,0,0,2850000,Audi A4
Toyota,Innova Crysta,2021,3,43000.0,1,0,1,2100000,Toyota Innova Crysta
Honda,City ZX,2020,4,49000.0,1,1,0,1255000,Honda City ZX
Kia,Seltos,2020,4,52000.0,1,0,0,1225000,Kia Seltos
Mahindra,XUV 300,2022,2,44000.0,0,0,1,810000,Mahindra XUV 300
Mercedes-Benz,M-Class,2012,12,175000.0,1,1,1,1299000,Mercedes-Benz M-Class
Maruti Suzuki,800,2006,18,26500.0,0,1,0,125000,Maruti Suzuki 800
Mahindra,Scorpio,2018,6,67000.0,0,0,1,1230000,Mahindra Scorpio
Hyundai,i20,2015,9,54500.0,0,1,1,490000,Hyundai i20
Maruti Suzuki,Swift-Dzire,2010,14,121000.0,0,0,1,385000,Maruti Suzuki Swift-Dzire
Hyundai,Venue,2019,5,68216.0,0,1,0,650000,Hyundai Venue
Nissan,Terrano,2015,9,78000.0,0,0,1,275000,Nissan Terrano
Maruti Suzuki,Swift,2014,10,72000.0,0,1,0,390000,Maruti Suzuki Swift
Ford,Figo,2010,14,48000.0,0,1,0,140000,Ford Figo
Renault,KWID,2016,8,77000.0,1,1,0,195000,Renault KWID
Toyota,Fortuner,2018,6,158000.0,1,0,1,2900000,Toyota Fortuner
Tata,Safari,2022,2,42000.0,0,0,1,1770000,Tata Safari
Hyundai,i10,2010,14,78000.0,0,1,0,265000,Hyundai i10
Volkswagen,Ameo,2018,6,68533.0,0,0,0,515600,Volkswagen Ameo
Toyota,Fortuner,2015,9,160000.0,1,1,1,1250000,Toyota Fortuner
Renault,Duster,2018,6,83000.0,1,1,1,950000,Renault Duster
Tata,Indigo Ecs,2014,10,190555.0,0,1,1,220000,Tata Indigo Ecs
Tata,Zest,2018,6,150000.0,0,1,1,410000,Tata Zest
Skoda,Superb,2017,7,138000.0,1,1,1,1900000,Skoda Superb
Toyota,Etios Liva,2015,9,250000.0,0,0,1,500000,Toyota Etios Liva
Maruti Suzuki,Swift-Dzire,2015,9,59200.0,0,1,0,445000,Maruti Suzuki Swift-Dzire
Volkswagen,Taigun,2022,2,55000.0,1,1,0,1425000,Volkswagen Taigun
Honda,City,2015,9,53370.0,1,0,0,621000,Honda City
Ford,Endeavour,2018,6,90000.0,1,1,1,2350000,Ford Endeavour
Skoda,Octavia,2016,8,92000.0,1,1,0,800000,Skoda Octavia
Kia,Sonet,2021,3,61000.0,1,1,0,795000,Kia Sonet
Audi,A3,2015,9,42000.0,1,1,1,1050000,Audi A3
Tata,Nano,2015,9,23000.0,1,1,0,275000,Tata Nano
Maruti Suzuki,Wagon-R,2009,15,150000.0,0,1,0,150000,Maruti Suzuki Wagon-R
Toyota,Innova Crysta,2019,5,65000.0,1,0,1,2695000,Toyota Innova Crysta
Maruti Suzuki,Wagon-R-1-0,2016,8,77000.0,1,1,0,350000,Maruti Suzuki Wagon-R-1-0
Maruti Suzuki,Swift-Dzire,2010,14,100000.0,0,1,1,160000,Maruti Suzuki Swift-Dzire
Maruti Suzuki,Swift,2018,6,80000.0,1,1,1,650000,Maruti Suzuki Swift
Ford,Ecosport,2018,6,72000.0,0,0,1,875000,Ford Ecosport
Skoda,Kodiaq,2018,6,92000.0,1,1,1,2945111,Skoda Kodiaq
Audi,A6,2021,3,22000.0,1,0,0,4425000,Audi A6
Maruti Suzuki,Ciaz,2014,10,86265.0,0,1,1,390000,Maruti Suzuki Ciaz
Mahindra,XUV500,2014,10,170000.0,0,1,1,385000,Mahindra XUV500
Maruti Suzuki,Celerio,2016,8,42114.0,1,0,0,395000,Maruti Suzuki Celerio
Hyundai,Grand i10 Nios,2021,3,51000.0,0,0,0,650000,Hyundai Grand i10 Nios
MG,Hector,2021,3,48000.0,1,1,0,1375000,MG Hector
Hyundai,i20,2023,1,13000.0,1,0,0,975000,Hyundai i20
Maruti Suzuki,Swift,2017,7,57000.0,0,1,0,399500,Maruti Suzuki Swift
Maruti Suzuki,Alto-K10,2011,13,67000.0,0,1,0,155000,Maruti Suzuki Alto-K10
Porsche,718,2018,6,15000.0,1,1,0,8000000,Porsche 718
Ford,Ecosport,2017,7,123000.0,0,0,1,675000,Ford Ecosport
Maruti Suzuki,Eeco,2022,2,40000.0,0,1,0,525000,Maruti Suzuki Eeco
Mini,Cooper Convertible,2019,5,24000.0,1,0,0,4500000,Mini Cooper Convertible
Mahindra,Bolero,2010,14,90000.0,0,1,1,160000,Mahindra Bolero
Skoda,Slavia,2022,2,72000.0,0,0,0,1189000,Skoda Slavia
Mahindra,Scorpio,2020,4,72586.0,0,0,1,1440000,Mahindra Scorpio
Toyota,Innova,2013,11,200000.0,0,1,1,610000,Toyota Innova
Maruti Suzuki,Baleno,2019,5,46000.0,1,0,0,649000,Maruti Suzuki Baleno
Mercedes-Benz,C-Class,2018,6,65000.0,1,1,1,2525111,Mercedes-Benz C-Class
Skoda,Superb,2014,10,92000.0,1,1,0,460000,Skoda Superb
Hyundai,New i20,2015,9,62000.0,0,1,0,360000,Hyundai New i20
Land Rover,Discovery Sport,2016,8,76000.0,1,1,1,2060000,Land Rover Discovery Sport
Mahindra,XUV500,2017,7,114000.0,0,1,1,659000,Mahindra XUV500
Maruti Suzuki,Wagon-R,2021,3,21000.0,0,0,0,565000,Maruti Suzuki Wagon-R
Mercedes-Benz,GLA,2024,0,4700.0,1,0,0,4550000,Mercedes-Benz GLA
Maruti Suzuki,Swift,2020,4,63110.0,1,0,0,595000,Maruti Suzuki Swift
Maruti Suzuki,Wagon R,2011,13,88000.0,0,0,0,270000,Maruti Suzuki Wagon R
Toyota,Fortuner,2022,2,22310.0,1,0,1,4400000,Toyota Fortuner
Maruti Suzuki,Swift,2018,6,60000.0,1,1,0,513000,Maruti Suzuki Swift
Maruti Suzuki,Swift,2017,7,120000.0,0,0,0,490000,Maruti Suzuki Swift
Toyota,Fortuner,2019,5,64000.0,1,0,1,3075000,Toyota Fortuner
Honda,Amaze,2017,7,75600.0,0,0,0,490000,Honda Amaze
Tata,Safari,2021,3,54000.0,1,0,1,1495000,Tata Safari
Maruti Suzuki,S-Cross,2017,7,75000.0,0,0,1,595000,Maruti Suzuki S-Cross
Maruti Suzuki,Ertiga,2016,8,92000.0,0,0,0,695000,Maruti Suzuki Ertiga
Maruti Suzuki,Baleno,2018,6,34184.0,1,1,0,725000,Maruti Suzuki Baleno
Tata,Nexon,2019,5,66800.0,0,1,0,650000,Tata Nexon
Toyota,Fortuner,2017,7,83000.0,1,0,1,2650000,Toyota Fortuner
Maruti Suzuki,800,2005,19,7.0,0,1,0,40000,Maruti Suzuki 800
Renault,Duster,2016,8,80000.0,1,1,1,425000,Renault Duster
Hyundai,Creta,2019,5,78000.0,0,1,1,815000,Hyundai Creta
Chevrolet,Beat,2010,14,77000.0,0,1,0,199000,Chevrolet Beat
BMW,X3,2019,5,63000.0,1,0,1,4151111,BMW X3
Mahindra,XUV500,2014,10,74000.0,0,1,1,560000,Mahindra XUV500
Hyundai,Verna,2017,7,47000.0,1,0,1,895000,Hyundai Verna
BMW,3 Series GT,2015,9,61000.0,1,1,1,1500000,BMW 3 Series GT
Mahindra,XUV500,2013,11,75000.0,0,0,1,410000,Mahindra XUV500
Nissan,Magnite,2023,1,30000.0,0,0,0,560000,Nissan Magnite
Maruti Suzuki,Wagon-R,2018,6,19300.0,0,0,0,461000,Maruti Suzuki Wagon-R
Mahindra,Thar,2020,4,65000.0,1,0,0,1310000,Mahindra Thar
Tata,Altroz,2021,3,62000.0,0,0,0,511000,Tata Altroz
Maruti Suzuki,Baleno,2023,1,13000.0,1,0,0,925000,Maruti Suzuki Baleno
Mercedes-Benz,CLA,2017,7,36250.0,1,1,0,1650000,Mercedes-Benz CLA
Maruti Suzuki,Ertiga,2017,7,100000.0,0,1,1,725000,Maruti Suzuki Ertiga
Maruti Suzuki,Wagon-R,2013,11,66000.0,0,0,0,310000,Maruti Suzuki Wagon-R
BMW,X1,2019,5,98000.0,1,0,1,1825000,BMW X1
Renault,Duster,2016,8,61500.0,1,0,1,685000,Renault Duster
Jeep,Compass,2018,6,38000.0,1,0,0,1095000,Jeep Compass
Mercedes-Benz,GL-Class,2013,11,92000.0,1,1,1,2390000,Mercedes-Benz GL-Class
Renault,KWID,2017,7,65563.0,1,1,0,325000,Renault KWID
Tata,Harrier,2022,2,17800.0,1,0,1,1999999,Tata Harrier
Hyundai,Creta,2018,6,82500.0,1,0,1,795000,Hyundai Creta
Hyundai,i10,2012,12,56874.0,1,1,0,270000,Hyundai i10
Hyundai,Xcent,2015,9,27.0,0,1,1,199999,Hyundai Xcent
Nissan,Terrano,2014,10,50000.0,0,0,1,575000,Nissan Terrano
BMW,X3,2016,8,120000.0,1,0,1,1899999,BMW X3
Hyundai,i10,2017,7,78000.0,0,1,1,350000,Hyundai i10
Ford,Ecosport,2015,9,80000.0,0,1,1,540000,Ford Ecosport
Hyundai,Grand i10,2016,8,114399.0,0,1,1,485000,Hyundai Grand i10
Maruti Suzuki,A-Star,2013,11,78000.0,1,1,0,295000,Maruti Suzuki A-Star
Kia,Seltos,2020,4,30000.0,1,0,1,1499000,Kia Seltos
Toyota,VELLFIRE,2021,3,42000.0,1,0,0,8500000,Toyota VELLFIRE
Honda,City,2017,7,18110.0,1,1,0,575000,Honda City
Nissan,Micra,2017,7,86000.0,1,1,0,170000,Nissan Micra
Renault,KWID,2017,7,70000.0,1,0,0,350000,Renault KWID
Honda,City,2015,9,81000.0,0,0,1,540000,Honda City
Tata,Tiago,2020,4,44118.0,0,0,0,470000,Tata Tiago
Maruti Suzuki,Celerio,2016,8,45000.0,1,1,0,320000,Maruti Suzuki Celerio
Maruti Suzuki,Baleno,2018,6,,0,0,0,485000,Maruti Suzuki Baleno
Maruti Suzuki,Baleno,2017,7,51000.0,0,0,0,485000,Maruti Suzuki Baleno
Volkswagen,Polo,2018,6,131000.0,1,1,0,685000,Volkswagen Polo
Maruti Suzuki,Wagon-R,2015,9,55049.0,0,0,0,317000,Maruti Suzuki Wagon-R
Toyota,Fortuner,2018,6,69000.0,1,0,1,2520000,Toyota Fortuner
Mercedes-Benz,S-Class,2014,10,80000.0,1,1,1,5000000,Mercedes-Benz S-Class
Tata,Tiago,2017,7,73555.0,0,1,0,295555,Tata Tiago
Hyundai,Creta,2021,3,60000.0,0,1,1,1240000,Hyundai Creta
Honda,City,2009,15,88000.0,0,1,0,269999,Honda City
Toyota,Innova,2010,14,71000.0,0,1,1,775000,Toyota Innova
Maruti Suzuki,Alto-K10,2013,11,70000.0,1,0,0,180000,Maruti Suzuki Alto-K10
Maruti Suzuki,Ritz,2012,12,86239.0,0,1,0,240000,Maruti Suzuki Ritz
Honda,Amaze,2019,5,52000.0,0,0,0,645000,Honda Amaze
Maruti Suzuki,Zen Estilo,2013,11,70000.0,0,0,0,175000,Maruti Suzuki Zen Estilo
Maruti Suzuki,Wagon-R,2019,5,65000.0,1,0,0,450000,Maruti Suzuki Wagon-R
Hyundai,Verna,2020,4,55000.0,1,1,0,890000,Hyundai Verna
Hyundai,Santro Xing,2011,13,75000.0,0,0,0,130000,Hyundai Santro Xing
Maruti Suzuki,Swift-Dzire,2019,5,50000.0,0,0,0,465000,Maruti Suzuki Swift-Dzire
Maruti Suzuki,Omni,2011,13,106000.0,0,1,0,99999,Maruti Suzuki Omni
Honda,Brio,2012,12,80000.0,0,0,0,325000,Honda Brio
Mini,Cooper Clubman,2017,7,22000.0,1,1,0,2875000,Mini Cooper Clubman
Audi,Q3,2016,8,47000.0,1,1,1,1499000,Audi Q3
Maruti Suzuki,Ertiga,2023,1,52895.0,0,0,0,1130000,Maruti Suzuki Ertiga
Skoda,Kushaq,2022,2,30000.0,1,0,0,1450000,Skoda Kushaq
Maruti Suzuki,S-Cross,2018,6,70013.0,0,0,1,675000,Maruti Suzuki S-Cross
Maruti Suzuki,Baleno,2024,0,9000.0,0,0,0,18500,Maruti Suzuki Baleno
Volkswagen,Beetle,2010,14,34000.0,1,1,0,1449000,Volkswagen Beetle
Ford,Endeavour,2017,7,87000.0,1,1,1,1600000,Ford Endeavour
Kia,Seltos,2020,4,46000.0,0,0,0,1070000,Kia Seltos
Maruti Suzuki,Alto,2006,18,65789.0,0,0,0,69999,Maruti Suzuki Alto
Mahindra,Thar,2015,9,29000.0,0,1,1,670000,Mahindra Thar
BMW,3 Series GT,2015,9,61000.0,1,1,1,1500000,BMW 3 Series GT
Toyota,Fortuner,2013,11,105000.0,1,1,1,1690000,Toyota Fortuner
Mercedes-Benz,GLC,2020,4,47000.0,1,0,1,4900000,Mercedes-Benz GLC
Volkswagen,Polo,2020,4,45000.0,0,0,0,685000,Volkswagen Polo
Mercedes-Benz,E-Class,2015,9,69000.0,1,1,1,1575000,Mercedes-Benz E-Class
Tata,Nexon,2022,2,44000.0,1,0,0,810000,Tata Nexon
Hyundai,Grand i10,2017,7,31000.0,0,1,0,475000,Hyundai Grand i10
Tata,Nexon,2018,6,14000.0,0,1,0,750000,Tata Nexon
Mercedes-Benz,E-Class,2011,13,133000.0,1,1,1,1500000,Mercedes-Benz E-Class
Maruti Suzuki,Swift-Dzire,2011,13,68000.0,0,0,0,184000,Maruti Suzuki Swift-Dzire
BMW,3 Series Gran Limousine,2015,9,61000.0,1,1,1,1500000,BMW 3 Series Gran Limousine
Honda,City,2015,9,72500.0,1,1,0,450000,Honda City
Kia,Seltos,2021,3,97000.0,0,0,0,1250000,Kia Seltos
Renault,KWID,2017,7,65858.0,0,1,0,150000,Renault KWID
Toyota,Fortuner,2013,11,119000.0,1,0,1,1449000,Toyota Fortuner
Maruti Suzuki,Eeco,2014,10,98000.0,0,1,0,260000,Maruti Suzuki Eeco
Honda,City,2014,10,65000.0,0,0,0,499999,Honda City
Mercedes-Benz,GLE Class,2017,7,59000.0,1,1,0,4385000,Mercedes-Benz GLE Class
Maruti Suzuki,Vitara-Brezza,2017,7,120000.0,0,0,1,630000,Maruti Suzuki Vitara-Brezza
Mercedes-Benz,GL-Class,2013,11,92203.0,1,1,1,2751000,Mercedes-Benz GL-Class
Maruti Suzuki,Wagon-R,2016,8,65000.0,0,1,0,310000,Maruti Suzuki Wagon-R
BMW,6 Series,2019,5,39000.0,1,0,0,4590000,BMW 6 Series
Hyundai,Verna,2019,5,145000.0,0,0,1,845000,Hyundai Verna
Mercedes-Benz,E-Class,2010,14,85000.0,1,1,0,599000,Mercedes-Benz E-Class
Maruti Suzuki,Swift,2019,5,50000.0,1,1,0,521111,Maruti Suzuki Swift
BMW,X1,2021,3,35061.0,1,0,1,3249000,BMW X1
Tata,Hexa,2017,7,89000.0,1,1,1,949000,Tata Hexa
Toyota,Fortuner,2018,6,75000.0,0,1,1,2575000,Toyota Fortuner
Mercedes-Benz,A-Class Limousine,2023,1,3000.0,1,0,1,4000000,Mercedes-Benz A-Class Limousine
Maruti Suzuki,Brezza,2018,6,59000.0,0,1,1,825000,Maruti Suzuki Brezza
Maruti Suzuki,Swift-Dzire,2012,12,97000.0,0,1,1,395000,Maruti Suzuki Swift-Dzire
Audi,A6,2015,9,108000.0,1,1,1,1580000,Audi A6
Mahindra,XUV700,2022,2,28581.0,1,0,0,2550000,Mahindra XUV700
Toyota,Fortuner,2013,11,169000.0,1,0,1,1295000,Toyota Fortuner
Mahindra,XUV500,2018,6,89000.0,1,1,1,1294000,Mahindra XUV500
Hyundai,Creta,2021,3,62000.0,0,1,1,1390000,Hyundai Creta
Volkswagen,Vento,2015,9,60000.0,1,0,0,453000,Volkswagen Vento
Toyota,Etios Cross,2015,9,60000.0,0,0,0,510000,Toyota Etios Cross
Tata,Safari,2021,3,54000.0,1,0,1,1495000,Tata Safari
Maruti Suzuki,Swift,2006,18,72000.0,0,1,0,250000,Maruti Suzuki Swift
Honda,Amaze,2014,10,53000.0,1,0,0,375000,Honda Amaze
Jaguar,XE,2018,6,75000.0,1,0,1,1950000,Jaguar XE
Hyundai,Santro,2009,15,70000.0,0,1,0,99000,Hyundai Santro
MG,ASTOR,2024,0,36000.0,1,0,0,1550000,MG ASTOR
Nissan,Sunny,2012,12,77695.0,0,1,1,265000,Nissan Sunny
Hyundai,Grand i10,2017,7,47827.0,1,1,0,475000,Hyundai Grand i10
Maruti Suzuki,Ertiga,2015,9,63000.0,0,1,0,499000,Maruti Suzuki Ertiga
Mercedes-Benz,GLS,2020,4,59000.0,1,1,1,7675000,Mercedes-Benz GLS
Kia,Seltos,2019,5,61000.0,1,0,0,1049000,Kia Seltos
Maruti Suzuki,Swift,2017,7,65000.0,0,0,0,421000,Maruti Suzuki Swift
Maruti Suzuki,Baleno,2017,7,45000.0,0,0,0,474000,Maruti Suzuki Baleno
Mahindra,Bolero Neo,2022,2,45000.0,0,0,1,990000,Mahindra Bolero Neo
Audi,A4,2011,13,86000.0,1,1,1,575000,Audi A4
Maruti Suzuki,Wagon R,2020,4,91000.0,0,1,0,524999,Maruti Suzuki Wagon R
Chevrolet,Beat,2017,7,70000.0,0,1,0,180000,Chevrolet Beat
Mercedes-Benz,E-Class,2014,10,73000.0,1,1,1,1230000,Mercedes-Benz E-Class
Ford,Ecosport,2013,11,75000.0,0,0,1,320000,Ford Ecosport
Hyundai,i10,2010,14,32308.0,0,0,0,210000,Hyundai i10
Honda,City ZX,2008,16,71500.0,0,1,0,109000,Honda City ZX
Maruti Suzuki,Ciaz,2015,9,72000.0,1,0,0,535111,Maruti Suzuki Ciaz
Hyundai,Eon,2012,12,94000.0,0,1,0,150000,Hyundai Eon
Kia,Seltos,2021,3,54000.0,0,0,0,1190000,Kia Seltos
Toyota,Innova Crysta,2016,8,142500.0,1,1,1,1581000,Toyota Innova Crysta
Jeep,Compass,2017,7,57000.0,0,0,1,890000,Jeep Compass
Hyundai,Verna,2012,12,95000.0,0,0,1,225000,Hyundai Verna
Tata,Harrier,2020,4,116000.0,1,0,1,1375000,Tata Harrier
Hyundai,Grand i10,2017,7,55000.0,1,1,0,395000,Hyundai Grand i10
Maruti Suzuki,Swift-Dzire,2018,6,65000.0,0,0,1,700000,Maruti Suzuki Swift-Dzire
Ford,Fiesta,2011,13,120000.0,0,1,1,225000,Ford Fiesta
Land Rover,Range Rover Evoque,2011,13,120000.0,1,1,1,1575000,Land Rover Range Rover Evoque
Maruti Suzuki,Celerio,2014,10,62000.0,1,1,0,330000,Maruti Suzuki Celerio
Maruti Suzuki,Wagon-R-1-0,2007,17,202000.0,0,1,0,150000,Maruti Suzuki Wagon-R-1-0
Hyundai,i20,2015,9,58000.0,0,0,0,468000,Hyundai i20
Mahindra,Thar,2021,3,10000.0,1,1,0,1345000,Mahindra Thar
Maruti Suzuki,Baleno,2016,8,63100.0,1,1,0,585000,Maruti Suzuki Baleno
Mahindra,XUV500,2016,8,85800.0,1,1,1,1175000,Mahindra XUV500
BMW,5 Series,2016,8,47000.0,1,1,1,2500000,BMW 5 Series
Volkswagen,VentoTest,2018,6,74000.0,1,1,0,539999,Volkswagen VentoTest
Toyota,Innova Crysta,2017,7,174000.0,1,1,1,1985000,Toyota Innova Crysta
Hyundai,Santa Fe,2014,10,72000.0,1,1,1,715000,Hyundai Santa Fe
Honda,Amaze,2016,8,7500.0,0,0,0,439999,Honda Amaze
Toyota,Fortuner,2019,5,90000.0,0,0,1,2750000,Toyota Fortuner
Renault,Triber,2021,3,39000.0,1,0,0,650000,Renault Triber
Mahindra,Thar,2021,3,48700.0,0,0,0,1290000,Mahindra Thar
Kia,Seltos,2019,5,103000.0,1,0,1,1225000,Kia Seltos
Mercedes-Benz,GLE COUPE,2017,7,38700.0,1,1,0,5490000,Mercedes-Benz GLE COUPE
Maruti Suzuki,S-Cross,2018,6,117000.0,0,0,1,799000,Maruti Suzuki S-Cross
Mahindra,Bolero,2015,9,119860.0,0,1,1,760000,Mahindra Bolero
Tata,Indica Vista,2013,11,64000.0,0,1,1,135000,Tata Indica Vista
Volkswagen,VentoTest,2015,9,96000.0,1,0,1,445000,Volkswagen VentoTest
Tata,Tiago,2020,4,33000.0,1,1,0,495000,Tata Tiago
Maruti Suzuki,Wagon-R,2016,8,34000.0,1,0,0,425000,Maruti Suzuki Wagon-R
Honda,City,2017,7,59000.0,1,0,0,875000,Honda City
Hyundai,i20 Active,2015,9,80000.0,0,1,0,374999,Hyundai i20 Active
Hyundai,Venue N Line,2023,1,9000.0,1,0,0,1290000,Hyundai Venue N Line
BMW,3 Series GT,2016,8,60000.0,1,1,1,2575000,BMW 3 Series GT
MG,Hector,2019,5,23000.0,1,0,0,1195000,MG Hector
Hyundai,Verna,2011,13,60000.0,1,1,0,285000,Hyundai Verna
Mercedes-Benz,GLS,2019,5,79000.0,1,1,1,5300000,Mercedes-Benz GLS
Maruti Suzuki,S-Cross1,2018,6,140000.0,0,1,1,650000,Maruti Suzuki S-Cross1
Hyundai,i20,2013,11,59000.0,0,1,0,259000,Hyundai i20
Isuzu,MUX,2019,5,185000.0,1,0,1,1535000,Isuzu MUX
Tata,Tiago,2018,6,64000.0,1,0,0,490000,Tata Tiago
Hyundai,Creta,2020,4,38000.0,0,0,1,1130000,Hyundai Creta
Hyundai,Grand i10,2014,10,94000.0,1,1,0,465000,Hyundai Grand i10
Hyundai,i10,2011,13,69000.0,0,1,0,210000,Hyundai i10
Hyundai,i20,2020,4,43000.0,0,0,0,675000,Hyundai i20
Renault,Kiger,2021,3,12000.0,1,0,0,875000,Renault Kiger
Maruti Suzuki,Ciaz,2017,7,58234.0,0,0,1,619999,Maruti Suzuki Ciaz
Hyundai,Alcazar,2021,3,53000.0,1,0,1,1860000,Hyundai Alcazar
Toyota,Fortuner,2017,7,30000.0,1,1,1,3495000,Toyota Fortuner
Mercedes-Benz,C-Class,2017,7,42000.0,1,0,0,2665000,Mercedes-Benz C-Class
BMW,7 Series,2009,15,40000.0,1,0,0,1000000,BMW 7 Series
Renault,KWID,2018,6,110000.0,0,1,0,285000,Renault KWID
Honda,CR-V,2007,17,45000.0,1,0,0,499000,Honda CR-V
Hyundai,i20,2021,3,62000.0,0,0,1,775000,Hyundai i20
Hyundai,Grand i10,2014,10,55000.0,0,1,0,315000,Hyundai Grand i10
Volkswagen,Polo,2015,9,65000.0,0,0,0,375000,Volkswagen Polo
Hyundai,Elite i20,2016,8,42000.0,0,0,1,725000,Hyundai Elite i20
Maruti Suzuki,Ertiga,2012,12,100000.0,0,0,1,535000,Maruti Suzuki Ertiga
Maruti Suzuki,Ciaz,2019,5,81000.0,1,0,0,690000,Maruti Suzuki Ciaz
Maruti Suzuki,maruti-suzuki-brezza,2019,5,100000.0,0,1,1,825000,Maruti Suzuki maruti-suzuki-brezza
Volkswagen,Taigun,2021,3,20000.0,1,0,0,1620000,Volkswagen Taigun
Hyundai,Creta,2020,4,40000.0,0,0,0,1165000,Hyundai Creta
Hyundai,Creta,2017,7,83000.0,0,0,1,760000,Hyundai Creta
Mahindra,XUV500,2017,7,118000.0,1,1,1,749000,Mahindra XUV500
Maruti Suzuki,Swift,2017,7,69300.0,0,0,0,530000,Maruti Suzuki Swift
Kia,Sonet,2022,2,13000.0,0,0,1,1090000,Kia Sonet
MG,ASTOR,2023,1,8900.0,1,0,0,1325000,MG ASTOR
Ford,Figo,2011,13,140000.0,0,0,1,119000,Ford Figo
Toyota,Fortuner,2017,7,130000.0,1,0,1,2845000,Toyota Fortuner
Audi,A3,2016,8,99000.0,1,1,1,949000,Audi A3
Toyota,Corolla Altis,2016,8,115000.0,1,1,0,725000,Toyota Corolla Altis
Tata,tata-punch,2023,1,5800.0,1,0,0,839999,Tata tata-punch
Land Rover,Discovery Sport,2019,5,64256.0,1,0,1,3250000,Land Rover Discovery Sport
Toyota,Camry,2016,8,130000.0,1,1,0,1275000,Toyota Camry
Mahindra,XUV 300,2020,4,79000.0,0,1,1,991000,Mahindra XUV 300
Hyundai,Xcent,2015,9,63300.0,0,1,1,305000,Hyundai Xcent
Hyundai,i20,2019,5,83300.0,0,0,1,665000,Hyundai i20
Maruti Suzuki,Ritz,2014,10,100000.0,0,1,1,365000,Maruti Suzuki Ritz
Mahindra,XUV500,2017,7,76000.0,1,1,1,760000,Mahindra XUV500
Audi,Q7,2014,10,45000.0,1,1,1,1200000,Audi Q7
Maruti Suzuki,Wagon-R-1-0,2018,6,32000.0,1,1,0,490000,Maruti Suzuki Wagon-R-1-0
Maruti Suzuki,Celerio,2017,7,62000.0,1,0,0,370000,Maruti Suzuki Celerio
Mahindra,XUV500,2017,7,59000.0,1,0,1,1275000,Mahindra XUV500
Toyota,Innova Crysta,2016,8,120000.0,1,1,1,1600000,Toyota Innova Crysta
Nissan,Magnite,2023,1,15000.0,0,0,0,650000,Nissan Magnite
Maruti Suzuki,Swift-Dzire,2019,5,25000.0,1,0,0,690000,Maruti Suzuki Swift-Dzire
Land Rover,Range Rover Sport,2018,6,99000.0,1,0,1,7500000,Land Rover Range Rover Sport
Hyundai,EON,2018,6,33000.0,0,0,0,280000,Hyundai EON
Kia,Seltos,2019,5,78000.0,1,0,1,1245000,Kia Seltos
Maruti Suzuki,Swift,2013,11,68554.0,0,1,1,332000,Maruti Suzuki Swift
Mercedes-Benz,C-Class,2022,2,220000.0,1,0,1,5900000,Mercedes-Benz C-Class
Toyota,Innova Crysta,2016,8,56000.0,1,0,1,1550000,Toyota Innova Crysta
Toyota,Innova,2012,12,250000.0,0,1,1,675000,Toyota Innova
Maruti Suzuki,Wagon-R-1-0,2019,5,42500.0,0,1,0,360000,Maruti Suzuki Wagon-R-1-0
Volkswagen,Polo,2017,7,20000.0,0,0,0,570000,Volkswagen Polo
Hyundai,Venue,2019,5,41973.0,1,1,0,749991,Hyundai Venue
Mahindra,Bolero,2018,6,82000.0,0,0,1,651000,Mahindra Bolero
Maruti Suzuki,Wagon-R,2010,14,140849.0,0,0,0,175000,Maruti Suzuki Wagon-R
Maruti Suzuki,Ertiga,2014,10,141500.0,0,0,1,665000,Maruti Suzuki Ertiga
Mahindra,XUV500,2014,10,80879.0,0,1,1,500000,Mahindra XUV500
Renault,Duster,2013,11,104000.0,0,0,1,290000,Renault Duster
Hyundai,Venue,2023,1,6000.0,0,0,0,890000,Hyundai Venue
BMW,5 Series,2018,6,88000.0,1,1,1,2900000,BMW 5 Series
Volkswagen,Passat,2010,14,78000.0,0,1,0,299999,Volkswagen Passat
Mercedes-Benz,C-Class,2017,7,42000.0,1,1,0,2275000,Mercedes-Benz C-Class
Honda,City,2013,11,115000.0,0,1,0,450000,Honda City
Hyundai,Grand i10,2014,10,47000.0,1,1,0,455000,Hyundai Grand i10
Maruti Suzuki,Celerio,2019,5,45000.0,1,1,0,450000,Maruti Suzuki Celerio
Maruti Suzuki,maruti-suzuki-brezza,2017,7,116000.0,0,0,1,750000,Maruti Suzuki maruti-suzuki-brezza
Toyota,Innova Crysta,2018,6,85000.0,0,1,1,1420000,Toyota Innova Crysta
Hyundai,Fluidic Verna,2018,6,76000.0,1,0,1,875000,Hyundai Fluidic Verna
BMW,5 Series,2019,5,38000.0,1,0,1,4900000,BMW 5 Series
Hyundai,Sonata,2014,10,78000.0,1,1,0,475000,Hyundai Sonata
Maruti Suzuki,Ertiga,2019,5,92000.0,0,0,1,1071000,Maruti Suzuki Ertiga
Honda,City,2013,11,43000.0,0,0,0,275000,Honda City
Maruti Suzuki,Celerio X,2018,6,38000.0,1,1,0,400000,Maruti Suzuki Celerio X
Porsche,Cayenne Coupe,2021,3,19000.0,1,1,0,11000000,Porsche Cayenne Coupe
Honda,Amaze,2015,9,66000.0,0,1,1,340000,Honda Amaze
Isuzu,D-Max V-Cross,2018,6,95000.0,0,0,1,1275000,Isuzu D-Max V-Cross
BMW,X1,2018,6,81000.0,1,1,1,1875000,BMW X1
Toyota,Fortuner,2015,9,85000.0,1,0,1,1490000,Toyota Fortuner
Volkswagen,Virtus,2023,1,17000.0,1,0,0,1800000,Volkswagen Virtus
Mahindra,Bolero,2022,2,13500.0,0,0,1,865000,Mahindra Bolero
Mahindra,Alturas G4,2022,2,25000.0,1,0,1,2690000,Mahindra Alturas G4
Hyundai,Creta,2015,9,140000.0,1,0,1,845000,Hyundai Creta
Kia,Carens,2022,2,11000.0,0,0,0,1125000,Kia Carens
Kia,Seltos,2021,3,26000.0,1,1,0,1275000,Kia Seltos
Mahindra,Xylo,2018,6,69863.0,0,0,1,685000,Mahindra Xylo
Hyundai,Elite i20,2014,10,39000.0,0,0,0,479999,Hyundai Elite i20
Maruti Suzuki,Vitara-Brezza,2017,7,50000.0,0,0,1,755000,Maruti Suzuki Vitara-Brezza
Skoda,Rapid,2016,8,40000.0,0,0,0,469000,Skoda Rapid
Toyota,Urban Cruiser Hyryder,2023,1,9100.0,1,0,0,2120000,Toyota Urban Cruiser Hyryder
Toyota,Innova Crysta,2020,4,45000.0,1,0,1,2199000,Toyota Innova Crysta
Hyundai,i20,2015,9,25.0,1,1,1,450000,Hyundai i20
Hyundai,Elite i20,2015,9,140000.0,0,0,1,585000,Hyundai Elite i20
Chevrolet,Beat,2011,13,57400.0,0,1,0,99000,Chevrolet Beat
Honda,City,2011,13,76000.0,1,1,0,295000,Honda City
Volkswagen,Polo,2014,10,75000.0,0,1,1,345000,Volkswagen Polo
Tata,Safari,2023,1,41000.0,0,0,1,1695000,Tata Safari
Maruti Suzuki,800,2005,19,65000.0,0,1,0,96000,Maruti Suzuki 800
Nissan,Terrano,2014,10,90000.0,0,0,1,420000,Nissan Terrano
Tata,Indigo Ecs,2013,11,90000.0,1,1,1,65000,Tata Indigo Ecs
Maruti Suzuki,Eeco,2022,2,8500.0,0,1,0,550000,Maruti Suzuki Eeco
Mini,Cooper Convertible,2018,6,28000.0,1,1,0,4099000,Mini Cooper Convertible
Maruti Suzuki,Swift,2010,14,95000.0,0,1,1,227000,Maruti Suzuki Swift
BMW,X1,2019,5,60000.0,1,1,1,2150000,BMW X1
Ford,Fiesta,2008,16,122000.0,0,1,0,150000,Ford Fiesta
Hyundai,Santro Xing,2011,13,114032.0,0,1,0,125000,Hyundai Santro Xing
Hyundai,Verna,2016,8,65426.0,1,1,0,570000,Hyundai Verna
Honda,City ZX,2022,2,38000.0,1,1,0,1450000,Honda City ZX
Mercedes-Benz,E-Class,2017,7,69000.0,1,0,1,3075000,Mercedes-Benz E-Class
Hyundai,Creta,2019,5,24000.0,1,1,0,1175000,Hyundai Creta
Mahindra,Thar,2023,1,26000.0,0,0,1,1490000,Mahindra Thar
Hyundai,Creta,2017,7,54000.0,1,0,0,940000,Hyundai Creta
Hyundai,Fluidic Verna,2018,6,25000.0,0,0,0,840000,Hyundai Fluidic Verna
Maruti Suzuki,Wagon-R,2023,1,10000.0,0,0,0,525000,Maruti Suzuki Wagon-R
Hyundai,EON,2017,7,56000.0,0,0,0,277000,Hyundai EON
Maruti Suzuki,XL6,2019,5,57000.0,1,1,0,1150000,Maruti Suzuki XL6
Maruti Suzuki,Ciaz,2019,5,24000.0,1,1,0,855000,Maruti Suzuki Ciaz
Mahindra,Thar,2020,4,40000.0,0,0,1,1195000,Mahindra Thar
Renault,KWID,2017,7,59000.0,0,1,0,350000,Renault KWID
Porsche,Cayenne,2017,7,49650.0,1,1,0,5850000,Porsche Cayenne
Mercedes-Benz,GLS,2023,1,16000.0,1,0,1,15900000,Mercedes-Benz GLS
Mercedes-Benz,E-Class,2013,11,50000.0,1,1,1,1090000,Mercedes-Benz E-Class
Hyundai,Venue,2019,5,82000.0,0,0,1,1025000,Hyundai Venue
Mitsubishi,Pajero Sport,2015,9,850000.0,1,1,1,875000,Mitsubishi Pajero Sport
Hyundai,Verna,2017,7,70000.0,1,0,1,650000,Hyundai Verna
Toyota,Etios,2011,13,39000.0,0,0,0,425000,Toyota Etios
Kia,Seltos,2020,4,16800.0,1,0,0,1540000,Kia Seltos
Jaguar,F-Pace,2018,6,57900.0,1,1,1,3550000,Jaguar F-Pace
Mercedes-Benz,E-Class,2017,7,35000.0,1,0,1,3800000,Mercedes-Benz E-Class
Maruti Suzuki,Baleno,2019,5,46000.0,1,0,0,649000,Maruti Suzuki Baleno
Audi,Q3,2016,8,114000.0,1,1,1,1750000,Audi Q3
Hyundai,i10,2010,14,91000.0,1,0,0,340000,Hyundai i10
Hyundai,Creta,2017,7,85000.0,1,0,0,669000,Hyundai Creta
Mercedes-Benz,C-Class,2016,8,47000.0,1,1,1,1999999,Mercedes-Benz C-Class
Tata,Tiago,2017,7,39629.0,1,0,0,450000,Tata Tiago
Audi,Q3,2018,6,56000.0,1,0,1,3450000,Audi Q3
Maruti Suzuki,Wagon-R,2011,13,90000.0,0,1,0,150000,Maruti Suzuki Wagon-R
Maruti Suzuki,Vitara-Brezza,2016,8,70000.0,0,1,1,460000,Maruti Suzuki Vitara-Brezza
Mahindra,Bolero Neo,2023,1,5500.0,0,0,1,1050000,Mahindra Bolero Neo
Maruti Suzuki,maruti-suzuki-dzire,2018,6,58000.0,0,1,0,575000,Maruti Suzuki maruti-suzuki-dzire
Maruti Suzuki,Baleno,2023,1,40600.0,0,0,0,755000,Maruti Suzuki Baleno
Hyundai,Verna,2012,12,198.0,0,1,0,190000,Hyundai Verna
Toyota,Corolla Altis,2014,10,70000.0,1,1,0,590000,Toyota Corolla Altis
Audi,A4,2018,6,63000.0,1,1,0,2350000,Audi A4
Honda,City,2012,12,52000.0,0,1,0,285000,Honda City
Tata,Sumo Victa,2013,11,85000.0,0,1,1,159000,Tata Sumo Victa
Toyota,Innova,2013,11,120000.0,0,0,1,1050000,Toyota Innova
Honda,City,2018,6,38000.0,0,0,0,730000,Honda City
Mercedes-Benz,C-Class,2015,9,90000.0,1,1,1,1490000,Mercedes-Benz C-Class
Renault,Triber,2020,4,42000.0,0,0,0,525000,Renault Triber
Tata,Indica Ev2,2015,9,13527.0,0,1,1,100000,Tata Indica Ev2
Mercedes-Benz,GLC Class,2021,3,15650.0,1,0,0,5100000,Mercedes-Benz GLC Class
Ford,Figo,2012,12,149500.0,0,1,1,170000,Ford Figo
Hyundai,Xcent,2014,10,90000.0,0,1,1,445000,Hyundai Xcent
Kia,Carnival,2020,4,60000.0,0,0,1,3250000,Kia Carnival
BMW,X1,2012,12,33000.0,1,0,1,450000,BMW X1
Fiat,Grand Punto,2010,14,65000.0,0,0,1,175000,Fiat Grand Punto
Hyundai,i20,2009,15,68000.0,0,1,0,221000,Hyundai i20
Audi,A6,2012,12,48000.0,1,0,1,941000,Audi A6
Maruti Suzuki,Swift,2019,5,70000.0,1,0,0,675000,Maruti Suzuki Swift
Hyundai,Verna,2020,4,50400.0,0,1,0,965000,Hyundai Verna
Toyota,Innova,2015,9,93200.0,0,0,1,859999,Toyota Innova
Honda,Jazz,2016,8,44000.0,0,1,0,490000,Honda Jazz
Mercedes-Benz,S-Class,2007,17,77000.0,1,1,0,699999,Mercedes-Benz S-Class
Maruti Suzuki,Baleno,2018,6,68000.0,0,0,1,490000,Maruti Suzuki Baleno
Volkswagen,Polo,2016,8,115000.0,0,0,1,640000,Volkswagen Polo
Maruti Suzuki,Ritz,2010,14,152000.0,0,0,0,160000,Maruti Suzuki Ritz
Hyundai,Eon,2012,12,50400.0,0,0,0,165000,Hyundai Eon
BMW,5 Series,2013,11,60000.0,1,1,1,1395000,BMW 5 Series
Hyundai,Creta,2017,7,69000.0,1,1,0,785000,Hyundai Creta
Toyota,Fortuner,2017,7,112000.0,1,0,1,2950000,Toyota Fortuner
Renault,Lodgy,2015,9,70000.0,0,0,1,525000,Renault Lodgy
Honda,Jazz,2016,8,34000.0,0,0,0,425000,Honda Jazz
Mercedes-Benz,GLS,2018,6,59950.0,1,0,1,6211000,Mercedes-Benz GLS
Volvo,S60,2016,8,115000.0,1,0,1,1790000,Volvo S60
Audi,A6,2014,10,99000.0,1,0,1,849000,Audi A6
BMW,5 Series,2014,10,70000.0,1,1,1,1550000,BMW 5 Series
Maruti Suzuki,Alto-K10,2011,13,71500.0,1,1,0,175000,Maruti Suzuki Alto-K10
Hyundai,Aura,2021,3,38000.0,0,1,0,485000,Hyundai Aura
Datsun,GO,2019,5,34000.0,0,0,0,300000,Datsun GO
BMW,X1,2016,8,69000.0,1,1,1,1525111,BMW X1
Honda,WRV,2018,6,85000.0,0,1,1,600000,Honda WRV
Honda,Civic,2007,17,10645.0,0,1,0,180000,Honda Civic
Mahindra,XUV700,2022,2,31000.0,1,0,0,1695000,Mahindra XUV700
Maruti Suzuki,Esteem,2001,23,87000.0,0,1,0,72000,Maruti Suzuki Esteem
Ford,Figo,2015,9,120000.0,0,1,1,320000,Ford Figo
Maruti Suzuki,Swift,2020,4,33000.0,0,0,0,625000,Maruti Suzuki Swift
Rolls-Royce,Phantom Series II,2015,9,11500.0,1,1,0,42500000,Rolls-Royce Phantom Series II
Mahindra,Thar,2020,4,45000.0,1,1,1,1380000,Mahindra Thar
Fiat,Punto,2010,14,117500.0,0,1,1,149900,Fiat Punto
Mahindra,XUV500,2015,9,17000.0,0,1,1,750000,Mahindra XUV500
Honda,City,2016,8,37000.0,1,0,0,690000,Honda City
Toyota,Innova Crysta,2021,3,72000.0,0,0,1,2630000,Toyota Innova Crysta
Toyota,Etios,2017,7,115.0,0,1,1,425000,Toyota Etios
Maruti Suzuki,Wagon R,2022,2,12000.0,0,0,0,550000,Maruti Suzuki Wagon R
Mercedes-Benz,C-Class,2011,13,64321.0,1,1,1,975000,Mercedes-Benz C-Class
Kia,Seltos,2022,2,30000.0,1,0,0,1325000,Kia Seltos
Mercedes-Benz,CLA,2019,5,63000.0,1,1,1,2150000,Mercedes-Benz CLA
Hyundai,i20,2012,12,78695.0,0,1,1,285000,Hyundai i20
Hyundai,i20,2013,11,85000.0,0,1,1,330000,Hyundai i20
Kia,Seltos,2020,4,35231.0,0,0,0,849101,Kia Seltos
Hyundai,Alcazar,2023,1,2500.0,1,0,0,1800000,Hyundai Alcazar
BMW,5 Series,2013,11,68000.0,1,1,1,1525111,BMW 5 Series
Honda,Jazz,2018,6,59000.0,1,1,0,620000,Honda Jazz
Audi,A6,2012,12,72000.0,1,0,1,975000,Audi A6
Land Rover,Range Rover Evoque,2013,11,69000.0,1,1,1,2400000,Land Rover Range Rover Evoque
Hyundai,Verna,2018,6,57000.0,1,0,0,851000,Hyundai Verna
Mercedes-Benz,E-Class,2014,10,78000.0,1,1,0,1250000,Mercedes-Benz E-Class
Volkswagen,Polo,2022,2,27000.0,0,1,0,849000,Volkswagen Polo
Honda,City,2014,10,70000.0,1,1,0,525000,Honda City
Hyundai,Creta,2017,7,67000.0,1,0,1,899999,Hyundai Creta
Hyundai,i20,2017,7,125000.0,0,1,1,609000,Hyundai i20
Toyota,Innova Crysta,2019,5,68000.0,1,1,1,1745000,Toyota Innova Crysta
Tata,Safari Storme,2017,7,77000.0,0,0,1,725000,Tata Safari Storme
Skoda,Fabia,2011,13,95000.0,0,0,0,175000,Skoda Fabia
Toyota,Innova,2012,12,70000.0,0,0,1,750000,Toyota Innova
Mahindra,Xylo,2018,6,42000.0,0,1,1,870000,Mahindra Xylo
Ambassador,Ambassador,2008,16,,0,0,1,150000,Ambassador Ambassador
Renault,Duster,2019,5,51000.0,1,1,0,550000,Renault Duster
Toyota,Innova Crysta,2022,2,6100.0,0,0,1,2195000,Toyota Innova Crysta
Kia,Seltos,2019,5,19000.0,0,0,0,1170000,Kia Seltos
Renault,KWID,2019,5,89000.0,0,0,0,265000,Renault KWID
Fiat,Linea,2014,10,154000.0,0,1,0,265000,Fiat Linea
Mahindra,XUV500,2017,7,125000.0,1,0,1,1100000,Mahindra XUV500
Maruti Suzuki,A-Star,2010,14,78000.0,0,1,0,234999,Maruti Suzuki A-Star
Hyundai,i20,2010,14,72000.0,1,1,0,275000,Hyundai i20
Hyundai,Santro,2020,4,32000.0,1,1,0,460000,Hyundai Santro
Maruti Suzuki,Alto-800,2013,11,80000.0,0,1,0,135000,Maruti Suzuki Alto-800
Toyota,Fortuner,2014,10,70000.0,1,0,1,1895000,Toyota Fortuner
Mercedes-Benz,E-Class,2019,5,40000.0,1,0,1,5500000,Mercedes-Benz E-Class
Mahindra,Scorpio Classic,2019,5,97000.0,0,0,1,1300000,Mahindra Scorpio Classic
Honda,Jazz,2018,6,32000.0,0,0,0,465000,Honda Jazz
Mercedes-Benz,GLC,2019,5,39000.0,1,1,1,3750000,Mercedes-Benz GLC
Maruti Suzuki,Vitara-Brezza,2019,5,105919.0,0,0,1,890000,Maruti Suzuki Vitara-Brezza
Honda,Amaze,2019,5,67000.0,1,1,0,575000,Honda Amaze
Maruti Suzuki,Ritz,2015,9,64000.0,0,1,0,295000,Maruti Suzuki Ritz
Maruti Suzuki,Celerio,2019,5,82000.0,1,0,0,490000,Maruti Suzuki Celerio
Maruti Suzuki,Celerio,2017,7,142000.0,1,0,0,345000,Maruti Suzuki Celerio
Audi,A3,2015,9,42000.0,1,1,1,1050000,Audi A3
Audi,A3,2015,9,42000.0,1,1,1,1050000,Audi A3
Skoda,Rapid,2021,3,40000.0,1,1,0,900000,Skoda Rapid
Maruti Suzuki,Wagon-R,2016,8,39000.0,1,1,0,445000,Maruti Suzuki Wagon-R
Hyundai,Verna,2018,6,90000.0,0,0,1,999000,Hyundai Verna
Maruti Suzuki,Fronx,2024,0,4500.0,1,0,0,850000,Maruti Suzuki Fronx
Kia,Seltos,2023,1,10000.0,1,0,1,2030000,Kia Seltos
Toyota,Fortuner,2021,3,40000.0,1,0,1,4050000,Toyota Fortuner
Nissan,Sunny,2012,12,114000.0,0,1,1,335000,Nissan Sunny
Tata,Nexon,2020,4,30500.0,1,1,0,900000,Tata Nexon
Maruti Suzuki,Swift,2016,8,63653.0,0,1,1,615000,Maruti Suzuki Swift
Volkswagen,Polo,2016,8,67500.0,1,1,0,591000,Volkswagen Polo
Hyundai,i20,2021,3,14000.0,1,0,0,795000,Hyundai i20
Hyundai,i20,2018,6,63000.0,0,0,0,595000,Hyundai i20
Mini,Cooper 3 DOOR,2021,3,19500.0,1,0,0,5200000,Mini Cooper 3 DOOR
Mahindra,TUV,2015,9,58000.0,0,0,1,460000,Mahindra TUV
Mahindra,XUV700,2022,2,79000.0,1,0,1,2350000,Mahindra XUV700
Audi,Q3,2014,10,92000.0,1,1,1,795000,Audi Q3
Maruti Suzuki,Baleno,2016,8,55000.0,1,1,0,445000,Maruti Suzuki Baleno
BMW,5 Series,2017,7,95000.0,1,0,1,2090000,BMW 5 Series
Hyundai,i10,2008,16,70000.0,1,1,0,110000,Hyundai i10
Tata,Harrier,2020,4,46000.0,1,1,1,1735000,Tata Harrier
Hyundai,Creta,2019,5,94000.0,1,0,1,1051000,Hyundai Creta
Honda,City,2017,7,70000.0,1,0,0,825000,Honda City
BMW,5 Series,2014,10,90000.0,1,1,1,1221000,BMW 5 Series
Hyundai,Venue,2021,3,50000.0,0,0,1,875000,Hyundai Venue
Datsun,GO,2019,5,70000.0,1,1,0,190000,Datsun GO
Hyundai,Creta,2021,3,85000.0,0,0,1,1221000,Hyundai Creta
Hyundai,Grand i10 Nios,2020,4,27500.0,0,1,0,540000,Hyundai Grand i10 Nios
Tata,Harrier,2020,4,85000.0,1,1,1,1495000,Tata Harrier
Honda,Accord,2012,12,45000.0,0,0,0,425000,Honda Accord
Maruti Suzuki,Ciaz,2015,9,76222.0,0,0,1,570000,Maruti Suzuki Ciaz
Honda,City,2016,8,85000.0,1,1,0,649999,Honda City
Honda,Civic,2010,14,86000.0,1,1,0,238000,Honda Civic
Maruti Suzuki,Alto-K10,2018,6,64000.0,1,0,0,330000,Maruti Suzuki Alto-K10
Maruti Suzuki,Ritz,2011,13,110067.0,0,0,1,190000,Maruti Suzuki Ritz
Honda,City,2001,23,,0,1,0,55000,Honda City
Hyundai,Verna,2014,10,73000.0,0,1,0,465000,Hyundai Verna
Mahindra,Bolero,2016,8,113000.0,0,1,1,739000,Mahindra Bolero
Audi,A4,2016,8,98000.0,1,1,1,1375000,Audi A4
Hyundai,Creta,2021,3,29997.0,0,0,0,1300000,Hyundai Creta
Maruti Suzuki,Swift-Dzire,2014,10,43000.0,1,1,0,395000,Maruti Suzuki Swift-Dzire
Maruti Suzuki,Ciaz,2019,5,51000.0,1,1,0,725000,Maruti Suzuki Ciaz
Honda,City,2011,13,77000.0,1,1,0,419999,Honda City
Toyota,Fortuner,2018,6,67000.0,0,1,1,2875000,Toyota Fortuner
Maruti Suzuki,Swift,2018,6,32321.0,0,0,0,489101,Maruti Suzuki Swift
Maruti Suzuki,Baleno,2022,2,30000.0,0,0,0,825000,Maruti Suzuki Baleno
Maruti Suzuki,Wagon-R,2007,17,75000.0,0,1,0,135000,Maruti Suzuki Wagon-R
Toyota,Fortuner,2014,10,159000.0,1,1,1,1350000,Toyota Fortuner
Honda,City,2009,15,110000.0,1,1,0,375000,Honda City
Volkswagen,Polo,2014,10,92100.0,1,0,0,525000,Volkswagen Polo
Hyundai,Venue,2023,1,12000.0,1,0,0,1195000,Hyundai Venue
Mahindra,Bolero,2011,13,127000.0,0,1,1,525000,Mahindra Bolero
Maruti Suzuki,maruti-suzuki-dzire,2016,8,54615.0,0,0,0,475000,Maruti Suzuki maruti-suzuki-dzire
Maruti Suzuki,Wagon-R,2009,15,62000.0,0,1,0,125000,Maruti Suzuki Wagon-R
Honda,City,2017,7,67555.0,1,0,0,695000,Honda City
MG,Hector Plus,2022,2,11001.0,1,0,0,1850001,MG Hector Plus
Hyundai,Creta,2019,5,47000.0,1,0,1,980000,Hyundai Creta
Maruti Suzuki,Swift,2015,9,48000.0,0,0,1,350000,Maruti Suzuki Swift
Hyundai,Creta,2016,8,65000.0,0,1,0,875000,Hyundai Creta
BMW,5 Series Gt,2009,15,123000.0,1,0,1,1095000,BMW 5 Series Gt
Ford,Figo,2011,13,122361.0,0,1,1,240000,Ford Figo
Honda,Jazz,2016,8,46000.0,1,1,0,450000,Honda Jazz
Tata,Nexon,2019,5,39000.0,0,0,1,675000,Tata Nexon
Mahindra,Scorpio,2020,4,74000.0,0,0,1,1325000,Mahindra Scorpio
Toyota,Innova Crysta,2017,7,86100.0,1,0,1,1600000,Toyota Innova Crysta
Skoda,Rapid,2018,6,104000.0,1,0,0,825000,Skoda Rapid
Land Rover,Defender,2023,1,20000.0,1,0,0,10700000,Land Rover Defender
Maruti Suzuki,Alto-K10,2016,8,38000.0,1,1,0,335000,Maruti Suzuki Alto-K10
Hyundai,Grand i10,2016,8,26000.0,1,1,0,400000,Hyundai Grand i10
Toyota,Fortuner,2018,6,70000.0,1,0,1,3000000,Toyota Fortuner
Hyundai,Elantra,2015,9,65000.0,1,0,1,550000,Hyundai Elantra
Toyota,Corolla Altis,2011,13,52000.0,0,1,0,275000,Toyota Corolla Altis
Maruti Suzuki,Eeco,2022,2,26080.0,0,0,0,570000,Maruti Suzuki Eeco
Hyundai,Grand i10 Nios,2020,4,35000.0,1,1,0,625000,Hyundai Grand i10 Nios
Maruti Suzuki,Vitara-Brezza,2018,6,183000.0,0,0,1,851000,Maruti Suzuki Vitara-Brezza
Jeep,Compass,2017,7,59000.0,0,1,1,1050000,Jeep Compass
Toyota,Etios,2018,6,80000.0,0,0,1,575000,Toyota Etios
Jeep,Compass,2019,5,65000.0,0,0,1,1449000,Jeep Compass
Maruti Suzuki,Ertiga,2017,7,92000.0,0,0,1,935000,Maruti Suzuki Ertiga
Mercedes-Benz,GLA Class,2019,5,50000.0,1,1,0,2485000,Mercedes-Benz GLA Class
Maruti Suzuki,Alto-800,2017,7,700000.0,1,1,0,200000,Maruti Suzuki Alto-800
Tata,Venture,2013,11,100000.0,0,1,1,180000,Tata Venture
Ford,Aspire,2018,6,47000.0,0,0,1,460000,Ford Aspire
Mahindra,XUV500,2016,8,100000.0,0,0,1,900000,Mahindra XUV500
Mercedes-Benz,GLA,2016,8,41000.0,1,1,1,2225000,Mercedes-Benz GLA
Tata,Harrier,2022,2,21000.0,0,0,1,1750000,Tata Harrier
Hyundai,Verna,2012,12,83000.0,0,1,0,285000,Hyundai Verna
Honda,City,2022,2,13000.0,1,0,0,1175000,Honda City
Toyota,Corolla,2004,20,76000.0,1,1,0,145000,Toyota Corolla
Hyundai,Grand i10,2019,5,69000.0,0,0,1,495000,Hyundai Grand i10
Mercedes-Benz,C-Class,2012,12,76000.0,1,0,0,1125000,Mercedes-Benz C-Class
Maruti Suzuki,Baleno,2019,5,65000.0,0,0,0,575000,Maruti Suzuki Baleno
Mini,Cooper Countryman,2015,9,76000.0,1,1,1,1850000,Mini Cooper Countryman
Renault,Triber,2021,3,25152.0,0,0,0,615000,Renault Triber
Maruti Suzuki,Swift-Dzire,2017,7,110000.0,0,0,1,710000,Maruti Suzuki Swift-Dzire
Maruti Suzuki,Zen-Estilo,2010,14,25370.0,0,0,0,145000,Maruti Suzuki Zen-Estilo
Renault,KWID,2017,7,100000.0,0,1,0,190000,Renault KWID
Mahindra,Scorpio,2023,1,79000.0,0,0,1,1690000,Mahindra Scorpio
Skoda,Rapid,2015,9,71000.0,1,1,0,395000,Skoda Rapid
Maruti Suzuki,Swift-Dzire,2009,15,125000.0,0,0,1,210000,Maruti Suzuki Swift-Dzire
Kia,Carens,2024,0,2700.0,1,0,0,1750000,Kia Carens
Hyundai,Creta,2016,8,71000.0,0,0,1,594999,Hyundai Creta
Mahindra,XUV500,2016,8,115000.0,0,1,1,675000,Mahindra XUV500
BMW,5 Series,2013,11,67000.0,1,1,1,1290000,BMW 5 Series
Kia,Seltos,2021,3,70000.0,0,0,1,1150000,Kia Seltos
Mercedes-Benz,CLA,2016,8,58400.0,1,1,1,1522000,Mercedes-Benz CLA
Toyota,Urban Cruiser,2022,2,11000.0,1,0,0,950000,Toyota Urban Cruiser
Mahindra,Scorpio,2016,8,90000.0,0,0,1,1050000,Mahindra Scorpio
Mahindra,Xylo,2015,9,78000.0,0,1,1,265000,Mahindra Xylo
Mahindra,Scorpio,2013,11,108000.0,0,0,1,650000,Mahindra Scorpio
Hyundai,Alcazar,1999,25,16000.0,0,0,0,1595000,Hyundai Alcazar
Chevrolet,Cruze,2015,9,57000.0,1,0,1,525000,Chevrolet Cruze
Mahindra,XUV500,2017,7,85000.0,1,1,1,770000,Mahindra XUV500
Maruti Suzuki,Vitara-Brezza,2018,6,90000.0,0,1,1,475000,Maruti Suzuki Vitara-Brezza
Honda,Brio,2017,7,42000.0,1,1,0,435000,Honda Brio
Skoda,Kushaq,2023,1,16000.0,0,1,0,1250000,Skoda Kushaq
Hyundai,Creta,2022,2,27000.0,1,1,0,1425000,Hyundai Creta
Porsche,Cayenne,2014,10,70000.0,1,1,0,6500000,Porsche Cayenne
Toyota,Etios,2012,12,51000.0,1,1,0,260000,Toyota Etios
Honda,City,2012,12,80000.0,0,1,0,361000,Honda City
Mahindra,Scorpio N,2022,2,18900.0,1,0,0,1965000,Mahindra Scorpio N
Hyundai,Alcazar,2023,1,16000.0,1,0,1,2250000,Hyundai Alcazar
Maruti Suzuki,Swift-Dzire,2015,9,51700.0,0,1,0,445000,Maruti Suzuki Swift-Dzire
Jeep,Compass,2021,3,14000.0,1,0,1,2550000,Jeep Compass
Maruti Suzuki,maruti-suzuki-dzire,2014,10,90000.0,0,0,1,590000,Maruti Suzuki maruti-suzuki-dzire
Ford,Figo,2011,13,78000.0,0,1,1,155000,Ford Figo
Mahindra,TUV,2018,6,80000.0,0,0,1,630000,Mahindra TUV
Mercedes-Benz,GLS,2017,7,88927.0,1,0,0,5500000,Mercedes-Benz GLS
Maruti Suzuki,Swift,2019,5,26000.0,1,0,0,680000,Maruti Suzuki Swift
Maruti Suzuki,Vitara-Brezza,2018,6,61000.0,0,1,1,645000,Maruti Suzuki Vitara-Brezza
Toyota,Fortuner,2014,10,75000.0,1,1,1,1100000,Toyota Fortuner
Hyundai,Creta,2017,7,54000.0,1,0,0,940000,Hyundai Creta
Renault,Duster,2020,4,72000.0,1,0,0,810000,Renault Duster
Audi,Q5,2010,14,98000.0,1,1,1,1075000,Audi Q5
Kia,Seltos,2020,4,50693.0,1,0,0,1395000,Kia Seltos
Kia,Sonet,2020,4,72000.0,0,0,1,850000,Kia Sonet
Maruti Suzuki,Swift-Dzire,2018,6,52000.0,0,0,0,475000,Maruti Suzuki Swift-Dzire
Maruti Suzuki,Vitara-Brezza,2017,7,94000.0,0,1,1,708500,Maruti Suzuki Vitara-Brezza
Toyota,Innova,2015,9,250000.0,0,1,1,707786,Toyota Innova
Mahindra,Scorpio,2018,6,80000.0,0,0,1,1495000,Mahindra Scorpio
Hyundai,Creta,2020,4,44000.0,1,0,0,1535000,Hyundai Creta
Skoda,Rapid,2015,9,151000.0,1,1,1,500000,Skoda Rapid
Honda,Civic,2007,17,103000.0,1,1,0,290000,Honda Civic
Tata,Hexa,2018,6,85000.0,1,1,1,775000,Tata Hexa
Lexus,LS,2011,13,45000.0,1,1,0,2600000,Lexus LS
Renault,Kiger,2022,2,49000.0,1,0,0,640000,Renault Kiger
Hyundai,i20,2013,11,35000.0,0,1,0,235000,Hyundai i20
Fiat,Punto,2018,6,80000.0,0,0,1,510000,Fiat Punto
Kia,Seltos,2022,2,62000.0,0,0,0,1450000,Kia Seltos
Honda,Amaze,2018,6,124000.0,0,0,1,695000,Honda Amaze
MG,Hector,2021,3,20530.0,1,0,0,1587000,MG Hector
Honda,Jazz,2017,7,65000.0,0,1,1,350000,Honda Jazz
Skoda,Octavia,2005,19,173500.0,0,0,1,500000,Skoda Octavia
Hyundai,Grand i10 Nios,2021,3,7200.0,1,1,0,725000,Hyundai Grand i10 Nios
Hyundai,Creta Facelift,2021,3,119267.0,0,0,1,1050000,Hyundai Creta Facelift
Maruti Suzuki,Sx4,2009,15,92000.0,1,1,0,132000,Maruti Suzuki Sx4
Ford,Endeavour,2021,3,55000.0,1,0,1,2999000,Ford Endeavour
Honda,Civic,2006,18,43519.0,1,0,0,235000,Honda Civic
Volkswagen,Polo,2014,10,78000.0,0,0,0,318000,Volkswagen Polo
Hyundai,Fluidic Verna,2019,5,54000.0,0,1,0,640000,Hyundai Fluidic Verna
Hyundai,i10,2012,12,80444.0,1,0,0,325000,Hyundai i10
Maruti Suzuki,Swift,2017,7,55000.0,0,0,0,570000,Maruti Suzuki Swift
Mahindra,XUV300,2019,5,41000.0,0,0,0,825000,Mahindra XUV300
Maruti Suzuki,Celerio,2015,9,28120.0,0,0,0,400000,Maruti Suzuki Celerio
Tata,Nexon,2022,2,13000.0,0,0,0,1250000,Tata Nexon
Maruti Suzuki,Swift-Dzire,2014,10,70000.0,0,1,0,325000,Maruti Suzuki Swift-Dzire
Audi,Q3,2017,7,65000.0,1,0,1,1575000,Audi Q3
Nissan,Terrano,2015,9,95000.0,0,0,1,500000,Nissan Terrano
Ford,Mustang,2019,5,30000.0,1,1,0,7900000,Ford Mustang
Mercedes-Benz,GLE COUPE,2019,5,30000.0,1,0,0,8000000,Mercedes-Benz GLE COUPE
Toyota,Innova Crysta,2017,7,125888.0,0,0,1,1275000,Toyota Innova Crysta
Mercedes-Benz,CLA,2015,9,55000.0,1,0,1,1521111,Mercedes-Benz CLA
Porsche,Cayenne Coupe,2021,3,19000.0,1,1,0,11000000,Porsche Cayenne Coupe
Mahindra,XUV500,2012,12,115000.0,0,1,1,425000,Mahindra XUV500
Mini,Cooper S,2023,1,9500.0,1,0,0,4950000,Mini Cooper S
Maruti Suzuki,Swift,2010,14,99860.0,0,1,1,245000,Maruti Suzuki Swift
Kia,Carnival,2020,4,45000.0,1,1,1,2550000,Kia Carnival
Hyundai,Elantra,2015,9,78000.0,1,0,1,675000,Hyundai Elantra
Mahindra,XUV500,2019,5,44000.0,0,0,1,1125000,Mahindra XUV500
Maruti Suzuki,Ertiga,2022,2,27000.0,0,1,0,1070000,Maruti Suzuki Ertiga
Maruti Suzuki,Vitara-Brezza,2019,5,71000.0,1,0,1,995000,Maruti Suzuki Vitara-Brezza
Mahindra,Thar,2022,2,27000.0,1,0,1,1550000,Mahindra Thar
Ford,Endeavour,2019,5,77000.0,1,1,1,2399000,Ford Endeavour
Audi,A5,2011,13,90000.0,1,1,1,1275000,Audi A5
Tata,Safari Storme,2015,9,93000.0,0,1,1,555555,Tata Safari Storme
Maruti Suzuki,Wagon-R,2008,16,42000.0,0,1,0,100000,Maruti Suzuki Wagon-R
Mahindra,Xylo,2013,11,55000.0,1,1,1,285000,Mahindra Xylo
Chevrolet,Spark,2009,15,89566.0,0,0,0,99000,Chevrolet Spark
Maruti Suzuki,Celerio,2019,5,37710.0,1,0,0,540000,Maruti Suzuki Celerio
Tata,Nano,2014,10,35000.0,0,1,0,110000,Tata Nano
Renault,Duster,2013,11,95000.0,0,0,1,290000,Renault Duster
Mahindra,Thar,2021,3,20000.0,1,1,0,1425000,Mahindra Thar
Renault,KWID,2017,7,55000.0,1,1,0,365000,Renault KWID
Renault,KWID,2019,5,94000.0,1,0,0,390000,Renault KWID
Hyundai,Venue,2023,1,7500.0,1,0,0,1350000,Hyundai Venue
MG,Hector,2021,3,61000.0,1,0,0,990000,MG Hector
Hyundai,i20,2012,12,82000.0,0,1,1,195000,Hyundai i20
Renault,Triber,2021,3,80000.0,0,0,0,555000,Renault Triber
Chevrolet,Cruze,2013,11,75000.0,1,1,1,645000,Chevrolet Cruze
Volkswagen,Tiguan All Space,2023,1,25000.0,1,0,0,3200000,Volkswagen Tiguan All Space
Volkswagen,Polo,2016,8,78000.0,1,0,0,545000,Volkswagen Polo
Mahindra,Bolero,2022,2,30800.0,0,0,1,850000,Mahindra Bolero
Maruti Suzuki,Grand Vitara,2023,1,50000.0,1,0,0,1950000,Maruti Suzuki Grand Vitara
Lexus,ES,2022,2,24000.0,1,0,0,6000000,Lexus ES
Hyundai,i20,2022,2,63110.0,0,0,1,795000,Hyundai i20
Maruti Suzuki,Vitara-Brezza,2017,7,93000.0,0,0,1,450000,Maruti Suzuki Vitara-Brezza
Honda,City,2021,3,38000.0,1,0,0,1199000,Honda City
Nissan,Micra,2017,7,18000.0,0,0,0,240000,Nissan Micra
Tata,Tiago,2019,5,49000.0,1,0,0,495000,Tata Tiago
Honda,City,2015,9,78000.0,0,0,0,460000,Honda City
Mercedes-Benz,GLE,2018,6,70000.0,1,0,1,3298000,Mercedes-Benz GLE
Toyota,Innova Crysta,2018,6,68500.0,1,0,1,1525000,Toyota Innova Crysta
Volkswagen,Polo,2014,10,96000.0,0,1,1,410000,Volkswagen Polo
Mercedes-Benz,GL-Class,2011,13,94990.0,1,1,1,1490000,Mercedes-Benz GL-Class
Toyota,Innova Crysta,2017,7,115000.0,0,0,1,1451000,Toyota Innova Crysta
Maruti Suzuki,Swift-Dzire,2014,10,93000.0,0,1,1,521000,Maruti Suzuki Swift-Dzire
Toyota,Camry,2015,9,96000.0,1,1,0,1350000,Toyota Camry
Mitsubishi,Pajero Sport,2017,7,125000.0,1,1,1,1099000,Mitsubishi Pajero Sport
Toyota,Fortuner,2017,7,115000.0,1,1,1,2390000,Toyota Fortuner
Honda,City,2017,7,81000.0,1,1,0,770000,Honda City
Toyota,Innova Crysta,2020,4,105000.0,1,1,1,1850000,Toyota Innova Crysta
Maruti Suzuki,Vitara-Brezza,2020,4,56000.0,0,1,0,725000,Maruti Suzuki Vitara-Brezza
Maruti Suzuki,Grand Vitara,2024,0,1600.0,0,0,0,1350000,Maruti Suzuki Grand Vitara
Honda,City,2015,9,90000.0,0,0,1,480000,Honda City
Maruti Suzuki,Wagon-R,2018,6,35000.0,0,0,0,375000,Maruti Suzuki Wagon-R
Hyundai,Creta,2022,2,40000.0,1,0,1,1850000,Hyundai Creta
Hyundai,Alcazar,2023,1,13000.0,1,0,1,1990000,Hyundai Alcazar
Hyundai,Venue,2020,4,52000.0,1,0,0,750000,Hyundai Venue
Toyota,Etios,2012,12,67000.0,0,0,0,265000,Toyota Etios
Hyundai,Grand i10,2017,7,18000.0,1,0,0,575000,Hyundai Grand i10
Mahindra,Xylo,2012,12,76269.0,0,1,1,425000,Mahindra Xylo
Mahindra,XUV700,2023,1,25095.0,1,0,1,1990000,Mahindra XUV700
Ford,Figo,2011,13,88000.0,0,1,1,255000,Ford Figo
Maruti Suzuki,Brezza,2017,7,89000.0,0,1,1,665000,Maruti Suzuki Brezza
Ford,Ecosport,2014,10,51000.0,1,1,0,525000,Ford Ecosport
Mahindra,XUV500,2014,10,97122.0,0,1,1,585000,Mahindra XUV500
Ford,Free Style,2019,5,138000.0,0,0,1,529000,Ford Free Style
Mahindra,XUV500,2021,3,116000.0,0,0,1,1530000,Mahindra XUV500
Porsche,Cayenne,2013,11,66000.0,1,0,0,2950000,Porsche Cayenne
Maruti Suzuki,Ertiga,2017,7,81000.0,0,0,1,875000,Maruti Suzuki Ertiga
Kia,Seltos,2022,2,36500.0,1,0,1,1950000,Kia Seltos
Honda,City ZX,2020,4,49000.0,1,1,0,1255000,Honda City ZX
Mahindra,Bolero,2022,2,55800.0,1,1,1,590000,Mahindra Bolero
Hyundai,Grand i10,2017,7,73157.0,1,1,0,450000,Hyundai Grand i10
Hyundai,Santro Xing,2008,16,82000.0,0,0,0,209000,Hyundai Santro Xing
MG,Hector,2020,4,70000.0,0,0,1,1390000,MG Hector
Porsche,718,2018,6,15000.0,1,1,0,8000000,Porsche 718
Toyota,Corolla Altis,2014,10,99000.0,0,0,1,670000,Toyota Corolla Altis
Toyota,Fortuner,2018,6,53000.0,1,1,1,2350000,Toyota Fortuner
Honda,Amaze,2023,1,16173.0,1,0,0,846000,Honda Amaze
Audi,A6,2019,5,98000.0,1,1,1,1900000,Audi A6
Maruti Suzuki,Wagon-R,2023,1,17000.0,1,0,0,699000,Maruti Suzuki Wagon-R
Mercedes-Benz,E-Class,2012,12,59693.0,1,1,1,1545000,Mercedes-Benz E-Class
Mercedes-Benz,E-Class,2013,11,80500.0,1,1,1,1300000,Mercedes-Benz E-Class
Toyota,2.8 Legender 4X2,2021,3,93000.0,1,0,1,3851000,Toyota 2.8 Legender 4X2
Volkswagen,Polo,2014,10,82864.0,0,1,1,465000,Volkswagen Polo
Mercedes-Benz,CLA,2016,8,95000.0,1,0,1,1751000,Mercedes-Benz CLA
Toyota,Innova Crysta,2021,3,38000.0,1,1,0,2000000,Toyota Innova Crysta
Mahindra,Scorpio,2012,12,80000.0,0,1,1,275000,Mahindra Scorpio
Maruti Suzuki,Grand Vitara,2024,0,1600.0,0,0,0,1350000,Maruti Suzuki Grand Vitara
Tata,Tiago,2016,8,110818.0,0,1,0,325000,Tata Tiago
Maruti Suzuki,Alto,2012,12,39000.0,0,0,0,158000,Maruti Suzuki Alto
Volkswagen,Polo,2013,11,51000.0,1,1,0,525000,Volkswagen Polo
Maruti Suzuki,Alto,2009,15,150.0,0,1,0,110000,Maruti Suzuki Alto
Jaguar,XE,2016,8,22500.0,1,0,0,1950000,Jaguar XE
Hyundai,Fluidic Verna,2014,10,68000.0,0,1,0,425000,Hyundai Fluidic Verna
Honda,Accord,2013,11,42000.0,1,1,0,490000,Honda Accord
Hyundai,i10,2010,14,100000.0,0,1,0,150000,Hyundai i10
Jeep,Compass,2017,7,60000.0,0,0,1,850000,Jeep Compass
Tata,Indigo Ecs,2014,10,112000.0,1,1,1,100000,Tata Indigo Ecs
BMW,3 Series GT,2015,9,61000.0,1,1,1,1500000,BMW 3 Series GT
Hyundai,Venue,2020,4,51055.0,1,0,0,899999,Hyundai Venue
Maruti Suzuki,S-Cross,2017,7,113000.0,0,1,1,595000,Maruti Suzuki S-Cross
Tata,Hexa,2018,6,115000.0,0,1,1,650000,Tata Hexa
Fiat,Punto,2009,15,76000.0,0,0,0,190000,Fiat Punto
Mahindra,Thar,2020,4,16000.0,0,0,1,1415000,Mahindra Thar
BMW,X1,2020,4,107001.0,1,0,1,2300000,BMW X1
Tata,Safari Storme,2017,7,75000.0,0,0,1,690000,Tata Safari Storme
Hyundai,Creta,2018,6,50000.0,0,1,0,750000,Hyundai Creta
Hyundai,Tucson,2017,7,72400.0,1,1,1,1050000,Hyundai Tucson
Mahindra,TUV,2019,5,57000.0,1,1,1,825000,Mahindra TUV
Skoda,Superb,2013,11,65000.0,0,1,0,425000,Skoda Superb
Toyota,Corolla Altis,2017,7,60043.0,1,1,0,875000,Toyota Corolla Altis
Ford,Ecosport,2017,7,70300.0,0,0,1,650000,Ford Ecosport
Tata,Nexon,2020,4,48000.0,0,0,1,845000,Tata Nexon
Tata,Harrier,2019,5,68000.0,0,0,1,1190000,Tata Harrier
Honda,City,2018,6,75000.0,0,1,0,865000,Honda City
Maruti Suzuki,Ignis,2018,6,28200.0,0,0,0,435000,Maruti Suzuki Ignis
Toyota,Fortuner,2022,2,40000.0,1,0,1,4275000,Toyota Fortuner
Mahindra,Scorpio Classic,2023,1,20500.0,0,1,1,1685000,Mahindra Scorpio Classic
Maruti Suzuki,Ciaz,2016,8,99000.0,1,1,0,450000,Maruti Suzuki Ciaz
Renault,KWID,2018,6,57000.0,0,0,0,295000,Renault KWID
Hyundai,Venue,2019,5,53000.0,0,1,0,869000,Hyundai Venue
Maruti Suzuki,Celerio-X,2020,4,60000.0,0,1,0,420000,Maruti Suzuki Celerio-X
Chevrolet,Beat,2013,11,45000.0,0,1,1,325000,Chevrolet Beat
Maruti Suzuki,Ignis,2018,6,36000.0,1,1,0,570000,Maruti Suzuki Ignis
Volkswagen,Polo,2017,7,76000.0,0,0,0,550000,Volkswagen Polo
Maruti Suzuki,Wagon-R,2009,15,70326.0,1,0,0,280000,Maruti Suzuki Wagon-R
Volvo,XC60,2020,4,25500.0,1,1,1,4500000,Volvo XC60
Toyota,Glanza,2023,1,42000.0,0,0,0,825000,Toyota Glanza
Maruti Suzuki,Alto K10,2016,8,63000.0,1,1,0,375000,Maruti Suzuki Alto K10
BMW,5 Series,2016,8,47000.0,1,1,1,2500000,BMW 5 Series
Tata,H5x,2019,5,29250.0,0,0,1,1081111,Tata H5x
Mercedes-Benz,GLC Class,2021,3,19000.0,1,0,1,6800000,Mercedes-Benz GLC Class
Hyundai,Alcazar,2023,1,13000.0,1,0,0,2195000,Hyundai Alcazar
Maruti Suzuki,S-Presso,2022,2,25000.0,1,0,0,525000,Maruti Suzuki S-Presso
Maruti Suzuki,800,2013,11,75893.0,0,1,0,50000,Maruti Suzuki 800
BMW,5 Series,2017,7,42000.0,1,1,1,1695000,BMW 5 Series
Maruti Suzuki,Alto-800,2019,5,42312.0,0,0,0,310000,Maruti Suzuki Alto-800
Maruti Suzuki,XL6,2021,3,20858.0,0,0,0,1051000,Maruti Suzuki XL6
Toyota,Innova Crysta,2017,7,100000.0,1,1,1,1911111,Toyota Innova Crysta
Ford,Ecosport,2019,5,45000.0,0,1,0,750000,Ford Ecosport
Hyundai,Creta,2018,6,79200.0,0,0,1,725000,Hyundai Creta
Maruti Suzuki,Brezza,2020,4,37000.0,1,0,0,950000,Maruti Suzuki Brezza
Toyota,Camry,2022,2,40000.0,1,1,0,3475000,Toyota Camry
Mercedes-Benz,GLE Class,2016,8,81881.0,1,1,1,3500000,Mercedes-Benz GLE Class
Honda,City,2015,9,80000.0,0,1,1,615000,Honda City
Tata,Safari,2012,12,64000.0,0,1,1,197777,Tata Safari
BMW,5 Series,2017,7,59000.0,1,0,1,3295000,BMW 5 Series
Tata,Nexon,2020,4,90000.0,0,0,0,630000,Tata Nexon
Volkswagen,Polo,2015,9,65000.0,0,0,0,375000,Volkswagen Polo
Maruti Suzuki,Estilo,2010,14,39231.0,0,0,0,155101,Maruti Suzuki Estilo
Hyundai,Verna,2018,6,74000.0,0,1,1,850000,Hyundai Verna
Kia,Seltos,2020,4,46000.0,1,0,1,1278000,Kia Seltos
Honda,Amaze,2023,1,28756.0,1,0,0,830000,Honda Amaze
Maruti Suzuki,Baleno,2020,4,72000.0,0,0,0,620000,Maruti Suzuki Baleno
Skoda,Rapid,2012,12,148600.0,0,1,1,319000,Skoda Rapid
BMW,3 Series GT,2015,9,61000.0,1,1,1,1500000,BMW 3 Series GT
Renault,Duster,2015,9,127215.0,0,1,1,445000,Renault Duster
Hyundai,Verna,2013,11,83000.0,0,1,1,345000,Hyundai Verna
Mercedes-Benz,CLS-Class,2016,8,96000.0,1,0,1,2190000,Mercedes-Benz CLS-Class
Mahindra,Quanto,2013,11,101000.0,0,1,1,235000,Mahindra Quanto
Volkswagen,Polo,2020,4,30000.0,1,1,0,1100000,Volkswagen Polo
MG,ASTOR,2023,1,40000.0,0,0,0,1395000,MG ASTOR
Volkswagen,Polo,2010,14,111300.0,0,1,1,245000,Volkswagen Polo
Toyota,Innova Crysta,2016,8,95000.0,0,0,1,1390000,Toyota Innova Crysta
Hyundai,i20,2016,8,85000.0,0,1,0,615000,Hyundai i20
BMW,X1,2016,8,71000.0,1,1,1,1695000,BMW X1
Tata,Tiago,2022,2,11000.0,1,0,0,685000,Tata Tiago
Hyundai,Grand i10,2014,10,47000.0,1,1,0,455000,Hyundai Grand i10
Maruti Suzuki,Swift,2020,4,44566.0,0,0,0,565000,Maruti Suzuki Swift
Maruti Suzuki,Wagon-R-1-0,2009,15,78686.0,0,1,0,108000,Maruti Suzuki Wagon-R-1-0
Kia,Sonet,2021,3,730000.0,1,1,0,930000,Kia Sonet
Toyota,Innova Crysta,2020,4,51000.0,0,0,1,1975000,Toyota Innova Crysta
Maruti Suzuki,Vitara-Brezza,2018,6,56000.0,0,1,1,790000,Maruti Suzuki Vitara-Brezza
Skoda,Rapid,2015,9,11000.0,0,0,1,545000,Skoda Rapid
BMW,3 Series Gran Limousine,2023,1,5800.0,1,0,0,5400000,BMW 3 Series Gran Limousine
Maruti Suzuki,Ciaz,2016,8,48000.0,1,0,0,635000,Maruti Suzuki Ciaz
Maruti Suzuki,Vitara-Brezza,2020,4,76000.0,0,1,1,799000,Maruti Suzuki Vitara-Brezza
Renault,KWID,2017,7,51000.0,1,0,0,365000,Renault KWID
Volkswagen,Jetta,2010,14,136000.0,0,1,1,249999,Volkswagen Jetta
Skoda,Kodiaq,2018,6,63000.0,1,0,1,2199999,Skoda Kodiaq
MG,Hector,2019,5,45000.0,1,1,0,1290000,MG Hector
Audi,Q7,2017,7,76000.0,1,1,1,3700000,Audi Q7
Maruti Suzuki,Alto-800,2016,8,56000.0,0,1,0,269000,Maruti Suzuki Alto-800
Hyundai,Grand i10,2018,6,50000.0,0,1,0,435000,Hyundai Grand i10
Toyota,Innova,2010,14,140000.0,0,1,1,375000,Toyota Innova
Hyundai,i20,2017,7,70000.0,0,1,0,550000,Hyundai i20
Honda,Brio,2017,7,34000.0,0,0,0,430000,Honda Brio
Maruti Suzuki,Swift-Dzire,2018,6,62000.0,1,1,0,650000,Maruti Suzuki Swift-Dzire
Maruti Suzuki,Swift,2022,2,9000.0,0,1,0,670000,Maruti Suzuki Swift
Maruti Suzuki,Vitara-Brezza,2017,7,85100.0,0,0,1,499000,Maruti Suzuki Vitara-Brezza
Skoda,Superb,2014,10,50000.0,1,1,0,1000000,Skoda Superb
Mercedes-Benz,GLA Class,2019,5,32354.0,1,0,0,2975000,Mercedes-Benz GLA Class
Hyundai,Santro Xing,2005,19,90000.0,0,1,0,90000,Hyundai Santro Xing
Hyundai,Santro Xing,2001,23,128000.0,0,1,0,60000,Hyundai Santro Xing
Mahindra,Bolero Power Plus,2015,9,,1,1,1,450000,Mahindra Bolero Power Plus
Maruti Suzuki,Swift,2013,11,74000.0,0,1,1,435000,Maruti Suzuki Swift
Mahindra,XUV 300,2019,5,65000.0,0,0,1,650000,Mahindra XUV 300
Maruti Suzuki,Swift,2005,19,90000.0,0,1,0,199999,Maruti Suzuki Swift
Mahindra,TUV,2017,7,103000.0,1,1,1,630000,Mahindra TUV
Maruti Suzuki,Swift-Dzire,2010,14,102500.0,0,0,0,150000,Maruti Suzuki Swift-Dzire
Maruti Suzuki,Swift,2012,12,70000.0,0,1,0,360000,Maruti Suzuki Swift
Ford,Fiesta,2007,17,125000.0,0,1,0,190000,Ford Fiesta
Hyundai,Verna,2021,3,30000.0,0,0,1,950000,Hyundai Verna
Maruti Suzuki,A-Star,2012,12,69321.0,1,1,0,260000,Maruti Suzuki A-Star
Mahindra,Scorpio Classic,2015,9,140000.0,0,1,1,835000,Mahindra Scorpio Classic
Hyundai,Grand i10,2014,10,71000.0,0,0,0,345000,Hyundai Grand i10
MG,ASTOR,2023,1,27000.0,1,0,0,1275000,MG ASTOR
Hyundai,Creta,2018,6,68000.0,1,0,0,850000,Hyundai Creta
Maruti Suzuki,800,2004,20,29000.0,0,1,0,90000,Maruti Suzuki 800
Toyota,Innova Crysta,2019,5,53000.0,0,0,1,1600000,Toyota Innova Crysta
Hyundai,Elantra,2012,12,71380.0,1,1,0,450000,Hyundai Elantra
Mahindra,Thar,2020,4,40000.0,0,0,1,1195000,Mahindra Thar
Toyota,Corolla Altis,2009,15,95000.0,1,1,0,199000,Toyota Corolla Altis
Maruti Suzuki,Swift,2015,9,94000.0,0,0,1,500000,Maruti Suzuki Swift
Hyundai,i20 Active,2015,9,96000.0,0,1,1,449000,Hyundai i20 Active
Audi,A3,2016,8,99000.0,1,1,1,949000,Audi A3
BMW,5 Series,2016,8,47000.0,1,1,1,2500000,BMW 5 Series
Hyundai,i20,2013,11,118000.0,0,1,1,350000,Hyundai i20
Toyota,Corolla Altis,2016,8,102200.0,1,1,0,750000,Toyota Corolla Altis
Maruti Suzuki,Vitara Brezza,2019,5,69000.0,1,1,1,995000,Maruti Suzuki Vitara Brezza
Mahindra,Thar,2023,1,25000.0,0,0,0,1200000,Mahindra Thar
Honda,Amaze,2017,7,41000.0,0,1,0,425000,Honda Amaze
Hyundai,Fluidic Verna,2021,3,36000.0,0,0,0,1075000,Hyundai Fluidic Verna
BMW,X1,2017,7,58000.0,1,0,1,2099999,BMW X1
Volvo,XC90,2016,8,102000.0,1,0,1,3749000,Volvo XC90
Audi,A4,2016,8,36000.0,1,0,1,1250001,Audi A4
Hyundai,Eon,2014,10,48000.0,0,1,0,165000,Hyundai Eon
Volkswagen,Polo,2018,6,44000.0,1,1,0,950000,Volkswagen Polo
Mahindra,Bolero,2011,13,110000.0,0,1,1,545000,Mahindra Bolero
Honda,Jazz,2017,7,81000.0,1,1,0,590000,Honda Jazz
Hyundai,Santro Xing,2009,15,68000.0,0,0,0,195000,Hyundai Santro Xing
Mercedes-Benz,GLC Class,2021,3,45000.0,1,0,0,6500000,Mercedes-Benz GLC Class
Toyota,Innova,2014,10,177000.0,0,1,1,1250000,Toyota Innova
Maruti Suzuki,Vitara-Brezza,2017,7,110000.0,0,1,1,650000,Maruti Suzuki Vitara-Brezza
Volkswagen,Tiguan,2018,6,52000.0,1,0,1,1915000,Volkswagen Tiguan
Maruti Suzuki,Wagon-R,2023,1,15000.0,0,0,0,800000,Maruti Suzuki Wagon-R
Hyundai,i20 Active,2015,9,42000.0,0,1,0,410000,Hyundai i20 Active
Maruti Suzuki,Wagon R,2009,15,43058.0,0,0,0,141000,Maruti Suzuki Wagon R
Maruti Suzuki,Wagon-R,2004,20,95000.0,0,1,0,120000,Maruti Suzuki Wagon-R
Hyundai,i20,2012,12,130000.0,0,1,1,330000,Hyundai i20
Maruti Suzuki,Dzire,2016,8,71000.0,1,1,1,560000,Maruti Suzuki Dzire
BMW,5 Series,2010,14,58400.0,1,0,1,536003,BMW 5 Series
Toyota,Innova Crysta,2018,6,74000.0,1,1,1,1850000,Toyota Innova Crysta
Audi,A6,2015,9,89000.0,1,0,1,890000,Audi A6
Maruti Suzuki,Baleno,2018,6,110000.0,0,1,1,550000,Maruti Suzuki Baleno
Ford,Figo Aspire,2016,8,37000.0,1,0,0,435000,Ford Figo Aspire
Renault,Pulse,2015,9,48000.0,0,1,1,395000,Renault Pulse
Maruti Suzuki,Swift-Dzire,2015,9,72000.0,0,0,1,325000,Maruti Suzuki Swift-Dzire
Skoda,Rapid,2013,11,54000.0,1,1,0,425000,Skoda Rapid
Maruti Suzuki,Swift,2009,15,65000.0,0,0,0,190000,Maruti Suzuki Swift
Hyundai,Xcent,2017,7,180000.0,0,0,1,400000,Hyundai Xcent
Hyundai,Tucson,2017,7,98000.0,1,0,1,1075000,Hyundai Tucson
Jeep,Compass,2017,7,82000.0,0,1,1,850000,Jeep Compass
Tata,Nano Genx,2012,12,28000.0,0,0,0,110000,Tata Nano Genx
Maruti Suzuki,Swift,2021,3,54000.0,0,0,0,589000,Maruti Suzuki Swift
Hyundai,Creta,2017,7,160000.0,1,1,0,845000,Hyundai Creta
Mahindra,Thar,2021,3,18000.0,1,0,1,1495000,Mahindra Thar
Honda,City ZX,2008,16,65000.0,1,1,0,175000,Honda City ZX
MG,Hector,2019,5,52000.0,1,0,0,1350000,MG Hector
Toyota,Innova Crysta,2019,5,25000.0,1,0,1,2825000,Toyota Innova Crysta
Hyundai,i10,2013,11,26000.0,1,0,0,275111,Hyundai i10
Hyundai,Verna,2019,5,68580.0,1,1,0,850000,Hyundai Verna
Maruti Suzuki,Alto-K10,2015,9,71051.0,0,0,0,197000,Maruti Suzuki Alto-K10
Tata,Nexon,2019,5,29000.0,0,1,0,644999,Tata Nexon
Honda,Amaze,2019,5,50000.0,0,1,0,525000,Honda Amaze
Datsun,RediGO,2020,4,50600.0,0,1,0,225000,Datsun RediGO
Hyundai,i20 Active,2016,8,68000.0,0,0,0,465000,Hyundai i20 Active
Maruti Suzuki,Swift,2019,5,53000.0,0,0,0,500000,Maruti Suzuki Swift
Jaguar,XJ,2013,11,35000.0,1,0,1,3000000,Jaguar XJ
BMW,3 Series GT,2016,8,60000.0,1,1,1,2250000,BMW 3 Series GT
Hyundai,Aura,2020,4,29000.0,0,0,2,650000,Hyundai Aura
Maruti Suzuki,Ciaz,2016,8,82000.0,1,0,0,595000,Maruti Suzuki Ciaz
Volkswagen,Tiguan,2018,6,52000.0,1,0,1,1915000,Volkswagen Tiguan
Maruti Suzuki,Swift-Dzire,2020,4,98000.0,0,1,2,590000,Maruti Suzuki Swift-Dzire
Volkswagen,VentoTest,2017,7,74528.0,1,0,0,775000,Volkswagen VentoTest
Maruti Suzuki,Alto-K10,2015,9,72000.0,0,0,2,269900,Maruti Suzuki Alto-K10
Hyundai,Grand i10,2018,6,25818.0,1,0,0,498000,Hyundai Grand i10
Hyundai,Grand i10,2017,7,54000.0,1,1,0,475000,Hyundai Grand i10
Mercedes-Benz,C Class,2015,9,105000.0,1,1,0,1795000,Mercedes-Benz C Class
Maruti Suzuki,Wagon-R,2013,11,80000.0,0,0,2,325000,Maruti Suzuki Wagon-R
Mahindra,TUV 300-plus,2018,6,80787.0,0,0,1,625000,Mahindra TUV 300-plus
Hyundai,New Santro,2008,16,110705.0,1,1,0,89000,Hyundai New Santro
Jaguar,XF,2013,11,85000.0,1,1,1,985000,Jaguar XF
Hyundai,i20 Active,2016,8,64000.0,0,1,2,425000,Hyundai i20 Active
Mercedes-Benz,CLA,2015,9,95000.0,1,0,1,1661000,Mercedes-Benz CLA
Mahindra,TUV,2017,7,169450.0,1,0,1,587999,Mahindra TUV
Honda,City ZX,2022,2,45000.0,0,0,0,1340000,Honda City ZX
Maruti Suzuki,Ciaz,2017,7,34358.0,0,0,0,551355,Maruti Suzuki Ciaz
Maruti Suzuki,Alto,2011,13,100000.0,0,1,2,165000,Maruti Suzuki Alto
Toyota,2.8 Legender 4X2,2021,3,33000.0,1,0,1,3950000,Toyota 2.8 Legender 4X2
Land Rover,Discovery Sport,2019,5,53546.0,1,0,1,2740000,Land Rover Discovery Sport
Tata,Safari,2021,3,45000.0,0,0,1,1750000,Tata Safari
Maruti Suzuki,Alto,2011,13,61000.0,1,1,2,191000,Maruti Suzuki Alto
Honda,Brio,2012,12,90000.0,0,1,2,195000,Honda Brio
Hyundai,Verna,2011,13,108000.0,1,1,2,319999,Hyundai Verna
Maruti Suzuki,Baleno,2019,5,38923.0,1,0,0,695000,Maruti Suzuki Baleno
Mahindra,Bolero,2016,8,7688.0,0,0,1,500000,Mahindra Bolero
Hyundai,Creta,2020,4,42000.0,0,0,1,1120000,Hyundai Creta
Volvo,S90,2017,7,60000.0,1,0,1,3200000,Volvo S90
Toyota,Innova Crysta,2019,5,116250.0,1,1,1,1625000,Toyota Innova Crysta
Toyota,Innova Hycross,2024,0,18000.0,1,0,2,3485000,Toyota Innova Hycross
BMW,5 Series,2016,8,47000.0,1,1,1,2500000,BMW 5 Series
BMW,3 Series,2012,12,78000.0,1,1,1,571000,BMW 3 Series
Toyota,Innova,2011,13,103008.0,0,1,1,570000,Toyota Innova
Mercedes-Benz,GLA Class,2015,9,65000.0,1,0,0,1690000,Mercedes-Benz GLA Class
Maruti Suzuki,Ertiga,2017,7,68350.0,0,1,2,675000,Maruti Suzuki Ertiga
Skoda,Superb,2017,7,65000.0,1,0,0,1050000,Skoda Superb
Hyundai,Creta,2019,5,68000.0,1,1,0,1175000,Hyundai Creta
MG,ASTOR,2022,2,63000.0,1,0,0,1245000,MG ASTOR
Maruti Suzuki,Swift-Dzire,2018,6,104000.0,0,0,2,600000,Maruti Suzuki Swift-Dzire
Toyota,Innova Hycross,2023,1,18000.0,1,0,1,2245000,Toyota Innova Hycross
Hyundai,Santro Xing,2014,10,70000.0,0,1,0,190000,Hyundai Santro Xing
Toyota,Corolla Altis,2014,10,80000.0,1,0,0,494999,Toyota Corolla Altis
Maruti Suzuki,Alto,2009,15,85000.0,0,1,2,60000,Maruti Suzuki Alto
Maruti Suzuki,Esteem,2007,17,,0,1,2,100000,Maruti Suzuki Esteem
Maruti Suzuki,Wagon-R-1-0,2015,9,72000.0,0,1,2,255000,Maruti Suzuki Wagon-R-1-0
Honda,Jazz,2015,9,95000.0,1,0,2,450000,Honda Jazz
Toyota,Etios,2013,11,150000.0,0,1,1,280000,Toyota Etios
Datsun,Redi Go,2019,5,42849.0,0,0,0,345000,Datsun Redi Go
Maruti Suzuki,Wagon-R,2014,10,59530.0,0,0,0,345000,Maruti Suzuki Wagon-R
Mercedes-Benz,GLA Class,2017,7,32600.0,1,1,0,1750000,Mercedes-Benz GLA Class
Audi,Q3,2015,9,55406.0,1,0,1,1290000,Audi Q3
Honda,Amaze,2015,9,96000.0,0,1,0,360000,Honda Amaze
Maruti Suzuki,Ciaz,2019,5,52380.0,0,1,0,645000,Maruti Suzuki Ciaz
Toyota,Yaris,2019,5,59000.0,1,0,0,745000,Toyota Yaris
Maruti Suzuki,Wagon-R,2021,3,44000.0,1,0,2,585000,Maruti Suzuki Wagon-R
Maruti Suzuki,Ertiga,2014,10,77000.0,0,1,1,684000,Maruti Suzuki Ertiga
Maruti Suzuki,Wagon R 1.0,2018,6,47000.0,0,0,2,425000,Maruti Suzuki Wagon R 1.0
Honda,City,2015,9,108000.0,0,1,2,475000,Honda City
Maruti Suzuki,Celerio,2014,10,56000.0,0,1,0,355000,Maruti Suzuki Celerio
Maruti Suzuki,Ertiga,2012,12,92500.0,0,1,2,510000,Maruti Suzuki Ertiga
Hyundai,Grand i10 Nios,2022,2,80000.0,1,0,2,600000,Hyundai Grand i10 Nios
Honda,Mobilio,2015,9,61000.0,0,0,1,245000,Honda Mobilio
Maruti Suzuki,Ertiga,2022,2,56000.0,0,0,2,1170000,Maruti Suzuki Ertiga
Ford,Ecosport,2018,6,69000.0,1,1,0,399999,Ford Ecosport
Maruti Suzuki,Ertiga,2019,5,112000.0,0,0,1,900000,Maruti Suzuki Ertiga
Maruti Suzuki,Alto,2005,19,135000.0,1,1,0,85000,Maruti Suzuki Alto
Audi,Q3,2013,11,95000.0,1,1,1,1299999,Audi Q3
Land Rover,Discovery Sport,2017,7,65000.0,1,0,1,2273000,Land Rover Discovery Sport
Honda,City,2018,6,57700.0,0,0,2,890000,Honda City
Honda,Amaze,2020,4,68000.0,1,0,0,595000,Honda Amaze
BMW,5 Series,2017,7,55000.0,1,0,1,2650000,BMW 5 Series
Mercedes-Benz,AMG C 43,2022,2,14000.0,1,0,0,7500000,Mercedes-Benz AMG C 43
Toyota,Corolla Altis,2012,12,116000.0,0,1,0,525000,Toyota Corolla Altis
Maruti Suzuki,Ertiga,2022,2,50000.0,0,0,2,1050000,Maruti Suzuki Ertiga
Jeep,Compass,2018,6,59000.0,1,1,0,1174900,Jeep Compass
Toyota,2.8 Legender 4X2,2017,7,28000.0,1,0,0,2500000,Toyota 2.8 Legender 4X2
Honda,City,2013,11,109000.0,1,1,2,410000,Honda City
Mahindra,Bolero,2020,4,120000.0,0,0,1,785000,Mahindra Bolero
Hyundai,Eon,2013,11,72000.0,0,1,0,155000,Hyundai Eon
Maruti Suzuki,Baleno,2015,9,60000.0,1,0,2,550000,Maruti Suzuki Baleno
Mercedes-Benz,GLS,2021,3,100000.0,1,0,1,38000,Mercedes-Benz GLS
Maruti Suzuki,Ciaz,2016,8,96000.0,0,1,1,615000,Maruti Suzuki Ciaz
Hyundai,Xcent,2015,9,65000.0,0,0,2,340000,Hyundai Xcent
Hyundai,Santro Xing,2009,15,110000.0,0,1,0,156999,Hyundai Santro Xing
Skoda,Rapid,2017,7,55000.0,1,1,2,575000,Skoda Rapid
BMW,5 Series,2017,7,59000.0,1,0,1,3650000,BMW 5 Series
Volkswagen,VentoTest,2011,13,98000.0,0,0,1,440000,Volkswagen VentoTest
Tata,Nexon,2019,5,52000.0,1,0,2,510000,Tata Nexon
Maruti Suzuki,Ritz,2014,10,91440.0,0,1,2,335000,Maruti Suzuki Ritz
Maruti Suzuki,maruti-suzuki-brezza,2024,0,2000.0,0,0,2,1395000,Maruti Suzuki maruti-suzuki-brezza
Toyota,Fortuner,2017,7,110000.0,1,0,1,2700000,Toyota Fortuner
Hyundai,Santro,2018,6,35000.0,1,0,2,450000,Hyundai Santro
Maruti Suzuki,Celerio,2017,7,57000.0,1,0,2,399000,Maruti Suzuki Celerio
Hyundai,i20,2014,10,38000.0,1,0,0,415000,Hyundai i20
Honda,BRV,2018,6,66000.0,1,1,2,680000,Honda BRV
Maruti Suzuki,Estilo,2009,15,99000.0,0,1,2,130000,Maruti Suzuki Estilo
Maruti Suzuki,Omni,2008,16,,0,1,2,51786,Maruti Suzuki Omni
Chevrolet,Trailblazer,2015,9,116000.0,0,1,1,685000,Chevrolet Trailblazer
Maruti Suzuki,Swift-Dzire,2018,6,27000.0,1,1,0,615000,Maruti Suzuki Swift-Dzire
Honda,BRV,2018,6,81001.0,0,0,1,751000,Honda BRV
Hyundai,Creta,2023,1,27500.0,0,0,0,1200000,Hyundai Creta
Toyota,Corolla,2008,16,52000.0,1,1,0,295000,Toyota Corolla
Hyundai,Grand i10,2013,11,67000.0,0,1,0,295000,Hyundai Grand i10
Honda,Civic,2011,13,77000.0,1,1,2,190000,Honda Civic
Hyundai,Verna,2019,5,39500.0,1,1,2,825000,Hyundai Verna
Honda,Jazz,2015,9,95000.0,1,0,2,450000,Honda Jazz
Hyundai,Santro Xing,2005,19,130000.0,0,1,0,94999,Hyundai Santro Xing
Maruti Suzuki,Swift,2018,6,82500.0,1,0,1,650000,Maruti Suzuki Swift
Maruti Suzuki,Celerio,2018,6,85000.0,0,0,2,421000,Maruti Suzuki Celerio
Land Rover,Discovery Sport,2018,6,51000.0,1,0,1,2890000,Land Rover Discovery Sport
Hyundai,Grand i10,2017,7,48000.0,0,0,2,350000,Hyundai Grand i10
Mercedes-Benz,E-Class,2017,7,56000.0,1,0,1,2790000,Mercedes-Benz E-Class
Hyundai,Accent,2011,13,71000.0,0,1,2,240000,Hyundai Accent
Tata,Hexa,2017,7,97000.0,1,0,1,1300000,Tata Hexa
Maruti Suzuki,Grand Vitara,2023,1,17000.0,0,0,0,1300000,Maruti Suzuki Grand Vitara
Honda,City,2017,7,76000.0,0,0,2,549000,Honda City
Skoda,Superb,2015,9,99000.0,1,1,0,789999,Skoda Superb
Honda,Civic,2007,17,85000.0,1,1,2,150000,Honda Civic
Honda,City,2010,14,70000.0,0,0,2,290000,Honda City
Honda,City,2012,12,56320.0,1,1,2,335000,Honda City
Honda,City,2017,7,61000.0,0,1,2,590000,Honda City
Toyota,Land Cruiser,2014,10,90000.0,1,0,1,7499000,Toyota Land Cruiser
Nissan,Micra,2018,6,49900.0,0,1,1,430000,Nissan Micra
Maruti Suzuki,Swift,2023,1,16700.0,0,1,0,650000,Maruti Suzuki Swift
Honda,Civic,2009,15,76000.0,1,1,0,240000,Honda Civic
Maruti Suzuki,Celerio,2017,7,75000.0,1,1,2,300000,Maruti Suzuki Celerio
Mahindra,Thar,2022,2,25000.0,1,0,1,1553000,Mahindra Thar
Renault,KWID,2019,5,25000.0,1,0,2,375000,Renault KWID
Maruti Suzuki,Ciaz,2017,7,72000.0,0,0,1,650000,Maruti Suzuki Ciaz
Honda,City ZX,2008,16,119000.0,1,1,2,145000,Honda City ZX
Maruti Suzuki,Alto-K10,2017,7,52385.0,1,0,2,299000,Maruti Suzuki Alto-K10
Honda,City,2022,2,21000.0,0,1,0,1190000,Honda City
Maruti Suzuki,Swift Dzire,2018,6,68955.0,1,0,0,610000,Maruti Suzuki Swift Dzire
Maruti Suzuki,Ertiga,2022,2,68000.0,0,1,2,950000,Maruti Suzuki Ertiga
Audi,Q7,2018,6,75000.0,1,1,1,4150000,Audi Q7
Maruti Suzuki,Wagon-R,2014,10,75000.0,0,0,2,195000,Maruti Suzuki Wagon-R
BMW,3 Series,2011,13,39000.0,1,1,1,1300000,BMW 3 Series
Renault,KWID,2023,1,14543.0,1,0,0,670000,Renault KWID
Honda,CRV,2013,11,106000.0,1,1,2,540000,Honda CRV
Hyundai,i20,2020,4,420000.0,0,1,2,800000,Hyundai i20
Maruti Suzuki,Swift,2008,16,130000.0,0,1,2,170000,Maruti Suzuki Swift
Volkswagen,VentoTest,2014,10,72900.0,1,1,1,511000,Volkswagen VentoTest
Volkswagen,VentoTest,2015,9,92000.0,0,1,1,450000,Volkswagen VentoTest
Mahindra,Xylo,2016,8,130000.0,0,1,1,475000,Mahindra Xylo
Hyundai,i20,2011,13,68000.0,0,0,1,310000,Hyundai i20
Mahindra,Scorpio-N,2022,2,9500.0,1,0,0,2250000,Mahindra Scorpio-N
Hyundai,Verna,2017,7,38000.0,1,1,0,825000,Hyundai Verna
Hyundai,Elantra,2014,10,91000.0,1,1,1,550000,Hyundai Elantra
Volkswagen,Polo,2011,13,53000.0,0,1,1,271000,Volkswagen Polo
Ford,Figo,2012,12,118000.0,0,1,1,235000,Ford Figo
Maruti Suzuki,Wagon-R,2017,7,96000.0,1,0,2,350000,Maruti Suzuki Wagon-R
Mahindra,Scorpio,2017,7,81000.0,0,1,1,875000,Mahindra Scorpio
MG,Hector Plus,2021,3,32000.0,1,1,0,1550000,MG Hector Plus
Mahindra,Scorpio N,2008,16,142200.0,0,1,1,198500,Mahindra Scorpio N
Land Rover,Freelander 2,2012,12,145000.0,1,1,1,675000,Land Rover Freelander 2
Hyundai,Creta,2019,5,50000.0,0,0,1,1050000,Hyundai Creta
Toyota,Glanza,2020,4,15000.0,1,0,0,845000,Toyota Glanza
Land Rover,Range Rover Evoque,2021,3,37000.0,1,1,1,4950000,Land Rover Range Rover Evoque
Mahindra,Scorpio,2017,7,710205.0,0,0,1,875000,Mahindra Scorpio
Maruti Suzuki,Wagon-R-1-0,2016,8,62000.0,1,1,0,445000,Maruti Suzuki Wagon-R-1-0
Hyundai,Grand i10,2015,9,75000.0,1,1,2,260000,Hyundai Grand i10
Maruti Suzuki,XL6,2019,5,53110.0,1,1,0,895000,Maruti Suzuki XL6
Maruti Suzuki,Celerio,2020,4,50000.0,1,0,0,330000,Maruti Suzuki Celerio
BMW,5 Series,2014,10,90000.0,1,1,1,1251000,BMW 5 Series
Maruti Suzuki,Sx4,2011,13,89926.0,1,1,2,250000,Maruti Suzuki Sx4
Tata,Altroz,2020,4,39000.0,0,0,0,475000,Tata Altroz
Maruti Suzuki,S-Presso,2022,2,49530.0,0,0,0,440000,Maruti Suzuki S-Presso
Maruti Suzuki,Celerio,2019,5,74000.0,0,1,0,470000,Maruti Suzuki Celerio
Maruti Suzuki,Sx4,2010,14,90000.0,1,0,2,185000,Maruti Suzuki Sx4
Maruti Suzuki,Grand Vitara,2023,1,20000.0,1,0,2,1800000,Maruti Suzuki Grand Vitara
Mercedes-Benz,GLE COUPE,2017,7,59956.0,1,0,1,6199000,Mercedes-Benz GLE COUPE
Mahindra,Scorpio,2017,7,67000.0,0,0,1,935000,Mahindra Scorpio
BMW,X3,2019,5,60000.0,1,0,1,3450000,BMW X3
Honda,Civic,2019,5,77000.0,1,0,0,1375000,Honda Civic
Maruti Suzuki,Celerio,2018,6,42000.0,1,0,0,425000,Maruti Suzuki Celerio
Land Rover,Range Rover Evoque,2015,9,65000.0,1,0,1,1699000,Land Rover Range Rover Evoque
Mahindra,Xylo,2011,13,105000.0,0,1,1,550000,Mahindra Xylo
Skoda,Superb,2016,8,55000.0,1,0,0,1350000,Skoda Superb
Audi,Q3,2015,9,86000.0,1,0,1,1750000,Audi Q3
Toyota,Innova Crysta,2021,3,81499.0,1,0,1,2100000,Toyota Innova Crysta
Toyota,Corolla Altis,2017,7,95000.0,1,1,0,875000,Toyota Corolla Altis
Maruti Suzuki,Celerio,2014,10,65000.0,0,0,2,350000,Maruti Suzuki Celerio
Skoda,Rapid,2017,7,100000.0,1,1,1,635000,Skoda Rapid
Maruti Suzuki,Celerio,2016,8,60000.0,0,1,2,350000,Maruti Suzuki Celerio
Maruti Suzuki,Wagon R,2018,6,39000.0,0,0,0,340000,Maruti Suzuki Wagon R
Mercedes-Benz,C-Class,2016,8,96000.0,1,1,1,2000000,Mercedes-Benz C-Class
Toyota,Etios,2012,12,30000.0,1,1,1,350000,Toyota Etios
Maruti Suzuki,Wagon-R,2012,12,58000.0,1,0,2,245000,Maruti Suzuki Wagon-R
Maruti Suzuki,Wagon-R,2015,9,104300.0,0,1,0,290000,Maruti Suzuki Wagon-R
Maruti Suzuki,Swift-Dzire,2012,12,105000.0,0,1,2,230000,Maruti Suzuki Swift-Dzire
Renault,Scala,2013,11,61000.0,0,0,0,275000,Renault Scala
Hyundai,Santro Xing,2011,13,82000.0,0,1,2,105000,Hyundai Santro Xing
Mahindra,Thar,2022,2,27000.0,1,0,1,1775000,Mahindra Thar
Maruti Suzuki,Baleno,2020,4,30211.0,0,0,0,650000,Maruti Suzuki Baleno
Hyundai,i20,2017,7,42000.0,0,0,2,560000,Hyundai i20
Maruti Suzuki,Alto K10,2012,12,113000.0,0,1,2,225000,Maruti Suzuki Alto K10
Honda,Jazz,2019,5,65000.0,1,0,0,670000,Honda Jazz
Toyota,Glanza,2020,4,60000.0,0,1,0,699000,Toyota Glanza
Mahindra,TUV,2015,9,65000.0,1,1,1,599999,Mahindra TUV
Toyota,Etios Liva,2011,13,160000.0,0,1,0,295000,Toyota Etios Liva
Maruti Suzuki,Eeco,2017,7,66000.0,0,1,0,380000,Maruti Suzuki Eeco
Mahindra,KUV100 NXT,2019,5,23600.0,0,1,0,325000,Mahindra KUV100 NXT
Hyundai,Grand i10,2015,9,53000.0,1,0,2,429000,Hyundai Grand i10
Jeep,Meridian,2006,18,86000.0,1,1,1,420000,Jeep Meridian
Mahindra,Verito,2012,12,220000.0,0,1,1,240000,Mahindra Verito
Maruti Suzuki,Swift,2022,2,34000.0,0,0,2,599000,Maruti Suzuki Swift
Hyundai,i20 Active,2016,8,95000.0,0,1,1,559000,Hyundai i20 Active
Skoda,Octavia,2020,4,31008.0,1,1,0,1515000,Skoda Octavia
Nissan,Sunny,2013,11,56850.0,1,1,2,185000,Nissan Sunny
Toyota,Fortuner,2019,5,33000.0,1,0,1,3445000,Toyota Fortuner
Mahindra,Thar,2023,1,32000.0,1,0,1,1500000,Mahindra Thar
Maruti Suzuki,Eeco,2021,3,41000.0,1,0,2,425000,Maruti Suzuki Eeco
Maruti Suzuki,Wagon-R,2008,16,43000.0,0,1,2,149000,Maruti Suzuki Wagon-R
Toyota,Fortuner,2019,5,81000.0,1,0,1,3175000,Toyota Fortuner
Hyundai,Grand i10,2017,7,57000.0,1,0,2,515000,Hyundai Grand i10
Hyundai,i20,2019,5,81000.0,0,1,2,465000,Hyundai i20
Tata,Tiago,2022,2,35000.0,0,0,2,600000,Tata Tiago
Maruti Suzuki,Estilo,2013,11,55000.0,1,0,2,260000,Maruti Suzuki Estilo
Maruti Suzuki,Ertiga,2020,4,55000.0,1,0,0,990000,Maruti Suzuki Ertiga
Audi,A6,2019,5,22000.0,1,0,0,3100000,Audi A6
Volkswagen,Polo,2012,12,123000.0,0,1,1,399000,Volkswagen Polo
Maruti Suzuki,Baleno,2018,6,128000.0,0,0,1,670000,Maruti Suzuki Baleno
Nissan,Terrano,2014,10,132228.0,0,1,1,450000,Nissan Terrano
Maruti Suzuki,Wagon-R,2017,7,50000.0,1,0,2,435000,Maruti Suzuki Wagon-R
Maruti Suzuki,Zen-Estilo,2010,14,80000.0,0,1,0,170000,Maruti Suzuki Zen-Estilo
Maruti Suzuki,Swift-Dzire,2014,10,70927.0,0,1,0,325000,Maruti Suzuki Swift-Dzire
Renault,KWID,2016,8,40000.0,0,1,0,145000,Renault KWID
Tata,Tiago,2018,6,32000.0,0,0,1,545000,Tata Tiago
Audi,A3,2015,9,42000.0,1,1,1,1050000,Audi A3
Mercedes-Benz,GLC,2017,7,102000.0,1,0,1,2775000,Mercedes-Benz GLC
Honda,CR-V,2012,12,92000.0,1,0,2,400000,Honda CR-V
Maruti Suzuki,Ertiga,2017,7,80000.0,0,0,1,750000,Maruti Suzuki Ertiga
Ford,Endeavour,2016,8,93000.0,1,1,1,2100000,Ford Endeavour
Tata,Nano,2015,9,47000.0,1,1,0,269000,Tata Nano
Hyundai,New Elantra,2015,9,73000.0,1,0,1,775000,Hyundai New Elantra
Ford,Ecosport,2019,5,41868.0,1,0,2,775000,Ford Ecosport
Honda,WRV,2020,4,55000.0,0,0,0,675000,Honda WRV
Toyota,Innova Hycross,2023,1,20000.0,1,0,2,3300000,Toyota Innova Hycross
Audi,Q3,2016,8,120000.0,1,1,1,1475000,Audi Q3
Maruti Suzuki,Eeco,2011,13,96369.0,0,1,2,120000,Maruti Suzuki Eeco
Hyundai,i10,2011,13,62000.0,1,0,0,275000,Hyundai i10
Hyundai,Verna,2014,10,93000.0,0,1,1,520000,Hyundai Verna
Hyundai,Elite i20,2019,5,79000.0,0,1,2,465000,Hyundai Elite i20
MG,Hector,2021,3,23000.0,1,0,0,1475000,MG Hector
Maruti Suzuki,Wagon-R,2015,9,62000.0,1,1,2,120000,Maruti Suzuki Wagon-R
Toyota,Innova Crysta,2019,5,97000.0,0,0,1,1521000,Toyota Innova Crysta
Ford,Endeavour,2019,5,85000.0,1,1,1,2150000,Ford Endeavour
Honda,City ZX,2008,16,82700.0,0,1,0,285000,Honda City ZX
Audi,A5,2011,13,90000.0,1,1,1,1275000,Audi A5
Maruti Suzuki,Alto K10,2019,5,78000.0,1,0,0,475000,Maruti Suzuki Alto K10
BMW,3 Series GT,2017,7,95000.0,1,0,1,2100000,BMW 3 Series GT
Mahindra,Thar,2019,5,10000.0,0,0,1,795000,Mahindra Thar
Honda,Amaze,2014,10,62000.0,0,0,2,385000,Honda Amaze
Maruti Suzuki,Alto-800,2020,4,25000.0,0,0,2,325000,Maruti Suzuki Alto-800
Maruti Suzuki,maruti-suzuki-dzire,2021,3,62000.0,0,1,2,680000,Maruti Suzuki maruti-suzuki-dzire
Maruti Suzuki,Wagon-R,2015,9,90000.0,0,1,2,290000,Maruti Suzuki Wagon-R
Renault,Duster,2016,8,83409.0,1,1,1,625000,Renault Duster
Maruti Suzuki,Zen-Estilo,2013,11,78000.0,0,1,0,150000,Maruti Suzuki Zen-Estilo
Mercedes-Benz,C-Class,2018,6,42000.0,1,0,1,2700000,Mercedes-Benz C-Class
Honda,Civic,2006,18,98000.0,1,1,0,225000,Honda Civic
Maruti Suzuki,Swift-Dzire,2017,7,79000.0,1,0,0,569000,Maruti Suzuki Swift-Dzire
Maruti Suzuki,Wagon-R,2019,5,72500.0,0,0,2,425000,Maruti Suzuki Wagon-R
Maruti Suzuki,Wagon-R,2011,13,95000.0,0,1,2,220000,Maruti Suzuki Wagon-R
Toyota,Corolla Altis,2013,11,77000.0,1,1,2,365000,Toyota Corolla Altis
Maruti Suzuki,Ciaz,2019,5,73500.0,1,0,0,750000,Maruti Suzuki Ciaz
Hyundai,Santro Xing,2011,13,70000.0,1,0,2,120000,Hyundai Santro Xing
Maruti Suzuki,Celerio,2019,5,120000.0,1,1,2,300000,Maruti Suzuki Celerio
Toyota,Innova,2011,13,175000.0,0,1,1,650000,Toyota Innova
Maruti Suzuki,Baleno,2017,7,50000.0,1,0,0,425000,Maruti Suzuki Baleno
Hyundai,Grand i10,2020,4,44681.0,0,0,0,525155,Hyundai Grand i10
Land Rover,Range Rover,2020,4,48000.0,1,0,0,16500000,Land Rover Range Rover
Force,Motors FM Force One Test,2016,8,70000.0,1,0,2,560000,Force Motors FM Force One Test
Mahindra,Thar,2022,2,19000.0,0,0,1,1599000,Mahindra Thar
Toyota,Innova,2008,16,122000.0,0,0,1,390000,Toyota Innova
Mitsubishi,Pajero Sport,2017,7,79000.0,1,1,1,1075000,Mitsubishi Pajero Sport
Maruti Suzuki,Swift-Dzire,2015,9,52000.0,0,0,0,450000,Maruti Suzuki Swift-Dzire
Hyundai,Creta,2023,1,15000.0,1,0,0,1690000,Hyundai Creta
Jeep,Compass,2018,6,75000.0,0,1,1,1500000,Jeep Compass
Maruti Suzuki,maruti-suzuki-dzire,2020,4,28000.0,1,0,2,725000,Maruti Suzuki maruti-suzuki-dzire
Honda,Amaze,2015,9,104000.0,1,0,2,400000,Honda Amaze
Maruti Suzuki,Ertiga,2015,9,52000.0,0,0,2,685000,Maruti Suzuki Ertiga
Ford,Ecosport,2019,5,70000.0,0,0,1,590000,Ford Ecosport
Maruti Suzuki,Swift,2016,8,47500.0,0,0,0,530000,Maruti Suzuki Swift
Honda,Jazz,2016,8,93000.0,1,1,2,425000,Honda Jazz
Volkswagen,Polo,2014,10,149000.0,1,1,0,530000,Volkswagen Polo
Maruti Suzuki,Ertiga,2014,10,70000.0,0,1,2,455000,Maruti Suzuki Ertiga
Hyundai,Elantra,2013,11,100000.0,0,1,1,465000,Hyundai Elantra
BMW,7 Series,2017,7,24000.0,1,1,1,4450000,BMW 7 Series
Maruti Suzuki,Wagon-R-1-0,2019,5,81000.0,0,0,2,490000,Maruti Suzuki Wagon-R-1-0
Hyundai,i10,2013,11,56000.0,0,1,0,290000,Hyundai i10
Hyundai,Accent,2000,24,120400.0,0,1,0,74000,Hyundai Accent
Audi,Q3,2012,12,90000.0,1,1,1,890000,Audi Q3
Volkswagen,Polo,2018,6,23000.0,0,1,1,545000,Volkswagen Polo
Mahindra,KUV 100,2017,7,90000.0,1,1,2,220000,Mahindra KUV 100
Maruti Suzuki,Swift-Dzire,2024,0,5500.0,1,0,2,411000,Maruti Suzuki Swift-Dzire
Hyundai,Grand i10,2016,8,62000.0,1,1,2,440000,Hyundai Grand i10
Maruti Suzuki,New-gen Swift,2023,1,15000.0,1,1,2,800000,Maruti Suzuki New-gen Swift
Hyundai,Creta,2022,2,44000.0,0,0,0,1350000,Hyundai Creta
Maruti Suzuki,XL6,2020,4,78000.0,1,0,0,1050000,Maruti Suzuki XL6
Maruti Suzuki,Ciaz,2020,4,75000.0,1,1,2,550000,Maruti Suzuki Ciaz
Hyundai,Verna,2011,13,86000.0,0,1,1,335000,Hyundai Verna
Mitsubishi,Pajero Sport,2017,7,125000.0,1,1,1,1099000,Mitsubishi Pajero Sport
Mahindra,Thar,2021,3,28500.0,1,1,0,1300000,Mahindra Thar
Mahindra,XUV500,2012,12,175000.0,0,0,1,710000,Mahindra XUV500
Chevrolet,Spark,2013,11,50000.0,0,1,0,149000,Chevrolet Spark
Hyundai,i20,2019,5,80000.0,0,0,0,625000,Hyundai i20
Maruti Suzuki,Swift,2022,2,75000.0,0,0,0,575000,Maruti Suzuki Swift
Volkswagen,VentoTest,2014,10,72000.0,1,1,0,450000,Volkswagen VentoTest
Hyundai,Santro Xing,2009,15,130000.0,1,1,2,70000,Hyundai Santro Xing
Hyundai,i10,2012,12,68000.0,1,1,0,294000,Hyundai i10
Maruti Suzuki,Swift,2024,0,18950.0,1,0,0,950000,Maruti Suzuki Swift
Hyundai,Creta,2021,3,90000.0,1,0,1,1650000,Hyundai Creta
Maruti Suzuki,Eeco,2023,1,53000.0,1,0,2,580000,Maruti Suzuki Eeco
Volkswagen,Jetta,2016,8,120000.0,0,0,1,825000,Volkswagen Jetta
Maruti Suzuki,Eeco,2020,4,63000.0,1,0,2,349000,Maruti Suzuki Eeco
Tata,Safari Storme,2017,7,72400.0,0,0,1,745000,Tata Safari Storme
Hyundai,Elite i20,2015,9,46000.0,0,1,0,575000,Hyundai Elite i20
Hyundai,Elite i20,2021,3,57555.0,0,0,0,705000,Hyundai Elite i20
Volkswagen,Tiguan,2018,6,52000.0,1,0,1,1915000,Volkswagen Tiguan
Hyundai,Grand i10,2016,8,42000.0,0,0,0,320000,Hyundai Grand i10
Maruti Suzuki,Celerio-X,2018,6,40000.0,0,0,0,500000,Maruti Suzuki Celerio-X
Maruti Suzuki,Omni,2019,5,55846.0,0,1,0,285000,Maruti Suzuki Omni
Hyundai,Grand i10 Nios,2023,1,10000.0,0,1,0,635000,Hyundai Grand i10 Nios
Honda,Amaze,2016,8,86000.0,0,1,2,425000,Honda Amaze
Maruti Suzuki,800,2008,16,70000.0,0,1,0,80000,Maruti Suzuki 800
Hyundai,i20,2022,2,31851.0,0,0,0,647000,Hyundai i20
Honda,CRV,2015,9,103000.0,1,1,2,775000,Honda CRV
Mercedes-Benz,C-Class,2020,4,59001.0,1,0,1,3690000,Mercedes-Benz C-Class
Maruti Suzuki,Swift,2011,13,130000.0,0,1,0,310000,Maruti Suzuki Swift
Mercedes-Benz,GLS,2017,7,66000.0,1,1,1,5400000,Mercedes-Benz GLS
Tata,Tiago,2020,4,52252.0,0,0,2,340000,Tata Tiago
Honda,Civic,2013,11,84000.0,1,1,0,400000,Honda Civic
Audi,Q3,2019,5,44000.0,1,0,1,3200000,Audi Q3
Toyota,Etios,2013,11,81530.0,0,1,1,425000,Toyota Etios
Maruti Suzuki,Omni,2017,7,57215.0,1,0,2,245000,Maruti Suzuki Omni
Hyundai,Eon,2012,12,10000.0,1,1,0,140000,Hyundai Eon
Kia,Sonet,2021,3,34000.0,1,0,2,899000,Kia Sonet
Ford,Ecosport,2013,11,78300.0,0,0,1,310000,Ford Ecosport
Kia,Seltos,2022,2,30000.0,1,0,1,2075000,Kia Seltos
Volkswagen,Polo,2017,7,94000.0,1,1,0,790000,Volkswagen Polo
Hyundai,Santro Xing,2003,21,130000.0,0,1,0,75000,Hyundai Santro Xing
Honda,CRV,2019,5,124000.0,1,0,0,1499000,Honda CRV
Hyundai,Eon,2015,9,55000.0,0,1,0,265000,Hyundai Eon
Maruti Suzuki,Baleno,2017,7,20300.0,1,0,0,525000,Maruti Suzuki Baleno
Honda,City,2013,11,55000.0,0,1,2,310000,Honda City
Maruti Suzuki,Swift-Dzire,2015,9,60000.0,0,0,1,420000,Maruti Suzuki Swift-Dzire
Maruti Suzuki,Swift-Dzire,2016,8,68000.0,0,0,2,365000,Maruti Suzuki Swift-Dzire
Maruti Suzuki,S-Presso,2020,4,35000.0,0,0,0,420000,Maruti Suzuki S-Presso
Skoda,Rapid,2018,6,174000.0,1,0,1,710000,Skoda Rapid
Maruti Suzuki,Ciaz,2016,8,59000.0,0,0,0,545000,Maruti Suzuki Ciaz
Mercedes-Benz,M-Class,2012,12,129000.0,1,0,1,1750000,Mercedes-Benz M-Class
Skoda,Slavia,2022,2,22940.0,0,0,0,1195000,Skoda Slavia
Fiat,Punto Pure,2016,8,94000.0,0,1,2,221000,Fiat Punto Pure
Volkswagen,VentoTest,2011,13,70000.0,1,1,2,290000,Volkswagen VentoTest
Hyundai,Eon,2013,11,56000.0,0,1,0,195000,Hyundai Eon
Hyundai,Aura,2021,3,49000.0,0,0,1,790000,Hyundai Aura
Toyota,2.8 Legender 4X2,2024,0,6000.0,1,0,1,5495000,Toyota 2.8 Legender 4X2
Ford,Ecosport,2015,9,80000.0,1,1,0,465000,Ford Ecosport
Maruti Suzuki,Celerio,2014,10,65000.0,0,0,0,270000,Maruti Suzuki Celerio
Volkswagen,Polo,2011,13,152000.0,0,1,1,370000,Volkswagen Polo
Renault,Duster,2014,10,98000.0,0,1,1,450000,Renault Duster
Jeep,Compass,2021,3,32000.0,1,0,0,1899000,Jeep Compass
Hyundai,Grand i10 Nios,2021,3,55000.0,0,0,2,625000,Hyundai Grand i10 Nios
Maruti Suzuki,Swift-Dzire,2022,2,45000.0,1,0,2,840000,Maruti Suzuki Swift-Dzire
Honda,Jazz,2015,9,68000.0,0,1,1,399000,Honda Jazz
Maruti Suzuki,Celerio,2017,7,62000.0,1,0,2,411000,Maruti Suzuki Celerio
ICML,Rhino Rx,2010,14,,0,1,1,195000,ICML Rhino Rx
Hyundai,i10,2011,13,45000.0,0,1,0,315000,Hyundai i10
Mahindra,Thar,2021,3,51000.0,1,1,1,1590000,Mahindra Thar
Renault,Duster,2015,9,75000.0,0,1,1,560000,Renault Duster
Tata,Tigor,2023,1,20000.0,0,1,2,730000,Tata Tigor
Maruti Suzuki,Wagon-R,2019,5,45640.0,0,1,0,460000,Maruti Suzuki Wagon-R
Hyundai,i10,2011,13,71303.0,1,1,0,325000,Hyundai i10
Maruti Suzuki,Zen-Estilo,2011,13,73500.0,0,0,2,70000,Maruti Suzuki Zen-Estilo
Hyundai,Grand i10,2017,7,90001.0,0,0,1,430000,Hyundai Grand i10
Isuzu,D-Max V-Cross,2022,2,15000.0,1,0,1,2000000,Isuzu D-Max V-Cross
Maruti Suzuki,Wagon-R,2012,12,56000.0,0,0,2,195000,Maruti Suzuki Wagon-R
Hyundai,Creta,2020,4,123000.0,1,0,0,1150000,Hyundai Creta
Audi,Q7,2014,10,45000.0,1,1,1,1200000,Audi Q7
Toyota,Innova Hycross,2024,0,1600.0,1,0,0,2285000,Toyota Innova Hycross
Honda,City,2014,10,87000.0,0,0,1,495000,Honda City
Hyundai,Creta,2017,7,67879.0,0,0,1,730000,Hyundai Creta
Maruti Suzuki,Alto-800,2020,4,72000.0,1,1,2,375000,Maruti Suzuki Alto-800
Volkswagen,Polo,2021,3,59000.0,1,1,0,1100000,Volkswagen Polo
Honda,CRV,2015,9,104000.0,1,1,2,775000,Honda CRV
Mercedes-Benz,C-Class,2011,13,65000.0,1,0,1,1150000,Mercedes-Benz C-Class
Jeep,Compass,2017,7,80000.0,0,0,1,850000,Jeep Compass
Honda,City,2015,9,78300.0,1,0,2,611000,Honda City
Volkswagen,Polo,2010,14,140000.0,0,1,1,350000,Volkswagen Polo
Volkswagen,Polo,2016,8,75000.0,1,1,0,530000,Volkswagen Polo
Maruti Suzuki,Swift-Dzire,2017,7,63000.0,1,1,2,550000,Maruti Suzuki Swift-Dzire
Tata,Tiago,2018,6,42000.0,1,0,2,535000,Tata Tiago
Fiat,Punto,2014,10,80000.0,1,1,0,179001,Fiat Punto
Mahindra,XUV500,2013,11,81000.0,0,0,1,571000,Mahindra XUV500
Maruti Suzuki,Swift-Dzire,2017,7,65500.0,1,0,2,550000,Maruti Suzuki Swift-Dzire
Mahindra,Scorpio,2016,8,67000.0,0,1,1,675000,Mahindra Scorpio
Maruti Suzuki,Wagon-R,2021,3,60000.0,0,0,2,510000,Maruti Suzuki Wagon-R
Toyota,Camry,2013,11,90000.0,1,0,0,775000,Toyota Camry
Mercedes-Benz,C-Class,2019,5,58000.0,1,0,1,2951000,Mercedes-Benz C-Class
Volvo,S60,2013,11,56000.0,1,1,1,1250000,Volvo S60
Maruti Suzuki,Wagon R 1.0,2021,3,89000.0,0,0,2,560000,Maruti Suzuki Wagon R 1.0
Honda,New Accord,2010,14,75000.0,1,1,2,225000,Honda New Accord
Maruti Suzuki,Ertiga,2020,4,51000.0,1,1,2,950000,Maruti Suzuki Ertiga
Volkswagen,Taigun,2022,2,55000.0,1,1,0,1425000,Volkswagen Taigun
Maruti Suzuki,Alto-800,2009,15,70000.0,0,1,0,130000,Maruti Suzuki Alto-800
Hyundai,Verna,2014,10,71900.0,1,1,2,450000,Hyundai Verna
Renault,KWID,2017,7,22000.0,0,1,0,285000,Renault KWID
Maruti Suzuki,Eeco,2020,4,70000.0,0,1,0,450000,Maruti Suzuki Eeco
Maruti Suzuki,Swift-Dzire,2014,10,25500.0,0,0,1,574000,Maruti Suzuki Swift-Dzire
Volkswagen,Polo,2018,6,78000.0,1,1,0,775000,Volkswagen Polo
Toyota,Innova Crysta,2020,4,75000.0,1,0,1,2000000,Toyota Innova Crysta
Maruti Suzuki,Baleno,2021,3,17532.0,0,0,0,704429,Maruti Suzuki Baleno
Ford,Figo,2011,13,97000.0,0,1,0,130000,Ford Figo
Honda,City,2012,12,66000.0,1,0,2,350000,Honda City
Toyota,Innova Crysta,2022,2,16800.0,1,0,1,3400000,Toyota Innova Crysta
Maruti Suzuki,Eeco,2012,12,50000.0,0,1,2,275000,Maruti Suzuki Eeco
Maruti Suzuki,S-Cross1,2017,7,69000.0,0,0,1,499999,Maruti Suzuki S-Cross1
Skoda,Kushaq,2021,3,34000.0,0,0,0,1250000,Skoda Kushaq
Jeep,Compass,2017,7,78000.0,1,0,0,975000,Jeep Compass
Audi,Q7,2014,10,92000.0,1,1,1,1025000,Audi Q7
Volkswagen,Polo,2017,7,130000.0,1,1,0,850000,Volkswagen Polo
Hyundai,Santro,2020,4,65000.0,1,1,2,435000,Hyundai Santro
Maruti Suzuki,Baleno,2018,6,19000.0,0,0,0,525000,Maruti Suzuki Baleno
Hyundai,Grand i10 Nios,2021,3,65900.0,1,0,2,651000,Hyundai Grand i10 Nios
Tata,Harrier,2021,3,52000.0,1,0,0,2050000,Tata Harrier
Maruti Suzuki,Wagon-R-1-0,2012,12,65000.0,0,0,0,195000,Maruti Suzuki Wagon-R-1-0
Maruti Suzuki,maruti-suzuki-dzire,2017,7,84500.0,0,1,1,490000,Maruti Suzuki maruti-suzuki-dzire
Maruti Suzuki,Wagon-R,2011,13,109500.0,1,0,2,245000,Maruti Suzuki Wagon-R
BMW,3 Series,2016,8,59000.0,1,0,1,1650000,BMW 3 Series
Tata,Harrier,2022,2,50000.0,0,0,1,1750000,Tata Harrier
Maruti Suzuki,Wagon-R,2016,8,89700.0,0,1,0,369000,Maruti Suzuki Wagon-R
Maruti Suzuki,Wagon-R,2023,1,35000.0,1,0,2,750000,Maruti Suzuki Wagon-R
Honda,City,2015,9,93000.0,0,0,1,445000,Honda City
Maruti Suzuki,Swift,2007,17,25.0,1,0,2,70000,Maruti Suzuki Swift
Maruti Suzuki,Ciaz,2017,7,51000.0,1,0,0,555000,Maruti Suzuki Ciaz
Maruti Suzuki,Eeco,2016,8,51000.0,0,1,0,400000,Maruti Suzuki Eeco
Ford,Ecosport,2013,11,73000.0,0,1,1,395000,Ford Ecosport
Chevrolet,Beat,2012,12,99000.0,0,1,1,130000,Chevrolet Beat
Maruti Suzuki,Wagon-R-1-0,2016,8,95000.0,0,1,2,375000,Maruti Suzuki Wagon-R-1-0
Nissan,PATROL,2012,12,32000.0,1,1,2,270000,Nissan PATROL
Ford,Ecosport,2017,7,49000.0,0,1,0,590000,Ford Ecosport
Mercedes-Benz,M-Class,2012,12,125000.0,1,1,1,915000,Mercedes-Benz M-Class
Maruti Suzuki,Wagon-R,2019,5,76000.0,0,0,2,450000,Maruti Suzuki Wagon-R
Maruti Suzuki,Ertiga,2020,4,64185.0,0,0,2,985000,Maruti Suzuki Ertiga
Hyundai,Elite i20,2015,9,38000.0,0,1,0,490000,Hyundai Elite i20
Maruti Suzuki,Swift-Dzire,2018,6,150000.0,0,0,1,724999,Maruti Suzuki Swift-Dzire
Maruti Suzuki,Alto-800,2019,5,75000.0,0,0,2,320000,Maruti Suzuki Alto-800
Mahindra,XUV500,2012,12,133000.0,0,1,1,500000,Mahindra XUV500
Mitsubishi,Pajero Sport,2014,10,150000.0,0,1,1,975000,Mitsubishi Pajero Sport
Ford,Ecosport,2014,10,53000.0,0,0,1,365000,Ford Ecosport
Maruti Suzuki,Alto,2010,14,92000.0,0,1,2,105000,Maruti Suzuki Alto
Renault,KWID,2020,4,45011.0,0,0,0,375000,Renault KWID
Maruti Suzuki,Celerio,2018,6,72000.0,1,0,0,400000,Maruti Suzuki Celerio
Hyundai,i10,2009,15,13570.0,1,0,2,155000,Hyundai i10
Mahindra,Scorpio Classic,2022,2,11000.0,0,0,1,1768000,Mahindra Scorpio Classic
Maruti Suzuki,Ertiga,2022,2,5000.0,0,0,0,1060000,Maruti Suzuki Ertiga
Honda,Accord,2011,13,64000.0,1,1,2,444444,Honda Accord
BMW,5 Series,2016,8,47000.0,1,1,1,2500000,BMW 5 Series
Skoda,Rapid,2013,11,75000.0,1,0,2,295000,Skoda Rapid
Maruti Suzuki,Baleno,2016,8,120000.0,0,0,2,590000,Maruti Suzuki Baleno
Hyundai,Eon,2013,11,66500.0,0,0,0,245000,Hyundai Eon
Maruti Suzuki,Eeco,2023,1,20000.0,0,1,2,600000,Maruti Suzuki Eeco
Maruti Suzuki,Wagon-R,2019,5,65000.0,1,0,0,600000,Maruti Suzuki Wagon-R
Mahindra,Scorpio,2009,15,145000.0,0,0,1,315000,Mahindra Scorpio
Chevrolet,Sail,2013,11,77000.0,0,1,2,250000,Chevrolet Sail
Hyundai,Eon,2018,6,50000.0,0,0,0,269991,Hyundai Eon
Hyundai,Creta,2018,6,88652.0,0,1,1,785000,Hyundai Creta
Hyundai,i20,2017,7,37638.0,0,0,1,580000,Hyundai i20
Maruti Suzuki,Ertiga,2024,0,3000.0,0,0,2,1199000,Maruti Suzuki Ertiga
Hyundai,Verna,2016,8,65426.0,1,1,0,570000,Hyundai Verna
Audi,Q3,2017,7,65000.0,1,1,1,1690000,Audi Q3
Maruti Suzuki,Celerio,2018,6,42000.0,1,1,2,550000,Maruti Suzuki Celerio
Maruti Suzuki,Baleno,2018,6,66000.0,1,1,2,535000,Maruti Suzuki Baleno
Audi,A6,2012,12,119812.0,1,1,1,780000,Audi A6
Mercedes-Benz,GLE COUPE,2017,7,38700.0,1,1,0,5490000,Mercedes-Benz GLE COUPE
Renault,Duster,2016,8,64000.0,0,1,1,325000,Renault Duster
Maruti Suzuki,Grand Vitara,2023,1,9000.0,0,0,0,1450000,Maruti Suzuki Grand Vitara
Mahindra,Scorpio,2014,10,110000.0,0,1,1,625000,Mahindra Scorpio
Maruti Suzuki,Wagon R 1.0,2015,9,68000.0,0,0,2,380000,Maruti Suzuki Wagon R 1.0
Volkswagen,Tiguan,2024,0,1.0,1,0,0,3175000,Volkswagen Tiguan
Lexus,RX,2018,6,132000.0,1,0,2,3850000,Lexus RX
Hyundai,Creta,2018,6,23000.0,1,0,0,1035111,Hyundai Creta
Hyundai,Xcent Prime,2018,6,94000.0,0,1,1,350000,Hyundai Xcent Prime
Hyundai,Elite i20,2019,5,91571.0,0,0,0,681000,Hyundai Elite i20
Honda,BRV,2018,6,32000.0,0,1,2,700000,Honda BRV
Maruti Suzuki,Wagon-R-1-0,2015,9,75000.0,0,0,2,349999,Maruti Suzuki Wagon-R-1-0
Maruti Suzuki,Swift,2011,13,68000.0,1,1,2,165000,Maruti Suzuki Swift
Maruti Suzuki,Ertiga,2016,8,114000.0,0,1,2,619000,Maruti Suzuki Ertiga
Mahindra,Scorpio,2018,6,85000.0,0,1,1,1385000,Mahindra Scorpio
Mercedes-Benz,GLC Class,2021,3,47000.0,1,0,1,4500000,Mercedes-Benz GLC Class
Maruti Suzuki,Vitara-Brezza,2021,3,72375.0,0,0,2,690000,Maruti Suzuki Vitara-Brezza
Kia,Seltos,2019,5,79000.0,0,1,0,1095000,Kia Seltos
Maruti Suzuki,Eeco,2016,8,152000.0,1,1,2,380786,Maruti Suzuki Eeco
Maruti Suzuki,Jimny,2023,1,5500.0,0,0,0,955000,Maruti Suzuki Jimny
Hyundai,Verna,2013,11,60000.0,0,1,0,350000,Hyundai Verna
Maruti Suzuki,Wagon-R-1-0,2023,1,56000.0,1,0,2,560000,Maruti Suzuki Wagon-R-1-0
Maruti Suzuki,Baleno,2017,7,65000.0,1,1,2,570000,Maruti Suzuki Baleno
Maruti Suzuki,Eeco,2012,12,105000.0,1,1,2,220000,Maruti Suzuki Eeco
Volkswagen,Polo,2016,8,37000.0,1,1,0,649000,Volkswagen Polo
Maruti Suzuki,Alto-K10,2015,9,52000.0,1,1,2,349000,Maruti Suzuki Alto-K10
Toyota,Corolla Altis,2015,9,54419.0,0,1,2,699000,Toyota Corolla Altis
Mahindra,Scorpio,2016,8,90000.0,0,1,1,1040000,Mahindra Scorpio
Maruti Suzuki,Ertiga,2019,5,64000.0,1,1,2,820000,Maruti Suzuki Ertiga
Mahindra,XUV 300,2019,5,85000.0,1,0,1,875000,Mahindra XUV 300
Hyundai,Creta,2015,9,66698.0,0,1,1,745000,Hyundai Creta
Hyundai,New i20,2020,4,47000.0,0,1,1,750000,Hyundai New i20
Toyota,Urban Cruiser Hyryder,2024,0,1900.0,1,0,2,2125000,Toyota Urban Cruiser Hyryder
Toyota,Innova Crysta,2018,6,150000.0,0,0,1,1235000,Toyota Innova Crysta
Maruti Suzuki,Baleno,2016,8,25000.0,0,0,0,515000,Maruti Suzuki Baleno
Honda,WRV,2017,7,56000.0,0,0,1,480000,Honda WRV
Maruti Suzuki,Alto-800,2017,7,54000.0,0,1,2,215000,Maruti Suzuki Alto-800
Hyundai,Verna,2024,0,8499.0,1,0,0,1574999,Hyundai Verna
Hyundai,Elite i20,2018,6,63512.0,0,0,0,555000,Hyundai Elite i20
Maruti Suzuki,Wagon-R,2016,8,57000.0,1,0,0,399000,Maruti Suzuki Wagon-R
Skoda,Fabia,2010,14,88000.0,1,1,0,170000,Skoda Fabia
Hyundai,i10,2013,11,62000.0,0,1,2,325000,Hyundai i10
Hyundai,Grand i10,2015,9,53000.0,1,0,2,429000,Hyundai Grand i10
Skoda,Octavia,2015,9,150000.0,1,0,1,899000,Skoda Octavia
Maruti Suzuki,Alto,2008,16,82000.0,0,1,0,154000,Maruti Suzuki Alto
Honda,Amaze,2016,8,39000.0,0,1,0,285000,Honda Amaze
Maruti Suzuki,Baleno,2019,5,110000.0,1,0,0,475000,Maruti Suzuki Baleno
Maruti Suzuki,Omni,2018,6,80000.0,1,0,2,220000,Maruti Suzuki Omni
Maruti Suzuki,Ertiga,2014,10,75871.0,0,1,2,575000,Maruti Suzuki Ertiga
Hyundai,Creta,2016,8,106000.0,1,1,1,985000,Hyundai Creta
Hyundai,i20,2016,8,62000.0,0,1,0,465000,Hyundai i20
Maruti Suzuki,Wagon-R-1-0,2014,10,97000.0,0,1,2,300000,Maruti Suzuki Wagon-R-1-0
Maruti Suzuki,Wagon-R,2012,12,146000.0,0,1,2,210000,Maruti Suzuki Wagon-R
Jeep,Compass,2018,6,69000.0,0,0,1,921000,Jeep Compass
Honda,City,2015,9,67000.0,1,1,2,565000,Honda City
Maruti Suzuki,S-Cross,2019,5,53000.0,0,0,1,700000,Maruti Suzuki S-Cross
Maruti Suzuki,Alto-800,2015,9,81000.0,1,1,2,255000,Maruti Suzuki Alto-800
Honda,City Hybrid eHEV,2018,6,55000.0,1,1,0,690000,Honda City Hybrid eHEV
Maruti Suzuki,Swift,2011,13,111000.0,0,1,1,330000,Maruti Suzuki Swift
Honda,City,2012,12,96266.0,0,0,0,395000,Honda City
Audi,A6,2018,6,85000.0,1,0,1,2471000,Audi A6
Mitsubishi,Pajero Sport,2013,11,164000.0,0,0,1,1200000,Mitsubishi Pajero Sport
Maruti Suzuki,Swift,2018,6,78000.0,0,0,1,499999,Maruti Suzuki Swift
Hyundai,Eon,2012,12,49000.0,0,0,0,185000,Hyundai Eon
Hyundai,i10,2010,14,76000.0,0,0,0,285000,Hyundai i10
Maruti Suzuki,Ciaz,2019,5,52000.0,0,1,0,675000,Maruti Suzuki Ciaz
Hyundai,Grand i10,2015,9,53000.0,1,0,2,429000,Hyundai Grand i10
Honda,Amaze,2017,7,55000.0,0,0,0,395000,Honda Amaze
Toyota,Etios,2016,8,50000.0,0,0,2,355000,Toyota Etios
Maruti Suzuki,Vitara Brezza,2018,6,67000.0,1,0,1,695000,Maruti Suzuki Vitara Brezza
BMW,X1,2019,5,49000.0,1,0,1,2550000,BMW X1
Renault,KWID,2016,8,85000.0,0,0,2,179000,Renault KWID
Maruti Suzuki,S-Presso,2022,2,7253.0,0,0,0,495000,Maruti Suzuki S-Presso
Mercedes-Benz,S-Class,2014,10,74000.0,1,1,1,4475000,Mercedes-Benz S-Class
Hyundai,i20,2015,9,35000.0,0,0,1,570000,Hyundai i20
Maruti Suzuki,Ertiga,2013,11,56000.0,0,1,2,475000,Maruti Suzuki Ertiga
Mahindra,XUV500,2013,11,81453.0,0,0,1,460000,Mahindra XUV500
Maruti Suzuki,Swift-Dzire,2019,5,82000.0,0,0,1,795000,Maruti Suzuki Swift-Dzire
Honda,CR-V,2015,9,70000.0,1,0,2,811000,Honda CR-V
Mahindra,TUV,2016,8,200000.0,1,1,1,420000,Mahindra TUV
Maruti Suzuki,Ertiga,2019,5,63000.0,1,1,2,820000,Maruti Suzuki Ertiga
Maruti Suzuki,Wagon-R,2022,2,65000.0,1,1,2,595000,Maruti Suzuki Wagon-R
Maruti Suzuki,Alto-800,2015,9,73000.0,0,1,0,230000,Maruti Suzuki Alto-800
Honda,City,2014,10,153000.0,0,0,0,460000,Honda City
Maruti Suzuki,Celerio,2015,9,55000.0,0,1,2,349000,Maruti Suzuki Celerio
Hyundai,Xcent,2015,9,85000.0,0,0,0,295000,Hyundai Xcent
Toyota,Innova Crysta,2017,7,163000.0,0,0,1,1779999,Toyota Innova Crysta
Honda,City,2010,14,86000.0,0,1,2,210000,Honda City
Hyundai,Creta,2017,7,58789.0,0,0,1,880000,Hyundai Creta
Maruti Suzuki,Estilo,2011,13,88000.0,0,0,0,160000,Maruti Suzuki Estilo
Maruti Suzuki,Celerio,2019,5,78000.0,0,0,2,530000,Maruti Suzuki Celerio
Maruti Suzuki,Alto-K10,2011,13,78000.0,1,0,2,150000,Maruti Suzuki Alto-K10
Maruti Suzuki,Baleno,2018,6,66000.0,1,1,2,515000,Maruti Suzuki Baleno
Maruti Suzuki,Alto-800,2016,8,57000.0,0,0,0,300000,Maruti Suzuki Alto-800
Nissan,Terrano,2018,6,121000.0,0,0,1,599000,Nissan Terrano
Tata,Zest,2015,9,76000.0,0,0,1,299000,Tata Zest
Volkswagen,Polo,2013,11,100000.0,0,1,1,230000,Volkswagen Polo
Renault,KWID,2019,5,42000.0,1,1,2,380000,Renault KWID
Hyundai,Verna,2019,5,39000.0,1,0,2,825000,Hyundai Verna
Mercedes-Benz,GL-Class,2010,14,143000.0,1,1,1,1395000,Mercedes-Benz GL-Class
Land Rover,Discovery Sport,2016,8,70000.0,1,0,1,3000000,Land Rover Discovery Sport
Maruti Suzuki,Alto-K10,2018,6,58296.0,1,0,0,420000,Maruti Suzuki Alto-K10
Maruti Suzuki,Swift-Dzire,2018,6,118000.0,0,1,1,650000,Maruti Suzuki Swift-Dzire
Maruti Suzuki,maruti-suzuki-dzire,2020,4,28000.0,1,0,2,725000,Maruti Suzuki maruti-suzuki-dzire
Toyota,Innova Hycross,2023,1,38100.0,1,0,2,3799000,Toyota Innova Hycross
Tata,Tigor,2018,6,54750.0,1,0,2,450000,Tata Tigor
Volkswagen,VentoTest,2012,12,116000.0,0,0,1,464000,Volkswagen VentoTest
Hyundai,Creta,2022,2,16000.0,0,0,0,1300000,Hyundai Creta
Toyota,Fortuner,2015,9,98000.0,0,1,1,1545000,Toyota Fortuner
Hyundai,i20,2013,11,71000.0,0,1,2,425000,Hyundai i20
Maruti Suzuki,Sx4,2009,15,99000.0,0,1,2,295000,Maruti Suzuki Sx4
Mahindra,E-20,2017,7,46550.0,1,0,0,222000,Mahindra E-20
Maruti Suzuki,Alto-800,2016,8,72000.0,0,1,2,245000,Maruti Suzuki Alto-800
Toyota,Innova Crysta,2018,6,200000.0,1,1,1,1850000,Toyota Innova Crysta
Honda,City,2017,7,70000.0,1,1,2,775000,Honda City
Maruti Suzuki,Swift,2015,9,32000.0,0,0,0,495000,Maruti Suzuki Swift
Honda,City,2019,5,78000.0,1,1,2,810000,Honda City
Bajaj,RE60,2007,17,1500.0,1,0,2,370000,Bajaj RE60
Volvo,XC60,2022,2,32000.0,1,0,0,6300000,Volvo XC60
Hyundai,i20,2016,8,57000.0,0,1,0,575000,Hyundai i20
Honda,City,2011,13,70000.0,1,1,2,331000,Honda City
Kia,Seltos,2022,2,8690.0,0,0,0,1495000,Kia Seltos
Maruti Suzuki,Wagon-R-1-0,2022,2,21878.0,0,0,2,640000,Maruti Suzuki Wagon-R-1-0
Maruti Suzuki,Ertiga,2019,5,65000.0,1,1,2,820000,Maruti Suzuki Ertiga
Maruti Suzuki,Omni,2009,15,46000.0,1,1,2,165000,Maruti Suzuki Omni
Ford,Figo,2017,7,102500.0,0,0,1,400000,Ford Figo
Ford,Ecosport,2018,6,77000.0,0,0,0,720000,Ford Ecosport
Hyundai,Grand i10,2017,7,76000.0,0,0,0,460000,Hyundai Grand i10
Kia,Sonet,2023,1,8100.0,1,0,0,1175000,Kia Sonet
Tata,Tiago,2021,3,19000.0,1,0,0,665000,Tata Tiago
Mahindra,XUV500,2014,10,80000.0,0,1,1,475000,Mahindra XUV500
Mahindra,XUV500,2015,9,90000.0,0,0,1,475000,Mahindra XUV500
Volkswagen,Polo,2019,5,72000.0,0,0,0,690000,Volkswagen Polo
Audi,Q7,2017,7,85000.0,1,0,1,2698000,Audi Q7
Hyundai,Aura,2023,1,1234.0,1,0,2,250000,Hyundai Aura
Toyota,Corolla Altis,2011,13,71000.0,1,1,0,345000,Toyota Corolla Altis
Hyundai,Grand i10,2016,8,62000.0,1,1,2,440000,Hyundai Grand i10
Renault,New Duster,2013,11,85000.0,0,1,1,311000,Renault New Duster
Maruti Suzuki,Ignis,2021,3,42000.0,1,0,2,540000,Maruti Suzuki Ignis
Land Rover,Range Rover Evoque,2017,7,90000.0,1,0,1,3100000,Land Rover Range Rover Evoque
Skoda,Rapid,2012,12,70000.0,0,1,1,299000,Skoda Rapid
Hyundai,i10,2009,15,170000.0,0,1,0,179000,Hyundai i10
Tata,Tiago,2018,6,68000.0,1,0,0,399000,Tata Tiago
Maruti Suzuki,Wagon-R,2020,4,72500.0,0,0,2,425000,Maruti Suzuki Wagon-R
Hyundai,Grand i10,2016,8,70000.0,0,0,2,425000,Hyundai Grand i10
Mahindra,XUV500,2012,12,110000.0,0,1,1,740000,Mahindra XUV500
Maruti Suzuki,Celerio,2017,7,80000.0,1,1,2,450000,Maruti Suzuki Celerio
Hyundai,Grand i10,2018,6,65000.0,0,1,0,465000,Hyundai Grand i10
BMW,3 Series GT,2015,9,61000.0,1,1,1,1500000,BMW 3 Series GT
Honda,Jazz,2017,7,57000.0,1,1,2,535000,Honda Jazz
Maruti Suzuki,Baleno,2016,8,77000.0,1,1,2,489999,Maruti Suzuki Baleno
Hyundai,i10,2012,12,20000.0,1,1,0,210000,Hyundai i10
Toyota,Innova,2008,16,360000.0,0,1,1,480000,Toyota Innova
Maruti Suzuki,Celerio,2018,6,92000.0,1,1,0,425000,Maruti Suzuki Celerio
Honda,WRV,2022,2,29000.0,0,0,0,950000,Honda WRV
Hyundai,Xcent,2014,10,65000.0,0,1,2,410000,Hyundai Xcent
Mahindra,Ssangyong-Rexton,2013,11,115000.0,1,0,1,669888,Mahindra Ssangyong-Rexton
Hyundai,i20,2018,6,65000.0,0,0,0,475000,Hyundai i20
Maruti Suzuki,Celerio,2016,8,45000.0,1,1,0,325000,Maruti Suzuki Celerio
Tata,Tiago,2020,4,37000.0,1,1,0,435000,Tata Tiago
Hyundai,Venue,2020,4,92000.0,0,0,1,960000,Hyundai Venue
Volkswagen,Tiguan,2018,6,141000.0,1,1,1,1699999,Volkswagen Tiguan
Maruti Suzuki,Vitara-Brezza,2020,4,78000.0,1,0,1,980000,Maruti Suzuki Vitara-Brezza
Maruti Suzuki,Ertiga,2017,7,92000.0,0,0,1,599000,Maruti Suzuki Ertiga
Maruti Suzuki,Celerio,2019,5,86000.0,0,0,2,390000,Maruti Suzuki Celerio
Maruti Suzuki,S-Cross,2015,9,135000.0,0,0,1,640000,Maruti Suzuki S-Cross
Maruti Suzuki,Swift-Dzire,2017,7,180000.0,1,0,2,260000,Maruti Suzuki Swift-Dzire
Ford,Ecosport,2014,10,82000.0,0,0,1,450000,Ford Ecosport
Mercedes-Benz,M-Class,2013,11,81000.0,1,1,1,1599000,Mercedes-Benz M-Class
Maruti Suzuki,Alto-K10,2014,10,89000.0,0,0,0,250000,Maruti Suzuki Alto-K10
Toyota,Glanza,2019,5,28000.0,1,0,0,625000,Toyota Glanza
Maruti Suzuki,Swift,2015,9,59000.0,0,1,0,451000,Maruti Suzuki Swift
Maruti Suzuki,Swift,2012,12,60000.0,0,1,1,250000,Maruti Suzuki Swift
Toyota,Corolla Altis,2013,11,65000.0,0,0,0,329000,Toyota Corolla Altis
Hyundai,Grand i10 Prime,2015,9,30.0,1,1,2,280000,Hyundai Grand i10 Prime
Tata,Altroz,2022,2,23000.0,0,0,1,950000,Tata Altroz
Land Rover,Freelander 2,2013,11,99000.0,1,1,1,875000,Land Rover Freelander 2
Maruti Suzuki,Wagon-R-1-0,2017,7,85000.0,1,1,2,265000,Maruti Suzuki Wagon-R-1-0
Maruti Suzuki,Ertiga,2019,5,67999.0,0,0,2,963000,Maruti Suzuki Ertiga
Maruti Suzuki,Swift,2009,15,78500.0,0,1,0,119000,Maruti Suzuki Swift
Renault,Triber,2020,4,28000.0,0,0,0,589000,Renault Triber
Maruti Suzuki,Celerio,2017,7,64000.0,1,1,2,320000,Maruti Suzuki Celerio
Hyundai,New Elantra,2014,10,64000.0,0,1,0,459000,Hyundai New Elantra
Maruti Suzuki,Alto-K10,2016,8,75000.0,1,1,2,260000,Maruti Suzuki Alto-K10
Mercedes-Benz,E-Class,2012,12,54000.0,1,1,0,875000,Mercedes-Benz E-Class
Maruti Suzuki,Alto-800,2013,11,75000.0,0,0,2,235000,Maruti Suzuki Alto-800
Maruti Suzuki,Wagon-R,2018,6,85000.0,0,1,0,390000,Maruti Suzuki Wagon-R
Maruti Suzuki,Ertiga,2022,2,25000.0,0,0,2,1140000,Maruti Suzuki Ertiga
Maruti Suzuki,Dzire,2023,1,1234.0,0,0,2,250000,Maruti Suzuki Dzire
BMW,X1,2019,5,90000.0,1,1,1,1900000,BMW X1
Mahindra,Bolero,2021,3,48000.0,0,0,1,950000,Mahindra Bolero
Honda,City,2014,10,58000.0,1,0,2,460000,Honda City
Maruti Suzuki,Omni,2019,5,31000.0,0,0,0,325000,Maruti Suzuki Omni
Toyota,Fortuner,2014,10,144000.0,0,0,1,1500000,Toyota Fortuner
Toyota,Innova Crysta,2016,8,145000.0,1,0,1,1820000,Toyota Innova Crysta
Hyundai,Creta,2017,7,118000.0,1,1,1,899000,Hyundai Creta
Hyundai,Grand i10,2019,5,65473.0,0,0,2,525000,Hyundai Grand i10
Honda,New Accord,2010,14,75000.0,1,1,2,225000,Honda New Accord
Mahindra,XUV500,2017,7,76000.0,1,1,1,760000,Mahindra XUV500
Honda,Jazz,2016,8,46000.0,1,1,0,450000,Honda Jazz
Hyundai,Grand i10,2015,9,59000.0,1,1,2,480000,Hyundai Grand i10
Hyundai,Verna,2013,11,99000.0,0,0,1,450000,Hyundai Verna
Maruti Suzuki,Ertiga,2013,11,85000.0,0,0,1,470000,Maruti Suzuki Ertiga
Maruti Suzuki,Alto-K10,2023,1,51000.0,0,0,2,550000,Maruti Suzuki Alto-K10
Mahindra,XUV500,2018,6,83000.0,0,0,1,1175000,Mahindra XUV500
Hyundai,i10,2009,15,73000.0,1,1,2,260000,Hyundai i10
Maruti Suzuki,Wagon-R,2021,3,35312.0,0,0,2,595000,Maruti Suzuki Wagon-R
Maruti Suzuki,XL6,2021,3,26716.0,0,0,0,1065000,Maruti Suzuki XL6
Honda,WRV,2017,7,36000.0,0,0,0,680000,Honda WRV
Maruti Suzuki,Swift,2021,3,52000.0,1,0,2,649000,Maruti Suzuki Swift
Honda,City,2009,15,91000.0,1,1,2,96000,Honda City
Maruti Suzuki,Swift,2014,10,90000.0,0,1,1,420000,Maruti Suzuki Swift
Hyundai,Grand i10,2019,5,65000.0,0,1,0,432000,Hyundai Grand i10
Toyota,Innova Hycross,2023,1,33000.0,1,0,2,3600000,Toyota Innova Hycross
Renault,Duster,2017,7,43000.0,0,1,1,451500,Renault Duster
Hyundai,Creta,2016,8,205828.0,0,0,1,700000,Hyundai Creta
Mitsubishi,Pajero Sport,2015,9,135000.0,1,1,1,950000,Mitsubishi Pajero Sport
Chevrolet,Beat,2012,12,76000.0,0,1,1,138000,Chevrolet Beat
Maruti Suzuki,Ritz,2016,8,172000.0,0,0,1,325000,Maruti Suzuki Ritz
Maruti Suzuki,Eeco,2012,12,100212.0,1,1,2,241000,Maruti Suzuki Eeco
Maruti Suzuki,Alto-K10,2015,9,52000.0,1,1,2,350000,Maruti Suzuki Alto-K10
Maruti Suzuki,Alto-K10,2015,9,23000.0,0,1,0,249999,Maruti Suzuki Alto-K10
Toyota,Fortuner,2013,11,143000.0,1,0,1,1425000,Toyota Fortuner
Toyota,Innova Crysta,2016,8,147000.0,0,1,1,1499000,Toyota Innova Crysta
Honda,Civic,2007,17,96000.0,1,1,2,147000,Honda Civic
Hyundai,Santro,2007,17,42000.0,0,1,0,135000,Hyundai Santro
Jeep,Compass,2021,3,32000.0,1,0,0,1899000,Jeep Compass
Tata,Nexon,2019,5,90000.0,1,1,2,650000,Tata Nexon
Maruti Suzuki,800,2005,19,97000.0,0,1,0,110000,Maruti Suzuki 800
Nissan,Micra,2017,7,70805.0,1,1,0,483000,Nissan Micra
Honda,Amaze,2018,6,61000.0,0,0,1,549000,Honda Amaze
Porsche,Cayenne,2011,13,60000.0,1,1,0,2399000,Porsche Cayenne
Honda,CRV,2015,9,103000.0,1,1,2,775000,Honda CRV
Maruti Suzuki,Celerio,2019,5,41000.0,1,0,2,511000,Maruti Suzuki Celerio
Maruti Suzuki,Alto-K10,2016,8,41000.0,0,0,0,325000,Maruti Suzuki Alto-K10
Hyundai,EON,2013,11,32000.0,0,0,0,240000,Hyundai EON
Hyundai,Elite i20,2019,5,35000.0,0,0,0,465000,Hyundai Elite i20
Volkswagen,Vento,2014,10,40000.0,1,0,0,475000,Volkswagen Vento
Maruti Suzuki,Alto-800,2014,10,36000.0,1,0,2,260000,Maruti Suzuki Alto-800
Skoda,Superb,2018,6,19788.0,1,1,0,1750000,Skoda Superb
Audi,A3,2015,9,42000.0,1,1,1,1050000,Audi A3
Hyundai,Elite i20,2016,8,50000.0,0,0,0,540000,Hyundai Elite i20
Maruti Suzuki,Eeco,2021,3,40000.0,1,0,2,440000,Maruti Suzuki Eeco
Maruti Suzuki,Baleno,2022,2,51000.0,0,0,2,800000,Maruti Suzuki Baleno
Maruti Suzuki,Swift-Dzire,2014,10,120000.0,0,0,1,475000,Maruti Suzuki Swift-Dzire
Mahindra,Thar,2021,3,50922.0,1,1,1,1645000,Mahindra Thar
Maruti Suzuki,Baleno,2018,6,65000.0,1,1,2,565000,Maruti Suzuki Baleno
Honda,City,2017,7,70000.0,1,0,0,810000,Honda City
Maruti Suzuki,Wagon-R,2015,9,46545.0,0,0,0,425000,Maruti Suzuki Wagon-R
Maruti Suzuki,Celerio,2017,7,45000.0,1,1,2,350000,Maruti Suzuki Celerio
Hyundai,Venue,2019,5,90208.0,0,0,1,800000,Hyundai Venue
Maruti Suzuki,Swift-Dzire,2016,8,50470.0,0,0,0,500000,Maruti Suzuki Swift-Dzire
Mercedes-Benz,E-Class,2015,9,130000.0,1,0,1,1875000,Mercedes-Benz E-Class
Maruti Suzuki,Swift-Dzire,2011,13,77500.0,0,1,0,235000,Maruti Suzuki Swift-Dzire
Hyundai,Grand i10,2019,5,40000.0,1,1,2,525000,Hyundai Grand i10
Maruti Suzuki,Baleno,2019,5,66510.0,1,0,0,690000,Maruti Suzuki Baleno
Volkswagen,Polo,2012,12,61000.0,0,1,0,260000,Volkswagen Polo
Honda,Jazz,2017,7,65900.0,0,1,0,585000,Honda Jazz
Maruti Suzuki,Swift Dzire,2017,7,77000.0,0,1,1,600000,Maruti Suzuki Swift Dzire
Toyota,Innova Hycross,2023,1,17000.0,1,0,2,3750000,Toyota Innova Hycross
Maruti Suzuki,Alto,2006,18,90000.0,0,1,0,70000,Maruti Suzuki Alto
Mercedes-Benz,C-Class,2016,8,80000.0,1,1,1,1900000,Mercedes-Benz C-Class
Hyundai,i10,2014,10,79609.0,0,0,0,400000,Hyundai i10
Hyundai,Xcent Prime,2019,5,60000.0,0,0,2,425000,Hyundai Xcent Prime
Maruti Suzuki,Celerio,2016,8,62477.0,0,1,2,295000,Maruti Suzuki Celerio
Hyundai,New i20,2021,3,34500.0,1,0,0,795000,Hyundai New i20
Honda,Brio,2012,12,75000.0,0,0,0,260000,Honda Brio
Maruti Suzuki,Wagon-R,2008,16,1.0,0,1,2,135000,Maruti Suzuki Wagon-R
Audi,A6,2014,10,99000.0,1,0,1,849000,Audi A6
Maruti Suzuki,maruti-suzuki-dzire,2019,5,49000.0,1,0,0,660000,Maruti Suzuki maruti-suzuki-dzire
Maruti Suzuki,Wagon-R,2016,8,95000.0,1,1,2,264999,Maruti Suzuki Wagon-R
Ford,Endeavour,2016,8,88000.0,1,0,1,2700000,Ford Endeavour
Maruti Suzuki,Eeco,2022,2,49000.0,0,0,2,565000,Maruti Suzuki Eeco
Kia,Seltos,2020,4,65000.0,0,0,1,985000,Kia Seltos
Hyundai,Grand i10,2015,9,75000.0,1,1,2,260000,Hyundai Grand i10
Hyundai,Elantra,2017,7,37000.0,1,0,0,1240000,Hyundai Elantra
Hyundai,Grand i10 Nios,2020,4,54000.0,1,0,2,625000,Hyundai Grand i10 Nios
Toyota,Urban Cruiser,2022,2,30000.0,1,0,0,1090000,Toyota Urban Cruiser
Mahindra,Thar,2015,9,46000.0,0,1,1,725000,Mahindra Thar
Toyota,Glanza,2019,5,28146.0,0,0,0,650000,Toyota Glanza
Mercedes-Benz,GLC,2016,8,93000.0,1,0,1,2800000,Mercedes-Benz GLC
Tata,Harrier,2021,3,129000.0,1,0,1,1650000,Tata Harrier
Isuzu,MUX,2019,5,99156.0,1,0,1,1950000,Isuzu MUX
Maruti Suzuki,Swift-Dzire,2018,6,70000.0,1,0,0,560000,Maruti Suzuki Swift-Dzire
Maruti Suzuki,Alto-800,2013,11,24500.0,0,0,0,199000,Maruti Suzuki Alto-800
Mahindra,XUV 300,2019,5,65000.0,0,0,1,975000,Mahindra XUV 300
Maruti Suzuki,Ertiga,2023,1,30000.0,1,0,2,1190000,Maruti Suzuki Ertiga
Honda,Jazz,2016,8,93000.0,1,1,2,425000,Honda Jazz
Maruti Suzuki,Eeco,2022,2,55000.0,1,1,2,550000,Maruti Suzuki Eeco
Audi,Q7,2017,7,99000.0,1,0,1,2800000,Audi Q7
Hyundai,Creta,2020,4,35000.0,1,0,0,1190000,Hyundai Creta
Hyundai,Venue,2023,1,27000.0,1,0,0,1250000,Hyundai Venue
Hyundai,Creta,2016,8,55000.0,0,1,0,675000,Hyundai Creta
Maruti Suzuki,Swift,2014,10,76000.0,0,0,1,470000,Maruti Suzuki Swift
Hyundai,Creta,2017,7,69000.0,1,1,0,785000,Hyundai Creta
Land Rover,Range Rover Evoque,2021,3,41788.0,1,1,1,4988000,Land Rover Range Rover Evoque
Maruti Suzuki,Omni,2013,11,107968.0,0,1,2,180000,Maruti Suzuki Omni
Tata,Safari,2021,3,51000.0,1,1,1,1790000,Tata Safari
Hyundai,i10,2012,12,79810.0,0,1,2,200000,Hyundai i10
Maruti Suzuki,Eeco,2022,2,20000.0,0,0,0,485000,Maruti Suzuki Eeco
Hyundai,Santro,2002,22,28000.0,0,0,0,160000,Hyundai Santro
Kia,Sonet,2020,4,32000.0,1,1,1,1125000,Kia Sonet
Hyundai,Verna,2013,11,96000.0,0,0,1,425000,Hyundai Verna
Hyundai,Xcent Prime,2018,6,156000.0,0,0,2,350000,Hyundai Xcent Prime
Maruti Suzuki,Alto-800,2017,7,55125.0,0,0,0,265000,Maruti Suzuki Alto-800
MG,ASTOR,2022,2,67000.0,1,1,2,1150000,MG ASTOR
Honda,City,2016,8,74381.0,1,0,2,599999,Honda City
Tata,Nexon,2021,3,33000.0,0,0,1,845000,Tata Nexon
Maruti Suzuki,Celerio,2019,5,60000.0,1,0,2,385000,Maruti Suzuki Celerio
Hyundai,Grand i10,2018,6,56000.0,0,0,2,475000,Hyundai Grand i10
Maruti Suzuki,Wagon-R-1-0,2016,8,41258.0,0,1,2,365000,Maruti Suzuki Wagon-R-1-0
Mahindra,Scorpio,2011,13,110000.0,0,0,1,650008,Mahindra Scorpio
Hyundai,Xcent,2016,8,54200.0,1,0,0,399000,Hyundai Xcent
Skoda,Rapid,2015,9,99000.0,1,1,1,485000,Skoda Rapid
Maruti Suzuki,Swift,2013,11,73000.0,0,1,0,300000,Maruti Suzuki Swift
Renault,KWID,2015,9,53000.0,0,0,0,245000,Renault KWID
Hyundai,Verna,2012,12,80000.0,1,1,2,300000,Hyundai Verna
Maruti Suzuki,Eeco,2022,2,19000.0,0,0,0,610000,Maruti Suzuki Eeco
Skoda,Fabia,2012,12,25000.0,0,1,0,179000,Skoda Fabia
Maruti Suzuki,Baleno,2018,6,54000.0,0,0,0,497000,Maruti Suzuki Baleno
Skoda,Octavia,2020,4,31010.0,1,1,0,1515000,Skoda Octavia
Skoda,Rapid,2018,6,54000.0,1,0,1,945000,Skoda Rapid
Toyota,Corolla Altis,2015,9,104000.0,1,1,2,625000,Toyota Corolla Altis
Mercedes-Benz,CLA,2019,5,48000.0,1,1,1,3450000,Mercedes-Benz CLA
Mercedes-Benz,M-Class,2016,8,85000.0,1,1,1,2450000,Mercedes-Benz M-Class
Maruti Suzuki,Omni,2018,6,52500.0,0,1,0,240000,Maruti Suzuki Omni
Tata,Indica,2011,13,100413.0,0,0,1,85000,Tata Indica
Maruti Suzuki,Alto-800,2012,12,66000.0,0,1,0,175000,Maruti Suzuki Alto-800
Maruti Suzuki,S-Cross,2017,7,72000.0,0,0,1,695000,Maruti Suzuki S-Cross
Ford,Mustang,2017,7,19000.0,1,0,0,8275000,Ford Mustang
Maruti Suzuki,Celerio,2016,8,39000.0,1,1,0,325000,Maruti Suzuki Celerio
Maruti Suzuki,Baleno,2016,8,60000.0,0,1,2,485000,Maruti Suzuki Baleno
BMW,3 Series GT,2015,9,55000.0,1,1,1,2500000,BMW 3 Series GT
Mahindra,Bolero Neo,2022,2,90000.0,0,0,1,800000,Mahindra Bolero Neo
Maruti Suzuki,Baleno,2023,1,10500.0,0,0,0,830000,Maruti Suzuki Baleno
Mercedes-Benz,B Class,2014,10,79000.0,1,1,1,599000,Mercedes-Benz B Class
Maruti Suzuki,Eeco,2020,4,70000.0,0,1,2,450000,Maruti Suzuki Eeco
Jeep,Wrangler,2022,2,65000.0,1,1,0,5600000,Jeep Wrangler
Volvo,S60,2012,12,122000.0,1,1,1,885000,Volvo S60
Maruti Suzuki,Ignis,2018,6,65000.0,1,1,2,475000,Maruti Suzuki Ignis
Toyota,Innova Crysta,2019,5,94000.0,0,0,1,1875000,Toyota Innova Crysta
Maruti Suzuki,Celerio,2016,8,72000.0,0,1,0,370000,Maruti Suzuki Celerio
Maruti Suzuki,Wagon R 1.0,2017,7,66000.0,0,0,2,370000,Maruti Suzuki Wagon R 1.0
Renault,Kiger,2023,1,19800.0,1,0,2,850000,Renault Kiger
Hyundai,i20,2017,7,80000.0,0,1,0,545000,Hyundai i20
Honda,Accord,2010,14,93000.0,1,0,2,235000,Honda Accord
Maruti Suzuki,Celerio,2022,2,29000.0,1,0,0,570000,Maruti Suzuki Celerio
Maruti Suzuki,Ignis,2019,5,59000.0,1,0,0,690000,Maruti Suzuki Ignis
Maruti Suzuki,Alto-800,2020,4,80000.0,0,0,2,210000,Maruti Suzuki Alto-800
Hyundai,Grand i10,2017,7,62000.0,0,1,2,425000,Hyundai Grand i10
Maruti Suzuki,Alto-800,2015,9,76000.0,1,1,0,179999,Maruti Suzuki Alto-800
Maruti Suzuki,Ignis,2018,6,105000.0,1,1,2,380000,Maruti Suzuki Ignis
Maruti Suzuki,Celerio,2018,6,45000.0,1,1,0,475000,Maruti Suzuki Celerio
Maruti Suzuki,Baleno,2020,4,49000.0,0,0,0,540000,Maruti Suzuki Baleno
Honda,Amaze,2016,8,60000.0,0,1,1,520000,Honda Amaze
Tata,Tigor,2018,6,53550.0,1,0,2,450000,Tata Tigor
Maruti Suzuki,Brezza,2019,5,48000.0,0,0,1,870000,Maruti Suzuki Brezza
Maruti Suzuki,Wagon-R,2020,4,40000.0,1,0,0,610000,Maruti Suzuki Wagon-R
Toyota,Etios,2015,9,200000.0,0,1,1,440000,Toyota Etios
Datsun,RediGO,2018,6,45213.0,0,0,0,225001,Datsun RediGO
Hyundai,i20,2013,11,50000.0,0,0,2,185000,Hyundai i20
Maruti Suzuki,Alto,2019,5,81000.0,0,1,0,260000,Maruti Suzuki Alto
Hyundai,Elantra,2016,8,100000.0,1,1,2,775000,Hyundai Elantra
Maruti Suzuki,Wagon-R,2012,12,100000.0,1,1,2,140000,Maruti Suzuki Wagon-R
Hyundai,Grand i10,2015,9,68000.0,0,1,2,375000,Hyundai Grand i10
Mercedes-Benz,GL-Class,2015,9,159000.0,1,1,1,2975000,Mercedes-Benz GL-Class
Mahindra,Marazzo,2020,4,72045.0,0,0,1,780000,Mahindra Marazzo
Maruti Suzuki,Baleno,2016,8,77000.0,1,1,2,489999,Maruti Suzuki Baleno
Honda,Amaze,2017,7,40000.0,0,1,2,400000,Honda Amaze
Toyota,Innova Crysta,2019,5,28000.0,1,0,0,1499000,Toyota Innova Crysta
Toyota,Corolla Altis,2011,13,82000.0,0,1,2,275000,Toyota Corolla Altis
Ford,Aspire,2017,7,61101.0,0,1,2,375000,Ford Aspire
Audi,A6,2013,11,70334.0,1,1,1,950000,Audi A6
Hyundai,Elite i20,2017,7,120000.0,0,1,1,630000,Hyundai Elite i20
Audi,A3,2016,8,75000.0,1,1,1,999999,Audi A3
Hyundai,Alcazar,2022,2,19523.0,1,0,0,1799999,Hyundai Alcazar
BMW,X1,2016,8,55100.0,1,1,1,1895000,BMW X1
Hyundai,Verna,2016,8,51200.0,1,1,0,539000,Hyundai Verna
Maruti Suzuki,Celerio,2015,9,83000.0,1,1,0,325000,Maruti Suzuki Celerio
Maruti Suzuki,Sx4,2009,15,83000.0,0,1,2,169000,Maruti Suzuki Sx4
Kia,Seltos,2019,5,39000.0,0,0,0,1075000,Kia Seltos
Ford,Ecosport,2014,10,71877.0,0,1,0,299000,Ford Ecosport
Maruti Suzuki,Ignis,2018,6,90000.0,1,0,1,650000,Maruti Suzuki Ignis
Honda,City,2015,9,121000.0,0,1,1,665000,Honda City
Toyota,Fortuner,2014,10,90000.0,1,1,1,1351000,Toyota Fortuner
Maruti Suzuki,Eeco,2019,5,94000.0,0,1,0,400000,Maruti Suzuki Eeco
Hyundai,Xcent,2014,10,90000.0,0,0,0,430000,Hyundai Xcent
Hyundai,Creta,2016,8,88883.0,1,0,0,815000,Hyundai Creta
Maruti Suzuki,Eeco,2019,5,99000.0,0,0,2,400000,Maruti Suzuki Eeco
Maruti Suzuki,Ritz,2015,9,81000.0,0,0,1,396000,Maruti Suzuki Ritz
Hyundai,Creta,2019,5,79000.0,0,1,1,1069000,Hyundai Creta
Mahindra,XUV500,2015,9,92000.0,0,1,1,945000,Mahindra XUV500
Toyota,Fortuner,2024,0,4500.0,1,0,1,4100000,Toyota Fortuner
Maruti Suzuki,Swift,2019,5,48000.0,1,1,0,590000,Maruti Suzuki Swift
Mahindra,Xylo,2011,13,124000.0,0,0,1,485000,Mahindra Xylo
Honda,City,2015,9,121000.0,0,1,1,665000,Honda City
Mahindra,Alturas G4,2019,5,74520.0,1,0,1,1700000,Mahindra Alturas G4
Volkswagen,VentoTest,2016,8,75475.0,1,0,0,775000,Volkswagen VentoTest
Maruti Suzuki,Wagon-R-1-0,2016,8,58000.0,0,0,2,370000,Maruti Suzuki Wagon-R-1-0
Maruti Suzuki,Vitara-Brezza,2019,5,35000.0,1,0,1,900000,Maruti Suzuki Vitara-Brezza
Toyota,Etios,2013,11,82000.0,0,1,1,349000,Toyota Etios
Maruti Suzuki,Alto-800,2009,15,95334.0,0,0,2,120000,Maruti Suzuki Alto-800
Tata,Zest,2015,9,90000.0,0,1,2,200000,Tata Zest
Chevrolet,Cruze,2013,11,95000.0,0,0,1,525000,Chevrolet Cruze
Audi,A4,2013,11,31000.0,1,1,1,1550000,Audi A4
Maruti Suzuki,Swift-Dzire,2018,6,44197.0,0,1,2,525000,Maruti Suzuki Swift-Dzire
Hyundai,Santro Xing,2013,11,80000.0,0,0,2,195000,Hyundai Santro Xing
Toyota,Innova,2013,11,150000.0,0,1,1,675000,Toyota Innova
Skoda,Octavia,2015,9,106000.0,1,1,0,1025000,Skoda Octavia
Hyundai,i20,2018,6,40000.0,1,1,0,590000,Hyundai i20
Maruti Suzuki,Omni,2015,9,60000.0,0,1,0,160000,Maruti Suzuki Omni
MG,Hector,2019,5,57000.0,0,0,1,1451000,MG Hector
Hyundai,Creta,2018,6,66000.0,1,1,1,1000000,Hyundai Creta
Honda,Jazz,2018,6,59000.0,1,1,0,620000,Honda Jazz
Toyota,Innova Crysta,2020,4,45000.0,1,0,1,2699000,Toyota Innova Crysta
Maruti Suzuki,Swift,2022,2,40000.0,1,0,0,765000,Maruti Suzuki Swift
Maruti Suzuki,Celerio,2022,2,54600.0,1,0,0,650000,Maruti Suzuki Celerio
BMW,5 Series,2014,10,70000.0,1,1,1,2271000,BMW 5 Series
Maruti Suzuki,Omni,2010,14,100000.0,1,0,2,100000,Maruti Suzuki Omni
Hyundai,Santro Xing,2010,14,85200.0,0,1,2,90000,Hyundai Santro Xing
Mercedes-Benz,M-Class,2013,11,69000.0,1,0,1,1749999,Mercedes-Benz M-Class
Hyundai,Creta,2016,8,40000.0,1,0,0,715000,Hyundai Creta
Hyundai,Eon,2018,6,41000.0,0,1,0,250000,Hyundai Eon
Honda,Amaze,2019,5,120000.0,0,1,0,399000,Honda Amaze
Mahindra,XUV500,2014,10,180000.0,0,1,1,810000,Mahindra XUV500
Toyota,Innova Crysta,2020,4,120602.0,0,0,1,1775000,Toyota Innova Crysta
Honda,City,2021,3,30000.0,0,0,0,1025000,Honda City
Skoda,Superb,2017,7,87000.0,1,1,1,1250000,Skoda Superb
Maruti Suzuki,Wagon-R,2013,11,85000.0,0,1,2,295000,Maruti Suzuki Wagon-R
Honda,Civic,2013,11,78000.0,1,1,2,425000,Honda Civic
Tata,Tigor,2019,5,52000.0,1,0,2,685000,Tata Tigor
Honda,City,2018,6,68500.0,0,0,0,850000,Honda City
Mahindra,XUV500,2015,9,65200.0,0,1,1,649000,Mahindra XUV500
Honda,City,2011,13,120000.0,0,0,0,450000,Honda City
Honda,Amaze,2019,5,70000.0,1,1,0,540000,Honda Amaze
Hyundai,Aura,2023,1,76652.0,1,0,2,710000,Hyundai Aura
Toyota,Innova,2009,15,177779.0,0,1,1,470000,Toyota Innova
Toyota,Corolla Altis,2015,9,65000.0,1,0,0,650000,Toyota Corolla Altis
Mercedes-Benz,SLK-Class,2013,11,28000.0,1,1,0,3800000,Mercedes-Benz SLK-Class
Honda,City,2010,14,117000.0,0,0,2,225000,Honda City
Maruti Suzuki,Wagon-R-1-0,2021,3,76000.0,0,1,2,485000,Maruti Suzuki Wagon-R-1-0
Toyota,Camry,2014,10,63000.0,1,1,2,900000,Toyota Camry
Maruti Suzuki,Celerio,2017,7,50000.0,1,0,0,425000,Maruti Suzuki Celerio
Maruti Suzuki,Swift-Dzire-Tour,2016,8,160000.0,0,1,1,430000,Maruti Suzuki Swift-Dzire-Tour
Honda,City,2008,16,125000.0,0,1,2,125000,Honda City
Hyundai,Creta,2019,5,85599.0,0,0,0,875000,Hyundai Creta
Maruti Suzuki,Alto 800,2019,5,75230.0,0,1,0,335000,Maruti Suzuki Alto 800
Maruti Suzuki,Alto-K10,2017,7,52685.0,1,0,2,299000,Maruti Suzuki Alto-K10
Hyundai,Verna,2012,12,88000.0,1,0,2,440000,Hyundai Verna
Toyota,Fortuner,2016,8,160000.0,0,0,1,1450000,Toyota Fortuner
Maruti Suzuki,Ertiga,2022,2,31000.0,0,0,2,995000,Maruti Suzuki Ertiga
Volkswagen,Tiguan,2018,6,52000.0,1,0,1,1915000,Volkswagen Tiguan
Honda,City ZX,2008,16,119000.0,1,1,2,145600,Honda City ZX
Fiat,Punto EVO,2015,9,60000.0,0,1,1,369000,Fiat Punto EVO
Maruti Suzuki,Ertiga,2020,4,70000.0,0,0,2,699000,Maruti Suzuki Ertiga
Maruti Suzuki,SX4,2010,14,85600.0,1,1,2,175000,Maruti Suzuki SX4
Tata,Tigor,2017,7,49000.0,1,1,0,400000,Tata Tigor
Hyundai,Grand i10,2019,5,71001.0,0,0,1,476000,Hyundai Grand i10
Maruti Suzuki,Ignis,2022,2,10000.0,0,0,0,620000,Maruti Suzuki Ignis
Toyota,Innova,2011,13,120000.0,0,0,1,553000,Toyota Innova
Honda,Jazz,2016,8,46000.0,1,1,0,450000,Honda Jazz
Maruti Suzuki,Alto,2007,17,80000.0,0,1,2,80000,Maruti Suzuki Alto
Hyundai,Grand i10 Nios,2024,0,2300.0,0,0,0,725000,Hyundai Grand i10 Nios
Honda,CRV,2014,10,71000.0,0,1,0,751000,Honda CRV
Maruti Suzuki,Celerio,2023,1,21000.0,0,0,0,555000,Maruti Suzuki Celerio
Hyundai,Creta,2021,3,68500.0,0,0,1,1095000,Hyundai Creta
Maruti Suzuki,Celerio,2015,9,113000.0,1,1,0,340000,Maruti Suzuki Celerio
Maruti Suzuki,Swift-Dzire,2018,6,63500.0,0,0,2,380000,Maruti Suzuki Swift-Dzire
Maruti Suzuki,Alto-800,2019,5,980000.0,1,1,2,310000,Maruti Suzuki Alto-800
Maruti Suzuki,Swift-Dzire,2020,4,138000.0,1,0,2,610000,Maruti Suzuki Swift-Dzire
Maruti Suzuki,Ertiga,2019,5,62000.0,1,1,2,820000,Maruti Suzuki Ertiga
Maruti Suzuki,Alto K10,2017,7,52000.0,1,0,2,350000,Maruti Suzuki Alto K10
Honda,Jazz,2017,7,100000.0,1,1,2,610000,Honda Jazz
Maruti Suzuki,Baleno,2018,6,110000.0,1,0,0,585000,Maruti Suzuki Baleno
Toyota,Etios,2019,5,114000.0,0,1,1,795000,Toyota Etios
Mahindra,Bolero,2021,3,8500.0,0,1,1,1095000,Mahindra Bolero
Hyundai,Santro Xing,2013,11,80000.0,0,1,2,199999,Hyundai Santro Xing
Maruti Suzuki,Eeco,2018,6,55000.0,0,0,2,435000,Maruti Suzuki Eeco
Maruti Suzuki,Baleno,2018,6,66000.0,1,1,2,550000,Maruti Suzuki Baleno
Honda,Amaze,2019,5,60000.0,0,0,2,530000,Honda Amaze
Hyundai,Grand i10,2015,9,61000.0,1,0,2,475000,Hyundai Grand i10
Honda,Accord,2013,11,85000.0,1,1,2,475000,Honda Accord
Hyundai,i20,2017,7,70000.0,0,1,0,550000,Hyundai i20
BMW,X7,2020,4,25000.0,1,0,0,10000000,BMW X7
Toyota,Innova Crysta,2018,6,99000.0,0,0,1,1289000,Toyota Innova Crysta
Hyundai,Verna,2012,12,80000.0,0,1,1,355000,Hyundai Verna
Renault,KWID,2017,7,33000.0,1,1,0,375000,Renault KWID
BMW,5 Series,2017,7,68000.0,1,1,1,3749000,BMW 5 Series
Honda,Amaze,2015,9,47000.0,1,1,0,349000,Honda Amaze
Toyota,Innova Crysta,2018,6,60000.0,1,1,1,2025000,Toyota Innova Crysta
Maruti Suzuki,Wagon-R-1-0,2020,4,48000.0,0,0,2,480000,Maruti Suzuki Wagon-R-1-0
Hyundai,i10,2015,9,60000.0,0,1,2,290000,Hyundai i10
Maruti Suzuki,Eeco,2021,3,28000.0,0,0,2,590000,Maruti Suzuki Eeco
Hyundai,i10,2011,13,75000.0,1,0,0,190000,Hyundai i10
Mahindra,XUV500,2013,11,81000.0,0,0,1,581000,Mahindra XUV500
Skoda,Rapid,2018,6,54000.0,1,0,1,945000,Skoda Rapid
Maruti Suzuki,Swift,2022,2,9000.0,0,1,0,670000,Maruti Suzuki Swift
Mahindra,TUV,2018,6,46500.0,1,1,1,625000,Mahindra TUV
Maruti Suzuki,Swift-Dzire,2011,13,81785.0,0,1,0,265000,Maruti Suzuki Swift-Dzire
Hyundai,i20,2011,13,82000.0,0,0,0,320000,Hyundai i20
Hyundai,Creta,2018,6,51000.0,0,0,1,845000,Hyundai Creta
Maruti Suzuki,Wagon-R-1-0,2017,7,23110.0,1,0,2,425000,Maruti Suzuki Wagon-R-1-0
Toyota,Innova Hycross,2023,1,39500.0,1,0,2,3800000,Toyota Innova Hycross
Maruti Suzuki,Brezza,2023,1,25000.0,0,0,2,1085000,Maruti Suzuki Brezza
Hyundai,Grand i10,2016,8,45000.0,0,1,2,385000,Hyundai Grand i10
Tata,Nano,2012,12,70000.0,0,1,0,70000,Tata Nano
Toyota,Innova Crysta,2018,6,135000.0,0,1,1,1711000,Toyota Innova Crysta
Maruti Suzuki,Wagon-R,2016,8,199995.0,0,0,2,300000,Maruti Suzuki Wagon-R
Audi,Q3,2015,9,68000.0,1,0,1,890000,Audi Q3
Land Rover,Freelander 2,2013,11,104605.0,1,1,1,1550000,Land Rover Freelander 2
Maruti Suzuki,Eeco,2016,8,49000.0,0,1,0,360000,Maruti Suzuki Eeco
Mini,Cooper Countryman,2018,6,39000.0,1,0,0,3100000,Mini Cooper Countryman
Honda,WRV,2017,7,47000.0,1,1,0,575002,Honda WRV
MG,Hector,2019,5,87000.0,0,0,1,1199000,MG Hector
Tata,Nexon,2019,5,52000.0,1,0,2,525000,Tata Nexon
Jeep,Compass,2018,6,145000.0,0,0,1,990000,Jeep Compass
Maruti Suzuki,Baleno,2022,2,32000.0,1,1,0,650000,Maruti Suzuki Baleno
Honda,City,2013,11,75000.0,1,1,2,435000,Honda City
Toyota,Fortuner,2020,4,45000.0,1,0,1,3950000,Toyota Fortuner
Volkswagen,Ameo,2017,7,100000.0,0,0,0,450000,Volkswagen Ameo
Maruti Suzuki,Alto-K10,2011,13,71772.0,0,0,0,185000,Maruti Suzuki Alto-K10
Maruti Suzuki,Ertiga,2017,7,40000.0,0,0,0,765000,Maruti Suzuki Ertiga
BMW,X1,2022,2,61000.0,1,0,0,3350000,BMW X1
Maruti Suzuki,Baleno,2018,6,47500.0,1,1,0,650000,Maruti Suzuki Baleno
Hyundai,Verna,2016,8,147000.0,0,0,0,515000,Hyundai Verna
Hyundai,Creta,2019,5,99250.0,0,1,1,999999,Hyundai Creta
Honda,Brio,2016,8,65000.0,0,0,0,399000,Honda Brio
Maruti Suzuki,Wagon-R,2011,13,60000.0,0,1,0,135000,Maruti Suzuki Wagon-R
Honda,City,2011,13,0.0,1,1,2,200000,Honda City
Hyundai,Grand i10,2014,10,74000.0,0,1,0,390000,Hyundai Grand i10
Jeep,Compass,2018,6,86000.0,0,1,1,799000,Jeep Compass
Toyota,Glanza,2019,5,59000.0,0,0,0,575000,Toyota Glanza
Maruti Suzuki,Vitara-Brezza,2022,2,32000.0,0,0,2,1550000,Maruti Suzuki Vitara-Brezza
Hyundai,Grand i10,2019,5,43285.0,0,0,2,585000,Hyundai Grand i10
Maruti Suzuki,Ertiga,2014,10,78000.0,0,1,1,685000,Maruti Suzuki Ertiga
Maruti Suzuki,Alto-800,2019,5,22000.0,0,0,0,320000,Maruti Suzuki Alto-800
Maruti Suzuki,Ertiga,2018,6,45000.0,0,0,2,760000,Maruti Suzuki Ertiga
Tata,Harrier,2023,1,21342.0,1,0,1,2585000,Tata Harrier
Kia,Seltos,2019,5,28832.0,0,0,0,1250000,Kia Seltos
Nissan,Terrano,2017,7,50000.0,0,1,2,499000,Nissan Terrano
Ford,Figo Aspire,2019,5,55000.0,0,0,1,490000,Ford Figo Aspire
Hyundai,i10,2012,12,46521.0,0,0,0,240000,Hyundai i10
Hyundai,Elite i20,2019,5,56000.0,1,0,2,611000,Hyundai Elite i20
Maruti Suzuki,Wagon-R,2023,1,50000.0,0,1,2,600000,Maruti Suzuki Wagon-R
Maruti Suzuki,Wagon-R,2017,7,62500.0,1,1,2,345000,Maruti Suzuki Wagon-R
Maruti Suzuki,Ignis,2020,4,43000.0,1,1,0,600000,Maruti Suzuki Ignis
Hyundai,Santro Xing,2010,14,134368.0,1,1,2,105000,Hyundai Santro Xing
Maruti Suzuki,Eeco,2018,6,76491.0,1,1,2,440000,Maruti Suzuki Eeco
BMW,3 Series,2014,10,64000.0,1,1,1,1229000,BMW 3 Series
Hyundai,Grand i10,2017,7,63000.0,1,0,2,549000,Hyundai Grand i10
Maruti Suzuki,Wagon-R,2014,10,84000.0,0,1,0,238000,Maruti Suzuki Wagon-R
Mahindra,Scorpio,2012,12,80000.0,1,1,1,410000,Mahindra Scorpio
Tata,Safari Storme,2016,8,70000.0,0,1,1,475000,Tata Safari Storme
Toyota,Glanza,2019,5,90000.0,1,0,0,620000,Toyota Glanza
Toyota,Innova Crysta,2016,8,140000.0,0,0,1,1325000,Toyota Innova Crysta
Maruti Suzuki,Ciaz,2018,6,62000.0,0,1,2,570000,Maruti Suzuki Ciaz
Hyundai,Creta,2022,2,89000.0,1,0,1,1651000,Hyundai Creta
Kia,Seltos,2019,5,79273.0,0,0,0,950000,Kia Seltos
Maruti Suzuki,Swift,2014,10,56000.0,0,1,0,345000,Maruti Suzuki Swift
Hyundai,Eon,2017,7,43000.0,0,1,0,190000,Hyundai Eon
Maruti Suzuki,Wagon-R-1-0,2010,14,70000.0,0,1,0,255000,Maruti Suzuki Wagon-R-1-0
Maruti Suzuki,Alto-800,2014,10,70000.0,0,1,0,235000,Maruti Suzuki Alto-800
Chevrolet,Enjoy,2013,11,70000.0,0,1,2,269000,Chevrolet Enjoy
Maruti Suzuki,Vitara-Brezza,2017,7,81000.0,1,1,1,800000,Maruti Suzuki Vitara-Brezza
Audi,A6,2015,9,73930.0,1,1,1,1499000,Audi A6
Hyundai,Eon,2013,11,59000.0,0,1,0,98000,Hyundai Eon
Chevrolet,Beat,2011,13,142000.0,1,0,2,180000,Chevrolet Beat
Honda,City,2012,12,72000.0,0,1,2,259000,Honda City
Maruti Suzuki,Wagon-R,2012,12,52000.0,0,1,2,260000,Maruti Suzuki Wagon-R
Toyota,Innova,2013,11,170000.0,0,1,1,1250000,Toyota Innova
Ford,Ecosport,2018,6,40230.0,1,0,2,775000,Ford Ecosport
BMW,3 Series Gran Limousine,2015,9,61000.0,1,1,1,1500000,BMW 3 Series Gran Limousine
Maruti Suzuki,Vitara Brezza,2018,6,67000.0,1,0,1,699000,Maruti Suzuki Vitara Brezza
Hyundai,Eon,2018,6,81000.0,1,1,2,355000,Hyundai Eon
Hyundai,Grand i10 Nios,2021,3,88000.0,0,0,2,575000,Hyundai Grand i10 Nios
Hyundai,Creta,2022,2,20012.0,1,0,0,1645000,Hyundai Creta
Hyundai,i10,2011,13,72000.0,0,1,2,155000,Hyundai i10
Maruti Suzuki,Alto-K10,2018,6,80000.0,1,1,2,350000,Maruti Suzuki Alto-K10
Honda,City,2021,3,60180.0,1,0,0,1170000,Honda City
Maruti Suzuki,Ritz,2012,12,148000.0,0,1,1,240000,Maruti Suzuki Ritz
Maruti Suzuki,Celerio,2019,5,59000.0,0,0,2,525000,Maruti Suzuki Celerio
Hyundai,Santro Xing,2010,14,68000.0,0,0,2,111000,Hyundai Santro Xing
Datsun,GO,2014,10,23000.0,0,1,0,249999,Datsun GO
Maruti Suzuki,Swift,2009,15,65000.0,1,1,2,72000,Maruti Suzuki Swift
Bajaj,RE60,2019,5,31000.0,0,1,2,199000,Bajaj RE60
Hyundai,Santro,2021,3,64000.0,0,0,2,465000,Hyundai Santro
Maruti Suzuki,Baleno,2017,7,32000.0,1,0,2,525000,Maruti Suzuki Baleno
Tata,Nexon,2018,6,61000.0,1,0,2,599000,Tata Nexon
Hyundai,Santro Xing,2011,13,51000.0,0,0,0,170000,Hyundai Santro Xing
Mahindra,Thar,2021,3,26000.0,1,1,0,1490000,Mahindra Thar
Hyundai,Creta,2018,6,32000.0,1,0,0,1190000,Hyundai Creta
Mahindra,Marazzo,2019,5,24200.0,0,0,1,899999,Mahindra Marazzo
Maruti Suzuki,Ritz,2010,14,85000.0,0,0,2,110000,Maruti Suzuki Ritz
Mahindra,XUV500,2015,9,75000.0,0,0,1,745000,Mahindra XUV500
Toyota,Corolla Altis,2016,8,61000.0,1,1,0,845000,Toyota Corolla Altis
Maruti Suzuki,Swift-Dzire,2017,7,61300.0,1,1,2,525000,Maruti Suzuki Swift-Dzire
Hyundai,i20,2010,14,90000.0,0,1,1,200000,Hyundai i20
Mercedes-Benz,GLS,2022,2,95000.0,1,1,1,5300000,Mercedes-Benz GLS
Jeep,Compass,2018,6,25300.0,0,1,0,975000,Jeep Compass
Maruti Suzuki,Ritz,2010,14,35000.0,0,0,2,230000,Maruti Suzuki Ritz
Tata,Tiago,2017,7,51000.0,1,1,2,360000,Tata Tiago
Mahindra,XUV500,2012,12,88441.0,0,1,1,485000,Mahindra XUV500
Tata,Nexon,2022,2,53000.0,1,0,1,950000,Tata Nexon
Maruti Suzuki,Eeco,2022,2,26600.0,0,1,0,545000,Maruti Suzuki Eeco
Chevrolet,Spark,2011,13,140000.0,1,0,2,69000,Chevrolet Spark
Hyundai,Xcent,2018,6,30000.0,0,1,0,445000,Hyundai Xcent
Honda,City,2016,8,60000.0,1,1,0,795000,Honda City
Mahindra,XUV 300,2021,3,75000.0,1,1,1,790000,Mahindra XUV 300
Hyundai,Grand i10 Nios,2022,2,24000.0,0,1,0,635000,Hyundai Grand i10 Nios
Hyundai,Creta,2022,2,16000.0,1,1,1,1650000,Hyundai Creta
Maruti Suzuki,Swift-Dzire,2012,12,97000.0,0,1,2,255000,Maruti Suzuki Swift-Dzire
MG,ASTOR,2022,2,63000.0,1,0,0,1245000,MG ASTOR
Hyundai,Grand i10,2019,5,89576.0,0,0,0,465111,Hyundai Grand i10
Honda,Jazz,2016,8,80000.0,0,0,1,483000,Honda Jazz
Hyundai,i10,2011,13,51000.0,0,1,0,190000,Hyundai i10
Maruti Suzuki,Alto-K10,2017,7,78647.0,0,1,2,247000,Maruti Suzuki Alto-K10
Maruti Suzuki,maruti-suzuki-brezza,2019,5,35000.0,1,0,1,1045000,Maruti Suzuki maruti-suzuki-brezza
Maruti Suzuki,Ignis,2021,3,80000.0,1,0,0,685000,Maruti Suzuki Ignis
Mahindra,KUV 100,2017,7,75000.0,0,0,1,435000,Mahindra KUV 100
Mahindra,XUV500,2015,9,88000.0,0,1,1,850000,Mahindra XUV500
BMW,3 Series GT,2015,9,61000.0,1,1,1,1500000,BMW 3 Series GT
Maruti Suzuki,Swift-Dzire,2023,1,62000.0,0,0,2,820000,Maruti Suzuki Swift-Dzire
Toyota,Fortuner,2013,11,105000.0,1,1,1,1690000,Toyota Fortuner
BMW,2 Series,2021,3,20000.0,1,0,0,3490000,BMW 2 Series
Audi,A8 L,2014,10,50000.0,1,0,1,2450000,Audi A8 L
Toyota,Camry,2019,5,65000.0,1,0,2,2900000,Toyota Camry
Hyundai,i10,2011,13,34000.0,0,0,0,250000,Hyundai i10
Maruti Suzuki,Wagon-R,2017,7,62000.0,1,1,2,359000,Maruti Suzuki Wagon-R
Maruti Suzuki,Alto-K10,2011,13,132000.0,0,1,0,148000,Maruti Suzuki Alto-K10
Maruti Suzuki,Ciaz,2018,6,66000.0,1,0,0,700000,Maruti Suzuki Ciaz
Maruti Suzuki,Ignis,2019,5,51000.0,1,0,0,545000,Maruti Suzuki Ignis
Maruti Suzuki,Alto-800,2011,13,95000.0,1,1,2,135000,Maruti Suzuki Alto-800
Maruti Suzuki,Swift,2018,6,44000.0,0,0,1,810000,Maruti Suzuki Swift
Tata,Altroz,2020,4,32000.0,0,0,2,570000,Tata Altroz
Toyota,Fortuner,2019,5,81000.0,1,0,1,3150000,Toyota Fortuner
Honda,Amaze,2015,9,89000.0,0,1,2,320000,Honda Amaze
Mahindra,XUV500,2017,7,73000.0,0,0,1,690000,Mahindra XUV500
Toyota,Innova,2014,10,,0,1,1,1050000,Toyota Innova
Volkswagen,Virtus,2021,3,61000.0,1,0,0,1575000,Volkswagen Virtus
Mahindra,KUV 100,2016,8,70000.0,0,1,0,160000,Mahindra KUV 100
Honda,City,2018,6,76000.0,1,1,0,850000,Honda City
Maruti Suzuki,Wagon-R,2021,3,80000.0,0,0,2,495000,Maruti Suzuki Wagon-R
Honda,City,2011,13,85000.0,1,1,2,361000,Honda City
MG,Gloster,2021,3,18000.0,1,0,1,3298000,MG Gloster
Maruti Suzuki,Ertiga,2021,3,73000.0,0,0,2,1030000,Maruti Suzuki Ertiga
Rolls-Royce,Phantom Drop HeadCoupe,2019,5,2.0,1,0,2,235000,Rolls-Royce Phantom Drop HeadCoupe
Maruti Suzuki,Celerio,2020,4,72000.0,0,0,2,455000,Maruti Suzuki Celerio
Honda,Civic,2011,13,100000.0,1,1,0,200000,Honda Civic
Skoda,Rapid,2014,10,70000.0,0,1,1,394888,Skoda Rapid
BMW,5 Series,2021,3,18000.0,1,0,1,4650000,BMW 5 Series
Volvo,XC60,2020,4,41000.0,1,0,1,4775000,Volvo XC60
Toyota,Urban Cruiser Hyryder,2022,2,45000.0,1,0,2,1900000,Toyota Urban Cruiser Hyryder
Mahindra,Scorpio,2015,9,91252.0,0,1,1,910000,Mahindra Scorpio
Toyota,Camry,2016,8,49500.0,1,0,2,1650000,Toyota Camry
Audi,A4,2015,9,135000.0,1,1,1,1650000,Audi A4
Maruti Suzuki,Ertiga,2021,3,81000.0,0,0,2,975000,Maruti Suzuki Ertiga
Tata,Hexa,2017,7,98623.0,1,0,1,635000,Tata Hexa
Toyota,Innova,2011,13,159000.0,0,1,1,1025000,Toyota Innova
Honda,Mobilio,2014,10,68000.0,0,1,2,425000,Honda Mobilio
Renault,KWID,2020,4,42000.0,0,1,0,335000,Renault KWID
Maruti Suzuki,Wagon-R,2014,10,100000.0,0,1,2,290000,Maruti Suzuki Wagon-R
Maruti Suzuki,Alto-800,2022,2,72000.0,0,0,0,350000,Maruti Suzuki Alto-800
Mahindra,TUV,2017,7,69000.0,1,0,1,825000,Mahindra TUV
BMW,3 Series GT,2019,5,50000.0,1,1,1,2675000,BMW 3 Series GT
Mahindra,XUV 300,2023,1,31000.0,1,0,0,1280000,Mahindra XUV 300
Tata,Tiago,2017,7,87000.0,0,1,1,450000,Tata Tiago
Maruti Suzuki,Alto-800,2014,10,110000.0,1,0,2,310000,Maruti Suzuki Alto-800
Honda,City,2017,7,73000.0,0,1,2,665000,Honda City
Maruti Suzuki,Wagon-R-1-0,2021,3,65999.0,0,0,2,553000,Maruti Suzuki Wagon-R-1-0
Skoda,Superb,2009,15,90241.0,1,1,0,350000,Skoda Superb
Maruti Suzuki,XL6,2021,3,86000.0,1,0,0,900000,Maruti Suzuki XL6
Maruti Suzuki,Swift,2019,5,91000.0,0,1,2,619999,Maruti Suzuki Swift
Maruti Suzuki,Swift-Dzire,2018,6,61585.0,1,0,0,570000,Maruti Suzuki Swift-Dzire
Maruti Suzuki,Wagon-R-1-0,2021,3,29000.0,0,0,2,570000,Maruti Suzuki Wagon-R-1-0
Mahindra,Thar,2021,3,5000.0,0,1,0,1265000,Mahindra Thar
Honda,WRV,2019,5,42000.0,0,0,0,585000,Honda WRV
Maruti Suzuki,Alto-K10,2017,7,52358.0,1,0,2,299000,Maruti Suzuki Alto-K10
Hyundai,Creta,2017,7,70000.0,0,1,0,765000,Hyundai Creta
Tata,Tiago,2024,0,3000.0,1,0,2,850000,Tata Tiago
Maruti Suzuki,Ertiga,2017,7,50000.0,0,0,1,595000,Maruti Suzuki Ertiga
Maruti Suzuki,Alto-800,2019,5,35492.0,1,0,2,370000,Maruti Suzuki Alto-800
Maruti Suzuki,Swift,2019,5,40000.0,0,1,0,615000,Maruti Suzuki Swift
Toyota,Innova,2010,14,268000.0,0,1,1,900000,Toyota Innova
Hyundai,Xcent,2020,4,172000.0,0,1,1,545000,Hyundai Xcent
Hyundai,Grand i10 Nios,2020,4,60000.0,0,1,0,475000,Hyundai Grand i10 Nios
Renault,KWID,2016,8,30000.0,1,1,0,290000,Renault KWID
Maruti Suzuki,Alto-800,2023,1,25230.0,0,0,2,425000,Maruti Suzuki Alto-800
Maruti Suzuki,Wagon-R,2016,8,120000.0,1,0,2,250000,Maruti Suzuki Wagon-R
Toyota,Fortuner,2014,10,120000.0,1,1,1,1549000,Toyota Fortuner
Maruti Suzuki,Wagon-R,2022,2,15899.0,1,1,0,655000,Maruti Suzuki Wagon-R
Mercedes-Benz,S-Class,2009,15,85000.0,1,1,1,1175000,Mercedes-Benz S-Class
Hyundai,Creta,2018,6,79879.0,1,1,1,855000,Hyundai Creta
Hyundai,Xcent,2019,5,78690.0,0,0,1,530000,Hyundai Xcent
Nissan,Sunny,2014,10,70000.0,1,1,2,285000,Nissan Sunny
Maruti Suzuki,Ertiga,2023,1,22000.0,0,0,2,1170000,Maruti Suzuki Ertiga
Hyundai,i10,2011,13,39000.0,0,0,0,265000,Hyundai i10
Maruti Suzuki,Ignis,2017,7,51000.0,1,1,2,400000,Maruti Suzuki Ignis
Hyundai,Xcent,2015,9,75000.0,0,1,2,375000,Hyundai Xcent
Toyota,Innova Crysta,2021,3,44000.0,1,0,1,3050000,Toyota Innova Crysta
Maruti Suzuki,Swift,2023,1,49000.0,0,0,2,720000,Maruti Suzuki Swift
Mercedes-Benz,E-Class,2010,14,96000.0,1,1,1,950000,Mercedes-Benz E-Class
Skoda,Rapid,2017,7,36000.0,1,0,0,599000,Skoda Rapid
Toyota,Urban Cruiser Hyryder,2023,1,19000.0,1,0,2,1750000,Toyota Urban Cruiser Hyryder
Maruti Suzuki,Wagon-R-1-0,2014,10,65000.0,0,1,2,255000,Maruti Suzuki Wagon-R-1-0
Maruti Suzuki,Brezza,2020,4,70000.0,0,0,2,750000,Maruti Suzuki Brezza
Maruti Suzuki,Ertiga,2016,8,54000.0,0,1,2,675000,Maruti Suzuki Ertiga
Honda,Accord,2013,11,95000.0,1,0,0,399000,Honda Accord
BMW,X1,2017,7,59000.0,1,0,1,1300000,BMW X1
Maruti Suzuki,Celerio,2024,0,19000.0,1,0,0,725000,Maruti Suzuki Celerio
Volkswagen,Polo,2018,6,64400.0,1,0,0,800000,Volkswagen Polo
Hyundai,Xcent,2017,7,59623.0,0,0,1,480000,Hyundai Xcent
Mercedes-Benz,C-Class,2023,1,6000.0,1,0,1,6300000,Mercedes-Benz C-Class
Toyota,Camry,2015,9,97000.0,1,1,0,1250000,Toyota Camry
Toyota,Camry,2017,7,119500.0,1,1,0,1500000,Toyota Camry
Maruti Suzuki,Eeco,2024,0,35000.0,1,0,2,230000,Maruti Suzuki Eeco
Maruti Suzuki,Wagon-R-1-0,2017,7,23111.0,1,0,2,425001,Maruti Suzuki Wagon-R-1-0
Hyundai,Verna,2011,13,132000.0,1,1,0,300000,Hyundai Verna
Mercedes-Benz,C-Class,2015,9,61000.0,1,0,1,1825000,Mercedes-Benz C-Class
Maruti Suzuki,Eeco,2021,3,63250.0,0,0,2,525111,Maruti Suzuki Eeco
Hyundai,Verna,2015,9,79000.0,0,0,2,465000,Hyundai Verna
Mahindra,Nuvosport,2016,8,73000.0,1,0,1,390000,Mahindra Nuvosport
Mahindra,XUV 300,2022,2,14555.0,1,0,1,1095000,Mahindra XUV 300
Renault,Duster,2015,9,75000.0,0,1,1,200000,Renault Duster
Mercedes-Benz,E-Class,2021,3,41000.0,1,0,1,5100000,Mercedes-Benz E-Class
Maruti Suzuki,Ertiga,2020,4,45000.0,1,1,2,1020000,Maruti Suzuki Ertiga
Maruti Suzuki,Swift,2019,5,7000.0,1,1,0,650000,Maruti Suzuki Swift
Hyundai,i10,2011,13,69298.0,0,1,0,215000,Hyundai i10
Hyundai,Santro Xing,2009,15,129000.0,0,1,0,120000,Hyundai Santro Xing
Toyota,Corolla Altis,2015,9,78000.0,1,0,2,801000,Toyota Corolla Altis
Toyota,Innova Crysta,2018,6,148000.0,1,0,1,1225000,Toyota Innova Crysta
Jeep,Compass,2020,4,12672.0,1,0,0,1645000,Jeep Compass
Mercedes-Benz,C-Class,2015,9,59000.0,1,1,1,1550000,Mercedes-Benz C-Class
Maruti Suzuki,Ertiga,2020,4,181000.0,0,1,2,880000,Maruti Suzuki Ertiga
Renault,Duster,2015,9,150000.0,1,1,1,450000,Renault Duster
Hyundai,i20 N Line,2021,3,26000.0,1,0,0,915000,Hyundai i20 N Line
Mahindra,Thar,2022,2,18000.0,1,0,1,1600000,Mahindra Thar
Ford,Ecosport,2019,5,418680.0,1,0,2,775000,Ford Ecosport
Hyundai,Xcent,2022,2,50000.0,1,1,2,580000,Hyundai Xcent
Honda,City,2017,7,51000.0,1,1,2,750000,Honda City
Mercedes-Benz,C-Class,2016,8,68888.0,1,1,1,1875000,Mercedes-Benz C-Class
Maruti Suzuki,Sx4,2010,14,71568.0,1,1,0,198000,Maruti Suzuki Sx4
Maruti Suzuki,Vitara Brezza,2018,6,72523.0,1,0,1,649999,Maruti Suzuki Vitara Brezza
Hyundai,Verna,2019,5,80000.0,1,0,2,725000,Hyundai Verna
Ford,Ecosport,2019,5,57000.0,0,0,1,675000,Ford Ecosport
Skoda,Superb,2018,6,22000.0,1,1,0,1650000,Skoda Superb
Hyundai,Venue,2020,4,43772.0,1,0,0,1099000,Hyundai Venue
Hyundai,Venue,2022,2,6000.0,0,0,0,875000,Hyundai Venue
Hyundai,i10,2013,11,65000.0,0,0,0,285000,Hyundai i10
BMW,5 Series,2017,7,88000.0,1,0,1,2375000,BMW 5 Series
Hyundai,Creta,2016,8,61000.0,0,1,1,800000,Hyundai Creta
Maruti Suzuki,Wagon-R-1-0,2020,4,43000.0,0,0,2,525000,Maruti Suzuki Wagon-R-1-0
Maruti Suzuki,Wagon-R,2012,12,73523.0,1,1,2,160000,Maruti Suzuki Wagon-R
Honda,City,2015,9,71000.0,1,0,2,524000,Honda City
Hyundai,Verna,2019,5,70000.0,0,0,2,849000,Hyundai Verna
Maruti Suzuki,Wagon-R,2020,4,62000.0,0,0,0,500000,Maruti Suzuki Wagon-R
Hyundai,Grand i10 Nios,2022,2,24000.0,0,0,2,690000,Hyundai Grand i10 Nios
Maruti Suzuki,Swift-Dzire,2011,13,,0,1,0,350000,Maruti Suzuki Swift-Dzire
Honda,Mobilio,2015,9,69000.0,0,0,1,295000,Honda Mobilio
Maruti Suzuki,Celerio,2016,8,68000.0,1,1,0,400000,Maruti Suzuki Celerio
Tata,Indica V2,2017,7,80000.0,1,0,2,180000,Tata Indica V2
Hyundai,Santro,2021,3,24000.0,1,0,0,495000,Hyundai Santro
Ford,Endeavour,2017,7,69000.0,1,0,1,2375000,Ford Endeavour
Maruti Suzuki,Swift,2014,10,75000.0,0,0,0,295000,Maruti Suzuki Swift
Hyundai,Xcent,2016,8,90020.0,0,0,0,400000,Hyundai Xcent
Ford,Ecosport,2017,7,105000.0,0,1,0,638000,Ford Ecosport
Renault,KWID,2018,6,63000.0,1,0,0,325000,Renault KWID
Maruti Suzuki,Swift,2013,11,58000.0,0,1,0,285000,Maruti Suzuki Swift
Toyota,Corolla Altis,2009,15,75000.0,0,1,2,235000,Toyota Corolla Altis
Honda,Amaze,2016,8,68000.0,1,0,2,395000,Honda Amaze
Renault,KWID,2016,8,48451.0,0,0,0,245000,Renault KWID
Volkswagen,Polo,2013,11,99000.0,0,1,1,355000,Volkswagen Polo
Mahindra,Bolero,2015,9,102000.0,1,1,1,380000,Mahindra Bolero
Kia,Sonet,2022,2,68000.0,0,0,1,1190000,Kia Sonet
Tata,Nexon,2019,5,86094.0,0,0,1,639000,Tata Nexon
Hyundai,Grand i10,2019,5,,0,0,0,550000,Hyundai Grand i10
Hyundai,i20,2017,7,100000.0,0,1,1,550000,Hyundai i20
Maruti Suzuki,Celerio,2020,4,78000.0,0,0,0,490000,Maruti Suzuki Celerio
Maruti Suzuki,Celerio,2018,6,65630.0,1,0,2,450000,Maruti Suzuki Celerio
Maruti Suzuki,Celerio,2014,10,78000.0,0,1,2,200000,Maruti Suzuki Celerio
Maruti Suzuki,Ertiga,2023,1,7706.0,0,0,2,1300000,Maruti Suzuki Ertiga
Maruti Suzuki,Swift,2013,11,56000.0,0,0,2,350000,Maruti Suzuki Swift
Honda,Mobilio,2014,10,90000.0,0,0,1,425000,Honda Mobilio
Hyundai,Grand i10 Nios,2020,4,61000.0,0,0,2,590000,Hyundai Grand i10 Nios
Maruti Suzuki,Swift-Dzire,2010,14,110000.0,1,1,0,250000,Maruti Suzuki Swift-Dzire
Mahindra,Bolero,2021,3,57548.0,0,0,1,825000,Mahindra Bolero
Maruti Suzuki,Wagon-R-1-0,2018,6,60000.0,0,0,2,395000,Maruti Suzuki Wagon-R-1-0
Hyundai,Grand i10,2014,10,35000.0,1,1,0,400000,Hyundai Grand i10
Hyundai,Creta,2020,4,86000.0,0,0,1,1450000,Hyundai Creta
Hyundai,Santro,2019,5,40100.0,1,1,0,375000,Hyundai Santro
Maruti Suzuki,Alto-800,2019,5,45238.0,0,1,0,299000,Maruti Suzuki Alto-800
Hyundai,Santro,2018,6,45000.0,1,0,2,450000,Hyundai Santro
Tata,Altroz,2022,2,30618.0,0,0,1,895999,Tata Altroz
Hyundai,Creta,2016,8,131000.0,0,1,1,730000,Hyundai Creta
Honda,City,2015,9,69000.0,1,0,2,525000,Honda City
Jeep,Compass,2018,6,36000.0,1,1,0,899000,Jeep Compass
Ford,Ecosport,2018,6,55000.0,0,0,1,655000,Ford Ecosport
Honda,Brio,2016,8,89000.0,0,1,0,360000,Honda Brio
Tata,tata-punch,2022,2,8000.0,1,0,0,650000,Tata tata-punch
Honda,City,2012,12,71000.0,0,0,2,320000,Honda City
Honda,City,2011,13,80000.0,1,1,2,270000,Honda City
Hyundai,Xcent,2017,7,45000.0,0,0,0,395000,Hyundai Xcent
Maruti Suzuki,Wagon-R,2024,0,50000.0,1,0,2,750000,Maruti Suzuki Wagon-R
Toyota,Corolla Altis,2010,14,181000.0,1,1,0,199999,Toyota Corolla Altis
Hyundai,Grand i10,2018,6,51000.0,0,0,2,445000,Hyundai Grand i10
Hyundai,Elite i20,2016,8,73000.0,0,1,2,560000,Hyundai Elite i20
MG,Hector Plus,2022,2,45000.0,0,0,1,1890000,MG Hector Plus
Maruti Suzuki,Swift-Dzire,2017,7,109711.0,0,1,2,375000,Maruti Suzuki Swift-Dzire
Volkswagen,Polo,2016,8,75000.0,1,1,0,530000,Volkswagen Polo
Hyundai,Accent,2012,12,72000.0,1,1,2,100000,Hyundai Accent
Honda,City,2015,9,65000.0,0,1,2,495000,Honda City
Maruti Suzuki,Ciaz,2020,4,25000.0,0,0,0,750000,Maruti Suzuki Ciaz
Maruti Suzuki,Alto K10,2017,7,27000.0,1,1,0,380000,Maruti Suzuki Alto K10
Maruti Suzuki,Wagon-R,2017,7,80000.0,1,1,2,420000,Maruti Suzuki Wagon-R
Maruti Suzuki,Wagon-R,2010,14,70000.0,0,1,0,255000,Maruti Suzuki Wagon-R
Honda,Mobilio,2014,10,78001.0,0,0,1,451000,Honda Mobilio
Honda,Amaze,2019,5,54000.0,0,1,1,860000,Honda Amaze
Maruti Suzuki,Celerio,2020,4,45000.0,0,0,2,440000,Maruti Suzuki Celerio
BMW,Z4,2020,4,11000.0,1,1,0,8500000,BMW Z4
Honda,City,2021,3,80100.0,1,0,0,1125000,Honda City
BMW,5 Series,2017,7,82000.0,1,1,1,3598000,BMW 5 Series
Ford,Ecosport,2016,8,49000.0,0,1,0,455000,Ford Ecosport
Hyundai,i10,2013,11,56000.0,0,1,0,185000,Hyundai i10
Honda,Jazz,2018,6,62000.0,1,0,0,525000,Honda Jazz
Ford,Endeavour,2017,7,90000.0,1,0,1,2050000,Ford Endeavour
Volkswagen,Polo,2014,10,81000.0,0,1,1,430000,Volkswagen Polo
Mini,Cooper Clubman,2017,7,22000.0,1,1,0,2875000,Mini Cooper Clubman
Maruti Suzuki,Eeco,2022,2,45000.0,0,0,2,645000,Maruti Suzuki Eeco
Maruti Suzuki,Ritz,2016,8,110000.0,1,0,1,285000,Maruti Suzuki Ritz
Volkswagen,Vento,2013,11,52000.0,1,0,0,435000,Volkswagen Vento
Mahindra,XUV500,2013,11,99000.0,0,1,1,630000,Mahindra XUV500
Hyundai,EON,2017,7,80000.0,0,1,0,299000,Hyundai EON
Honda,Amaze,2013,11,99000.0,0,0,1,395000,Honda Amaze
Hyundai,Grand i10,2015,9,770000.0,0,0,0,490000,Hyundai Grand i10
Hyundai,Grand i10,2017,7,52000.0,0,0,2,375000,Hyundai Grand i10
BMW,X5,2017,7,58500.0,1,1,1,4050000,BMW X5
Maruti Suzuki,maruti-suzuki-dzire,2018,6,83500.0,1,0,1,680000,Maruti Suzuki maruti-suzuki-dzire
Skoda,Octavia,2022,2,19000.0,1,1,0,2290000,Skoda Octavia
Ford,Endeavour,2017,7,72000.0,1,0,1,1850000,Ford Endeavour
Maruti Suzuki,Swift-Dzire,2015,9,51700.0,0,1,0,425000,Maruti Suzuki Swift-Dzire
Renault,Triber,2020,4,37000.0,0,0,0,399000,Renault Triber
Porsche,Panamera,2017,7,16800.0,1,1,1,6900000,Porsche Panamera
Maruti Suzuki,Wagon-R-1-0,2021,3,38500.0,0,0,2,539000,Maruti Suzuki Wagon-R-1-0
Maruti Suzuki,Eeco,2013,11,90000.0,1,1,2,200000,Maruti Suzuki Eeco
Toyota,Innova,2014,10,167000.0,0,1,1,1200000,Toyota Innova
Audi,A3,2015,9,42000.0,1,1,1,1050000,Audi A3
Maruti Suzuki,Swift-Dzire,2011,13,77211.0,0,1,0,270000,Maruti Suzuki Swift-Dzire
Volkswagen,Polo,2020,4,35000.0,1,0,0,1185000,Volkswagen Polo
Honda,Brio,2013,11,55000.0,0,1,0,379799,Honda Brio
Mahindra,Scorpio-N,2023,1,17000.0,1,0,1,2199000,Mahindra Scorpio-N
Maruti Suzuki,Baleno,2022,2,17511.0,0,0,0,865000,Maruti Suzuki Baleno
Toyota,Etios Liva,2015,9,145000.0,0,1,1,539000,Toyota Etios Liva
Maruti Suzuki,Baleno,2021,3,65000.0,0,0,0,680000,Maruti Suzuki Baleno
Hyundai,Creta,2017,7,76000.0,0,0,1,880000,Hyundai Creta
Maruti Suzuki,Alto-K10,2014,10,34000.0,1,1,0,235000,Maruti Suzuki Alto-K10
Hyundai,Tucson,2017,7,74310.0,1,1,1,1025000,Hyundai Tucson
Maruti Suzuki,Swift-Dzire,2016,8,78000.0,0,1,1,520000,Maruti Suzuki Swift-Dzire
Mahindra,Scorpio Classic,2024,0,5000.0,1,0,2,1000000,Mahindra Scorpio Classic
Toyota,Corolla Altis,2016,8,118000.0,1,0,0,799000,Toyota Corolla Altis
Ford,Figo Aspire,2016,8,50000.0,0,1,0,330000,Ford Figo Aspire
Mahindra,Scorpio,2018,6,71000.0,0,0,1,895000,Mahindra Scorpio
Tata,Indigo Ecs,2016,8,50000.0,1,1,2,90000,Tata Indigo Ecs
Maruti Suzuki,Baleno,2019,5,61000.0,1,0,0,600000,Maruti Suzuki Baleno
Toyota,Innova Crysta,2020,4,106000.0,0,0,1,2250000,Toyota Innova Crysta
Ford,Endeavour,2017,7,60000.0,1,0,1,1995000,Ford Endeavour
Maruti Suzuki,Wagon-R,2022,2,80000.0,1,0,2,520000,Maruti Suzuki Wagon-R
Jeep,Compass,2022,2,21000.0,1,0,1,2525111,Jeep Compass
Hyundai,i20,2019,5,55000.0,0,0,2,495000,Hyundai i20
Maruti Suzuki,Alto-K10,2017,7,45000.0,0,0,0,290000,Maruti Suzuki Alto-K10
Maruti Suzuki,Swift,2015,9,10.0,0,1,2,380000,Maruti Suzuki Swift
Maruti Suzuki,Wagon-R-Stingray,2014,10,59000.0,0,1,0,398000,Maruti Suzuki Wagon-R-Stingray
Honda,City,2014,10,79000.0,0,1,2,445000,Honda City
Maruti Suzuki,maruti-suzuki-dzire,2018,6,46000.0,1,1,0,670000,Maruti Suzuki maruti-suzuki-dzire
Maruti Suzuki,Ignis,2022,2,9665.0,1,0,0,690000,Maruti Suzuki Ignis
Hyundai,i10,2011,13,81851.0,0,0,0,249999,Hyundai i10
Maruti Suzuki,Ertiga,2020,4,30000.0,0,0,0,875000,Maruti Suzuki Ertiga
Kia,Sonet,2021,3,29000.0,1,0,0,1075000,Kia Sonet
Maruti Suzuki,Swift,2022,2,40000.0,1,0,1,765000,Maruti Suzuki Swift
Maruti Suzuki,Swift,2016,8,117000.0,0,1,1,570000,Maruti Suzuki Swift
Maruti Suzuki,Swift,2023,1,8235.0,0,0,0,795000,Maruti Suzuki Swift
Toyota,2.8 Legender 4X2,2021,3,33000.0,1,0,1,3950000,Toyota 2.8 Legender 4X2
Tata,Tiago,2018,6,,1,1,2,420000,Tata Tiago
Hyundai,i10,2010,14,90000.0,1,1,0,175999,Hyundai i10
Honda,City,2017,7,45730.0,1,1,2,710000,Honda City
Ford,Ecosport,2014,10,50000.0,1,1,0,520000,Ford Ecosport
Maruti Suzuki,Eeco,2022,2,66000.0,0,1,2,525000,Maruti Suzuki Eeco
Maruti Suzuki,Celerio,2019,5,155000.0,0,1,2,440000,Maruti Suzuki Celerio
Maruti Suzuki,Swift-Dzire,2013,11,152000.0,0,0,1,400000,Maruti Suzuki Swift-Dzire
Maruti Suzuki,Wagon-R-1-0,2018,6,80000.0,1,0,2,455000,Maruti Suzuki Wagon-R-1-0
Chevrolet,Sail U-VA,2016,8,120000.0,0,1,1,240000,Chevrolet Sail U-VA
Hyundai,Grand i10,2017,7,65000.0,0,1,2,374000,Hyundai Grand i10
Maruti Suzuki,Eeco,2011,13,38000.0,1,0,0,265000,Maruti Suzuki Eeco
Maruti Suzuki,Sx4,2011,13,90000.0,1,1,2,160000,Maruti Suzuki Sx4
Maruti Suzuki,Wagon-R,2018,6,19000.0,1,0,0,375000,Maruti Suzuki Wagon-R
Maruti Suzuki,Ritz,2012,12,65500.0,0,0,1,330000,Maruti Suzuki Ritz
Ford,Ecosport,2015,9,78000.0,0,1,1,340000,Ford Ecosport
Mercedes-Benz,GLS,2020,4,9500.0,1,0,1,9000000,Mercedes-Benz GLS
Ford,Ecosport,2019,5,41538.0,1,0,2,775000,Ford Ecosport
Volkswagen,Passat,2013,11,90233.0,0,0,1,699999,Volkswagen Passat
Maruti Suzuki,Vitara-Brezza,2019,5,83000.0,1,0,1,775000,Maruti Suzuki Vitara-Brezza
Hyundai,Creta,2017,7,81000.0,1,0,0,725000,Hyundai Creta
Hyundai,Accent,2011,13,100000.0,1,1,2,95000,Hyundai Accent
Volkswagen,Polo,2015,9,77200.0,1,1,0,449999,Volkswagen Polo
Hyundai,Aura,2023,1,41000.0,1,0,2,200000,Hyundai Aura
Hyundai,i10,2009,15,88000.0,1,1,0,290000,Hyundai i10
Chevrolet,Beat,2010,14,112329.0,0,1,2,115000,Chevrolet Beat
Hyundai,i20,2009,15,119725.0,0,1,0,190000,Hyundai i20
Maruti Suzuki,Ciaz,2017,7,52145.0,0,0,1,580000,Maruti Suzuki Ciaz
Mercedes-Benz,A-Class Limousine,2023,1,7000.0,1,0,1,3800000,Mercedes-Benz A-Class Limousine
Maruti Suzuki,Vitara-Brezza,2019,5,63000.0,0,0,1,845000,Maruti Suzuki Vitara-Brezza
Audi,A6,2018,6,48000.0,1,1,1,2475000,Audi A6
Maruti Suzuki,Grand Vitara,2023,1,27000.0,1,0,2,1670000,Maruti Suzuki Grand Vitara
Hyundai,Santro,2011,13,75000.0,0,1,2,180000,Hyundai Santro
Maruti Suzuki,Wagon-R,2013,11,67980.0,0,0,0,299000,Maruti Suzuki Wagon-R
Mahindra,XUV500,2015,9,72000.0,0,1,1,690000,Mahindra XUV500
Toyota,Etios Liva,2012,12,86000.0,0,0,1,345000,Toyota Etios Liva
Tata,Nexon,2019,5,20000.0,1,1,0,579000,Tata Nexon
Honda,City,2020,4,33000.0,1,0,0,1185000,Honda City
Hyundai,Verna,2020,4,80899.0,0,0,1,1300000,Hyundai Verna
Mercedes-Benz,E-Class,2018,6,63000.0,1,0,1,4350000,Mercedes-Benz E-Class
Maruti Suzuki,Alto-800,2014,10,70000.0,0,1,2,220000,Maruti Suzuki Alto-800
BMW,5 Series,2014,10,94000.0,1,1,1,1349000,BMW 5 Series
Maruti Suzuki,Wagon-R-Stingray,2017,7,22270.0,0,0,0,425000,Maruti Suzuki Wagon-R-Stingray
Honda,Jazz,2016,8,86000.0,0,1,1,460000,Honda Jazz
Honda,City,2011,13,86530.0,0,1,2,225000,Honda City
Maruti Suzuki,Celerio,2017,7,85000.0,1,1,2,305000,Maruti Suzuki Celerio
Maruti Suzuki,Sx4,2011,13,117000.0,0,0,1,249999,Maruti Suzuki Sx4
Mercedes-Benz,GLE,2016,8,84067.0,1,0,1,2575000,Mercedes-Benz GLE
Maruti Suzuki,Alto,2011,13,80000.0,1,1,0,89000,Maruti Suzuki Alto
Maruti Suzuki,Wagon-R,2023,1,40000.0,0,1,2,550000,Maruti Suzuki Wagon-R
Hyundai,i10,2011,13,47000.0,0,1,0,265000,Hyundai i10
Maruti Suzuki,Ertiga,2022,2,320000.0,0,1,2,1075000,Maruti Suzuki Ertiga
Toyota,Innova Crysta,2019,5,71000.0,0,0,1,1625000,Toyota Innova Crysta
Maruti Suzuki,Ertiga,2021,3,49780.0,0,0,0,894000,Maruti Suzuki Ertiga
Maruti Suzuki,Wagon-R-1-0,2014,10,27000.0,0,0,0,435000,Maruti Suzuki Wagon-R-1-0
Toyota,Camry,2020,4,36000.0,1,0,2,2800000,Toyota Camry
Honda,Amaze,2015,9,71000.0,0,0,0,275000,Honda Amaze
Audi,A6,2015,9,84000.0,1,0,1,1951000,Audi A6
Maruti Suzuki,Swift-Dzire,2020,4,19150.0,1,0,0,700000,Maruti Suzuki Swift-Dzire
Audi,A6,2014,10,65000.0,1,1,1,990000,Audi A6
Jeep,Compass,2018,6,113000.0,0,1,1,895000,Jeep Compass
Mahindra,TUV,2015,9,78000.0,0,1,1,399000,Mahindra TUV
Volkswagen,Polo,2017,7,91000.0,1,1,0,775000,Volkswagen Polo
Maruti Suzuki,Wagon-R-1-0,2014,10,70000.0,0,0,2,340000,Maruti Suzuki Wagon-R-1-0
Renault,KWID,2017,7,42193.0,1,1,0,390000,Renault KWID
Hyundai,i20,2019,5,40000.0,0,0,2,545000,Hyundai i20
Mahindra,XUV 300,2022,2,14555.0,1,0,1,1095000,Mahindra XUV 300
Maruti Suzuki,Vitara-Brezza,2023,1,3000.0,0,0,0,1300000,Maruti Suzuki Vitara-Brezza
Mahindra,XUV500,2015,9,65000.0,0,0,1,1095000,Mahindra XUV500
Maruti Suzuki,Alto-800,2012,12,66000.0,0,1,0,175000,Maruti Suzuki Alto-800
Mahindra,XUV500,2013,11,81000.0,0,0,1,575000,Mahindra XUV500
Chevrolet,Beat,2010,14,25000.0,0,1,0,130000,Chevrolet Beat
Maruti Suzuki,Celerio,2019,5,60000.0,1,0,2,511000,Maruti Suzuki Celerio
Hyundai,Grand i10,2017,7,65000.0,0,1,2,374000,Hyundai Grand i10
Tata,Tiago,2020,4,58000.0,1,0,2,575000,Tata Tiago
BMW,3 Series Gran Limousine,2023,1,3500.0,1,0,0,5610000,BMW 3 Series Gran Limousine
Maruti Suzuki,Wagon-R,2016,8,56000.0,1,0,0,525000,Maruti Suzuki Wagon-R
Maruti Suzuki,Wagon-R,2020,4,70000.0,0,0,2,425000,Maruti Suzuki Wagon-R
Hyundai,Alcazar,2022,2,72000.0,1,0,1,1545000,Hyundai Alcazar
Maruti Suzuki,Eeco,2020,4,50000.0,0,1,0,475000,Maruti Suzuki Eeco
Maruti Suzuki,Swift,2010,14,50000.0,0,1,2,135000,Maruti Suzuki Swift
Tata,Nexon,2019,5,38096.0,0,0,1,650000,Tata Nexon
Mahindra,Ssangyong-Rexton,2014,10,83000.0,1,1,1,525000,Mahindra Ssangyong-Rexton
Mercedes-Benz,S-Class,2014,10,75000.0,1,1,1,2990000,Mercedes-Benz S-Class
Maruti Suzuki,Celerio,2021,3,62000.0,0,0,2,450000,Maruti Suzuki Celerio
Maruti Suzuki,Eeco,2021,3,165000.0,1,0,2,540000,Maruti Suzuki Eeco
Maruti Suzuki,Swift-Dzire,2017,7,61000.0,1,1,2,465000,Maruti Suzuki Swift-Dzire
Chevrolet,Cruze,2012,12,78000.0,1,1,1,350000,Chevrolet Cruze
Hyundai,Verna,2014,10,88000.0,0,1,2,399000,Hyundai Verna
Maruti Suzuki,Vitara-Brezza,2016,8,84500.0,0,0,1,626000,Maruti Suzuki Vitara-Brezza
Maruti Suzuki,Ciaz,2018,6,94000.0,1,0,2,510000,Maruti Suzuki Ciaz
Maruti Suzuki,Celerio-X,2018,6,40000.0,0,0,0,500000,Maruti Suzuki Celerio-X
Hyundai,Creta,2017,7,41000.0,1,0,2,699000,Hyundai Creta
Hyundai,Verna,2018,6,78000.0,0,0,1,875000,Hyundai Verna
Maruti Suzuki,Wagon-R,2018,6,286000.0,1,0,2,245000,Maruti Suzuki Wagon-R
Maruti Suzuki,Alto-800,2016,8,85000.0,0,1,2,345000,Maruti Suzuki Alto-800
Honda,Amaze,2015,9,117000.0,0,1,0,300000,Honda Amaze
Toyota,Corolla Altis,2011,13,89000.0,1,1,2,365000,Toyota Corolla Altis
Mahindra,XUV500,2016,8,111821.0,0,0,1,750000,Mahindra XUV500
Maruti Suzuki,Ertiga,2012,12,148723.0,0,1,2,360000,Maruti Suzuki Ertiga
Hyundai,i10,2012,12,77000.0,1,1,2,165000,Hyundai i10
Honda,City,2019,5,45000.0,1,1,0,845000,Honda City
Maruti Suzuki,Wagon-R,2011,13,84750.0,0,1,2,165000,Maruti Suzuki Wagon-R
Hyundai,Grand i10 Nios,2021,3,8000.0,1,1,0,675000,Hyundai Grand i10 Nios
Renault,KWID,2019,5,16000.0,1,0,0,420000,Renault KWID
Maruti Suzuki,Baleno,2017,7,60000.0,0,1,0,500000,Maruti Suzuki Baleno
Toyota,Etios,2015,9,81000.0,0,0,1,459000,Toyota Etios
Honda,WRV,2019,5,38000.0,0,0,0,640000,Honda WRV
Mercedes-Benz,B Class,2014,10,41000.0,1,1,0,1040000,Mercedes-Benz B Class
Mercedes-Benz,CLA,2018,6,63000.0,1,1,1,1800000,Mercedes-Benz CLA
Mahindra,XUV500,2018,6,51000.0,1,0,1,1035000,Mahindra XUV500
Maruti Suzuki,Swift-Dzire,2018,6,68000.0,0,0,1,430000,Maruti Suzuki Swift-Dzire
Nissan,Sunny,2012,12,108000.0,0,1,1,300000,Nissan Sunny
Volvo,XC60,2020,4,55000.0,1,0,1,4500000,Volvo XC60
Hyundai,i20,2013,11,68000.0,0,0,2,298000,Hyundai i20
Maruti Suzuki,Ertiga,2019,5,68000.0,0,0,2,967000,Maruti Suzuki Ertiga
Honda,City,2016,8,79000.0,1,1,0,675000,Honda City
Mini,Cooper 3 DOOR,2015,9,65000.0,1,0,1,2000000,Mini Cooper 3 DOOR
Toyota,Corolla Altis,2009,15,92000.0,1,1,2,370000,Toyota Corolla Altis
Mercedes-Benz,C-Class,2017,7,55000.0,1,0,1,2399000,Mercedes-Benz C-Class
Hyundai,Eon,2014,10,52000.0,0,0,0,245000,Hyundai Eon
Maruti Suzuki,Swift-Dzire,2018,6,75000.0,0,1,1,550000,Maruti Suzuki Swift-Dzire
Maruti Suzuki,Swift-Dzire,2023,1,97000.0,1,0,2,740000,Maruti Suzuki Swift-Dzire
Tata,Altroz,2023,1,29000.0,0,0,2,875000,Tata Altroz
Maruti Suzuki,Eeco,2021,3,52000.0,1,0,2,500000,Maruti Suzuki Eeco
BMW,5 Series,2012,12,75000.0,1,1,1,1525000,BMW 5 Series
Maruti Suzuki,Swift,2019,5,7000.0,1,1,0,650000,Maruti Suzuki Swift
Maruti Suzuki,Ertiga,2015,9,48000.0,0,0,2,741000,Maruti Suzuki Ertiga
Maruti Suzuki,Sx4,2010,14,87000.0,0,1,2,150000,Maruti Suzuki Sx4
Toyota,Innova,2012,12,250000.0,0,1,1,699999,Toyota Innova
Maruti Suzuki,Ritz,2016,8,103000.0,0,1,0,350000,Maruti Suzuki Ritz
Maruti Suzuki,Alto,2007,17,75000.0,0,1,2,75000,Maruti Suzuki Alto
Maruti Suzuki,Swift,2016,8,65000.0,0,0,1,550000,Maruti Suzuki Swift
Maruti Suzuki,Ertiga,2023,1,21000.0,1,0,2,1260000,Maruti Suzuki Ertiga
Honda,City,2009,15,85000.0,1,1,2,351000,Honda City
Maruti Suzuki,S-Cross,2017,7,82000.0,0,0,1,720000,Maruti Suzuki S-Cross
Nissan,Micra,2013,11,50000.0,0,1,0,245000,Nissan Micra
Mercedes-Benz,M-Class,2014,10,157000.0,1,1,1,1275000,Mercedes-Benz M-Class
Volkswagen,VentoTest,2013,11,113000.0,1,1,2,350000,Volkswagen VentoTest
Toyota,Camry,2015,9,160.0,1,1,2,999999,Toyota Camry
Toyota,Innova,2007,17,174000.0,0,0,1,649999,Toyota Innova
Audi,A6,2014,10,16500.0,1,0,1,1590000,Audi A6
Mahindra,Thar,2022,2,52000.0,0,0,1,1375000,Mahindra Thar
Hyundai,Elantra,2014,10,102000.0,1,1,0,575000,Hyundai Elantra
Mini,5 DOOR,2015,9,36338.0,1,0,1,2700000,Mini 5 DOOR
Fiat,Linea,2012,12,65000.0,0,1,1,199000,Fiat Linea
Maruti Suzuki,Wagon-R,2015,9,123000.0,0,1,0,350000,Maruti Suzuki Wagon-R
Audi,A4,2014,10,80000.0,1,0,1,750000,Audi A4
Hyundai,Creta,2019,5,75000.0,1,0,1,1075000,Hyundai Creta
Ford,Ecosport,2017,7,99000.0,0,0,1,790000,Ford Ecosport
Mahindra,Bolero,2017,7,82000.0,0,0,1,680000,Mahindra Bolero
Hyundai,Venue,2020,4,23000.0,0,0,0,599000,Hyundai Venue
Honda,WRV,2020,4,650000.0,0,0,1,49000,Honda WRV
Audi,A4,2013,11,78649.0,1,1,1,975000,Audi A4
Maruti Suzuki,Eeco,2024,0,25000.0,1,0,2,850000,Maruti Suzuki Eeco
Toyota,Corolla Altis,2015,9,83652.0,0,1,2,575000,Toyota Corolla Altis
Mercedes-Benz,CLA,2018,6,85000.0,1,0,1,2150000,Mercedes-Benz CLA
Maruti Suzuki,Baleno,2020,4,37800.0,0,0,0,615000,Maruti Suzuki Baleno
Mercedes-Benz,G-Class,2017,7,45000.0,1,1,0,14500000,Mercedes-Benz G-Class
Tata,Tiago,2020,4,58000.0,1,0,2,475000,Tata Tiago
Hyundai,Grand i10,2015,9,54000.0,1,0,2,429000,Hyundai Grand i10
Toyota,Innova,2009,15,98000.0,0,1,1,615000,Toyota Innova
Maruti Suzuki,Ciaz,2018,6,72386.0,1,0,2,690000,Maruti Suzuki Ciaz
Mahindra,XUV500,2012,12,142000.0,0,1,1,700000,Mahindra XUV500
BMW,3 Series GT,2015,9,61000.0,1,1,1,1500000,BMW 3 Series GT
Toyota,Camry,2016,8,130000.0,1,1,2,1275000,Toyota Camry
Mercedes-Benz,M-Class,2014,10,105000.0,1,0,1,1400000,Mercedes-Benz M-Class
Mahindra,Scorpio N,2024,0,0.0,0,0,1,1424700,Mahindra Scorpio N
Honda,WRV,2017,7,88000.0,0,1,1,525000,Honda WRV
Mahindra,Thar,2022,2,60000.0,1,0,1,1373000,Mahindra Thar
Maruti Suzuki,Wagon-R,2011,13,65000.0,0,0,2,250000,Maruti Suzuki Wagon-R
Maruti Suzuki,Ertiga,2021,3,53000.0,1,1,2,950000,Maruti Suzuki Ertiga
Hyundai,Verna,2019,5,47500.0,1,1,2,785000,Hyundai Verna
Hyundai,Aura,2021,3,43000.0,1,0,2,599000,Hyundai Aura
Hyundai,Creta,2017,7,63441.0,1,0,0,950000,Hyundai Creta
Honda,City,2019,5,55000.0,0,0,2,825000,Honda City
Honda,City,2014,10,93000.0,1,0,2,785000,Honda City
Hyundai,Grand i10,2017,7,66000.0,1,0,0,520000,Hyundai Grand i10
Hyundai,i20,2019,5,78000.0,1,0,2,540000,Hyundai i20
Nissan,Magnite,2022,2,30000.0,1,1,0,750000,Nissan Magnite
Honda,Amaze,2015,9,48000.0,0,1,0,425000,Honda Amaze
Maruti Suzuki,maruti-suzuki-dzire,2021,3,50000.0,0,0,2,580000,Maruti Suzuki maruti-suzuki-dzire
Hyundai,i20,2010,14,64000.0,0,1,0,199000,Hyundai i20
Hyundai,Verna,2014,10,80000.0,0,0,1,650000,Hyundai Verna
Maruti Suzuki,Ertiga,2019,5,71000.0,0,1,1,990000,Maruti Suzuki Ertiga
Hyundai,Xcent Prime,2018,6,105000.0,1,1,2,325000,Hyundai Xcent Prime
Mercedes-Benz,GLS,2017,7,66000.0,1,1,1,5400000,Mercedes-Benz GLS
Mahindra,XUV500,2011,13,95000.0,0,1,1,690000,Mahindra XUV500
Hyundai,Grand i10,2018,6,50000.0,0,1,0,435000,Hyundai Grand i10
Volvo,S60,2017,7,85000.0,1,1,1,1651000,Volvo S60
Maruti Suzuki,Swift,2015,9,39000.0,0,0,0,445000,Maruti Suzuki Swift
Kia,Seltos,2020,4,45759.0,1,0,0,1346000,Kia Seltos
Hyundai,EON,2013,11,41258.0,0,1,0,195000,Hyundai EON
Maruti Suzuki,Ertiga,2013,11,120000.0,0,1,2,350000,Maruti Suzuki Ertiga
Maruti Suzuki,Wagon-R,2014,10,95000.0,0,1,2,299999,Maruti Suzuki Wagon-R
Nissan,Micra Active,2013,11,98530.0,0,0,0,245000,Nissan Micra Active
Land Rover,Range Rover Sport,2019,5,89000.0,1,1,1,8300000,Land Rover Range Rover Sport
Honda,City,2017,7,75000.0,1,1,0,765000,Honda City
Tata,Altroz,2022,2,12000.0,0,0,0,660000,Tata Altroz
Toyota,Corolla Altis,2011,13,81000.0,1,1,2,425000,Toyota Corolla Altis
Maruti Suzuki,Wagon-R,2018,6,114000.0,0,1,2,290000,Maruti Suzuki Wagon-R
Maruti Suzuki,Omni,2007,17,75000.0,1,0,2,87000,Maruti Suzuki Omni
Toyota,Fortuner,2011,13,89000.0,0,1,1,1050000,Toyota Fortuner
Volkswagen,Ameo,2017,7,51000.0,0,1,0,340000,Volkswagen Ameo
Nissan,Micra,2017,7,75000.0,1,1,2,290000,Nissan Micra
Maruti Suzuki,Swift,2015,9,65000.0,0,0,2,460000,Maruti Suzuki Swift
Skoda,Rapid,2015,9,77000.0,1,1,1,395000,Skoda Rapid
Maruti Suzuki,Wagon-R,2016,8,75000.0,0,0,2,315000,Maruti Suzuki Wagon-R
Renault,Triber,2021,3,36250.0,0,0,0,575000,Renault Triber
Hyundai,i10,2010,14,105000.0,0,1,0,130000,Hyundai i10
Maruti Suzuki,Swift-Dzire,2017,7,124000.0,0,1,1,515000,Maruti Suzuki Swift-Dzire
Maruti Suzuki,Alto,2017,7,164963.0,1,0,2,750000,Maruti Suzuki Alto
Mahindra,Thar,2022,2,40000.0,0,0,1,1420000,Mahindra Thar
Toyota,Etios Liva,2016,8,110000.0,0,1,0,430000,Toyota Etios Liva
Hyundai,Xcent Prime,2018,6,66200.0,0,1,2,320000,Hyundai Xcent Prime
Maruti Suzuki,Wagon-R,2017,7,53000.0,1,0,2,465000,Maruti Suzuki Wagon-R
Nissan,Sunny,2013,11,70000.0,0,0,1,320000,Nissan Sunny
Renault,Triber,2020,4,26700.0,1,0,0,624999,Renault Triber
Maruti Suzuki,Ertiga,2022,2,54000.0,0,0,2,1125000,Maruti Suzuki Ertiga
Maruti Suzuki,Swift-Dzire,2014,10,,0,1,1,410000,Maruti Suzuki Swift-Dzire
Hyundai,Santro Xing,2014,10,81000.0,0,1,2,190000,Hyundai Santro Xing
Maruti Suzuki,800,2009,15,71000.0,0,1,0,145000,Maruti Suzuki 800
Hyundai,Accent,2011,13,149000.0,1,1,2,110000,Hyundai Accent
Renault,KWID,2020,4,65000.0,0,0,0,305000,Renault KWID
Hyundai,New i20,2010,14,55000.0,1,1,2,220000,Hyundai New i20
Maruti Suzuki,Ertiga,2015,9,125000.0,1,1,2,600000,Maruti Suzuki Ertiga
Mahindra,KUV 100,2016,8,76000.0,0,0,1,325000,Mahindra KUV 100
Maruti Suzuki,A-Star,2011,13,57327.0,1,1,2,135000,Maruti Suzuki A-Star
Hyundai,New Santro,2019,5,41000.0,0,0,0,425000,Hyundai New Santro
Porsche,Cayman,2014,10,7000.0,1,0,0,8400000,Porsche Cayman
Audi,Q3,2015,9,50000.0,1,1,1,1575000,Audi Q3
Maruti Suzuki,Ignis,2021,3,31000.0,0,0,0,520000,Maruti Suzuki Ignis
BMW,X1,2013,11,90000.0,1,1,1,899000,BMW X1
Hyundai,i10,2011,13,34799.0,0,0,0,345000,Hyundai i10
Hyundai,Grand i10,2016,8,65000.0,0,0,0,400000,Hyundai Grand i10
Maruti Suzuki,Ignis,2018,6,105000.0,1,1,2,380000,Maruti Suzuki Ignis
Kia,Seltos,2022,2,27300.0,1,1,0,1295000,Kia Seltos
Maruti Suzuki,Ertiga,2017,7,70000.0,1,0,0,795000,Maruti Suzuki Ertiga
Maruti Suzuki,Wagon-R-1-0,2016,8,29750.0,0,1,2,335000,Maruti Suzuki Wagon-R-1-0
BMW,X1,2019,5,49000.0,1,0,1,2550000,BMW X1
Mercedes-Benz,S-Class,2015,9,72000.0,1,1,0,4211000,Mercedes-Benz S-Class
Maruti Suzuki,Swift-Dzire,2015,9,100000.0,1,1,2,300000,Maruti Suzuki Swift-Dzire
Volkswagen,Polo,2016,8,149000.0,0,1,1,675000,Volkswagen Polo
Hyundai,Grand i10,2014,10,82310.0,0,1,0,360000,Hyundai Grand i10
Nissan,Micra,2010,14,72900.0,0,0,2,275000,Nissan Micra
Maruti Suzuki,Eeco,2019,5,760000.0,0,1,2,290000,Maruti Suzuki Eeco
Hyundai,Creta,2016,8,68000.0,1,1,1,1050000,Hyundai Creta
BMW,5 Series,2016,8,47000.0,1,1,1,2500000,BMW 5 Series
Toyota,Corolla Altis,2013,11,120000.0,1,1,2,450000,Toyota Corolla Altis
Toyota,Etios,2015,9,202000.0,0,1,1,450000,Toyota Etios
Toyota,Corolla,2006,18,78374.0,0,1,2,145000,Toyota Corolla
Maruti Suzuki,Swift-Dzire,2018,6,128000.0,1,0,1,670000,Maruti Suzuki Swift-Dzire
Maruti Suzuki,Alto-800,2016,8,80000.0,0,1,2,250000,Maruti Suzuki Alto-800
Honda,Brio,2013,11,46000.0,1,1,0,299000,Honda Brio
BMW,X3,2020,4,76500.0,1,0,1,4450000,BMW X3
Toyota,Corolla Altis,2014,10,89000.0,0,0,1,585000,Toyota Corolla Altis
Ford,Ecosport,2016,8,81000.0,0,1,1,500000,Ford Ecosport
Toyota,Innova,2013,11,180555.0,0,1,1,1075000,Toyota Innova
Renault,KWID,2017,7,61500.0,0,1,0,320000,Renault KWID
Maruti Suzuki,Wagon R,2011,13,88000.0,0,1,2,175000,Maruti Suzuki Wagon R
Mercedes-Benz,CLS-Class,2015,9,82000.0,1,1,1,2450000,Mercedes-Benz CLS-Class
Maruti Suzuki,S-Presso,2019,5,59000.0,1,0,0,475000,Maruti Suzuki S-Presso
Maruti Suzuki,Ertiga,2016,8,41000.0,0,1,0,750000,Maruti Suzuki Ertiga
Maruti Suzuki,A-Star,2024,0,180000.0,0,1,2,65000,Maruti Suzuki A-Star
Nissan,Sunny,2014,10,98400.0,0,1,1,345000,Nissan Sunny
Maruti Suzuki,Ciaz,2022,2,26000.0,1,1,0,1000000,Maruti Suzuki Ciaz
Volkswagen,Polo,2011,13,65000.0,0,1,1,240000,Volkswagen Polo
Hyundai,New i20,2014,10,49000.0,0,1,2,450000,Hyundai New i20
Tata,Indigo Ecs,2016,8,15.0,1,0,2,150000,Tata Indigo Ecs
Volvo,S90,2022,2,20591.0,1,0,2,5275000,Volvo S90
Maruti Suzuki,maruti-suzuki-dzire,2018,6,104000.0,1,0,1,695000,Maruti Suzuki maruti-suzuki-dzire
Mahindra,XUV500,2018,6,65000.0,0,0,1,970000,Mahindra XUV500
Honda,City,2009,15,80000.0,1,1,2,275000,Honda City
Skoda,Rapid,2018,6,54000.0,1,0,1,945000,Skoda Rapid
Hyundai,i20,2015,9,38000.0,0,0,0,500000,Hyundai i20
Toyota,Corolla Altis,2013,11,106000.0,1,1,2,450000,Toyota Corolla Altis
Hyundai,New Santro,2019,5,123000.0,1,0,2,310000,Hyundai New Santro
Kia,Carnival,2022,2,30000.0,1,0,1,3850000,Kia Carnival
Toyota,Innova,2015,9,160000.0,0,1,1,1250000,Toyota Innova
Kia,Sonet,2021,3,65000.0,1,0,1,975000,Kia Sonet
Maruti Suzuki,Ertiga,2023,1,9990.0,1,0,2,1100000,Maruti Suzuki Ertiga
Maruti Suzuki,Swift-Dzire,2011,13,76000.0,0,0,2,200000,Maruti Suzuki Swift-Dzire
Maruti Suzuki,Baleno,2019,5,61000.0,1,0,0,645000,Maruti Suzuki Baleno
Toyota,Fortuner,2023,1,7900.0,1,0,1,4575000,Toyota Fortuner
Maruti Suzuki,Ertiga,2017,7,50000.0,0,1,2,796000,Maruti Suzuki Ertiga
Mercedes-Benz,GLA,2019,5,30000.0,1,1,1,2499999,Mercedes-Benz GLA
Audi,A3,2016,8,99000.0,1,1,1,949000,Audi A3
Maruti Suzuki,Wagon-R,2020,4,65874.0,0,1,2,490000,Maruti Suzuki Wagon-R
Mercedes-Benz,GLS,2018,6,54855.0,1,0,1,6750000,Mercedes-Benz GLS
Maruti Suzuki,S-Presso,2022,2,170000.0,1,0,2,170000,Maruti Suzuki S-Presso
Jaguar,F-Pace,2018,6,35000.0,1,0,1,3200000,Jaguar F-Pace
Maruti Suzuki,Baleno,2018,6,72000.0,0,0,2,525000,Maruti Suzuki Baleno
Mercedes-Benz,E-Class,2012,12,118000.0,1,1,1,785000,Mercedes-Benz E-Class
Maruti Suzuki,Brezza,2020,4,95000.0,1,0,0,751000,Maruti Suzuki Brezza
Toyota,Corolla Altis,2008,16,92000.0,1,1,2,270000,Toyota Corolla Altis
Maruti Suzuki,Wagon-R,2012,12,110000.0,1,1,2,105000,Maruti Suzuki Wagon-R
Maruti Suzuki,Wagon-R-1-0,2020,4,48963.0,0,0,2,470000,Maruti Suzuki Wagon-R-1-0
Volkswagen,CrossPolo,2014,10,104600.0,0,1,1,475000,Volkswagen CrossPolo
Hyundai,i10,2010,14,80000.0,1,1,2,230000,Hyundai i10
Maruti Suzuki,Vitara-Brezza,2019,5,65000.0,0,0,1,399999,Maruti Suzuki Vitara-Brezza
Maruti Suzuki,Vitara Brezza,2017,7,94000.0,1,1,1,799000,Maruti Suzuki Vitara Brezza
Skoda,Rapid,2017,7,83000.0,0,0,1,550000,Skoda Rapid
Volvo,S60,2015,9,59000.0,1,0,1,1050000,Volvo S60
Honda,Amaze,2015,9,102000.0,1,0,2,400000,Honda Amaze
Maruti Suzuki,Eeco,2017,7,142000.0,1,1,2,340000,Maruti Suzuki Eeco
Hyundai,Elantra,2017,7,84000.0,1,1,2,935000,Hyundai Elantra
Honda,Civic,2013,11,78000.0,1,1,2,425000,Honda Civic
Maruti Suzuki,Ertiga,2015,9,5656.0,0,0,1,300000,Maruti Suzuki Ertiga
Honda,Civic,2008,16,98000.0,1,1,0,350000,Honda Civic
Ford,Aspire,2018,6,32000.0,0,0,0,500000,Ford Aspire
Honda,Amaze,2019,5,30500.0,1,1,0,642000,Honda Amaze
Hyundai,Creta,2023,1,8394.0,0,0,0,1437000,Hyundai Creta
Tata,Safari,2010,14,60565.0,0,1,1,280000,Tata Safari
Maruti Suzuki,Celerio,2019,5,68000.0,0,1,2,410000,Maruti Suzuki Celerio
Audi,Q7,2016,8,69000.0,1,1,1,2950000,Audi Q7
Hyundai,Aura,2021,3,68000.0,0,0,2,695000,Hyundai Aura
Hyundai,Grand i10,2019,5,49000.0,0,1,2,535000,Hyundai Grand i10
Audi,Q3,2015,9,73000.0,1,0,1,999000,Audi Q3
Toyota,Innova,2014,10,125000.0,0,1,1,750000,Toyota Innova
Maruti Suzuki,Eeco,2010,14,123300.0,1,1,2,180000,Maruti Suzuki Eeco
Maruti Suzuki,Swift,2018,6,79000.0,0,0,1,670000,Maruti Suzuki Swift
Maruti Suzuki,Swift,2012,12,89000.0,0,0,1,243000,Maruti Suzuki Swift
Maruti Suzuki,Celerio,2019,5,78000.0,0,0,2,425000,Maruti Suzuki Celerio
Hyundai,Grand i10,2014,10,62000.0,0,1,0,395000,Hyundai Grand i10
Mahindra,Thar,2023,1,49000.0,0,0,1,1575000,Mahindra Thar
Renault,KWID,2020,4,68000.0,1,0,2,325000,Renault KWID
Honda,WRV,2017,7,84000.0,0,1,0,550000,Honda WRV
Maruti Suzuki,Celerio,2014,10,180000.0,1,1,2,300000,Maruti Suzuki Celerio
Volvo,XC40,2019,5,76000.0,1,0,1,2975000,Volvo XC40
Mercedes-Benz,GLE Class,2017,7,150000.0,1,0,1,2750000,Mercedes-Benz GLE Class
Hyundai,Grand i10,2016,8,82000.0,0,1,0,300000,Hyundai Grand i10
BMW,3 Series,2012,12,85000.0,1,0,1,800000,BMW 3 Series
Mercedes-Benz,AMG A35,2023,1,10000.0,1,0,0,5500000,Mercedes-Benz AMG A35
BMW,X1,2019,5,49000.0,1,0,1,2550000,BMW X1
BMW,X1,2018,6,43000.0,1,0,1,2300000,BMW X1
Maruti Suzuki,Ertiga,2012,12,105000.0,0,1,2,450000,Maruti Suzuki Ertiga
Lexus,LX,2018,6,27000.0,1,1,1,17500000,Lexus LX
Mahindra,Scorpio,2008,16,203045.0,0,0,1,390001,Mahindra Scorpio
Maruti Suzuki,Baleno,2017,7,50000.0,0,1,2,500000,Maruti Suzuki Baleno
Hyundai,Xcent,2016,8,135000.0,0,0,1,295000,Hyundai Xcent
Maruti Suzuki,Swift-Dzire,2022,2,69000.0,0,0,0,665000,Maruti Suzuki Swift-Dzire
Volkswagen,VentoTest,2013,11,62000.0,1,1,0,325000,Volkswagen VentoTest
Chevrolet,Optra Magnum,2011,13,70000.0,0,1,2,199000,Chevrolet Optra Magnum
Toyota,Corolla Altis,2014,10,110000.0,1,0,2,610000,Toyota Corolla Altis
Ford,Ecosport,2015,9,68530.0,0,1,1,325000,Ford Ecosport
Mahindra,Thar,2021,3,10000.0,1,1,0,1345000,Mahindra Thar
Mercedes-Benz,E-Class,2020,4,42349.0,1,1,1,3790000,Mercedes-Benz E-Class
Maruti Suzuki,Wagon-R-1-0,2017,7,62000.0,1,1,2,340000,Maruti Suzuki Wagon-R-1-0
Maruti Suzuki,Baleno,2017,7,35866.0,1,0,2,499536,Maruti Suzuki Baleno
Renault,Fluence,2015,9,78000.0,0,0,1,450000,Renault Fluence
Maruti Suzuki,Baleno,2024,0,16500.0,1,0,2,900000,Maruti Suzuki Baleno
Maruti Suzuki,Celerio,2015,9,65000.0,1,1,0,399000,Maruti Suzuki Celerio
Volvo,S60 Cross Country,2018,6,43000.0,1,0,1,1890000,Volvo S60 Cross Country
Maruti Suzuki,Swift-Dzire,2011,13,80000.0,0,1,1,190000,Maruti Suzuki Swift-Dzire
Hyundai,Alcazar,2023,1,28000.0,1,1,1,1925000,Hyundai Alcazar
Honda,Amaze,2019,5,60000.0,0,1,2,535000,Honda Amaze
Skoda,Rapid,2015,9,71000.0,0,0,1,399000,Skoda Rapid
Maruti Suzuki,Ertiga,2022,2,46000.0,1,0,2,1175000,Maruti Suzuki Ertiga
Maruti Suzuki,Ertiga,2019,5,150000.0,1,1,2,650000,Maruti Suzuki Ertiga
Hyundai,Grand i10,2017,7,100500.0,0,1,1,345000,Hyundai Grand i10
Maruti Suzuki,Ertiga,2022,2,52000.0,0,0,0,1175000,Maruti Suzuki Ertiga
Hyundai,i10,2017,7,57452.0,0,0,0,490000,Hyundai i10
Hyundai,Elantra,2017,7,37000.0,1,0,0,1240000,Hyundai Elantra
Tata,Nexon,2021,3,24000.0,1,0,0,925000,Tata Nexon
Maruti Suzuki,Wagon-R,2013,11,126800.0,0,1,0,360000,Maruti Suzuki Wagon-R
Mahindra,XUV500,2016,8,81000.0,0,1,1,699000,Mahindra XUV500
Tata,Indica Vista,2009,15,120000.0,0,1,1,130000,Tata Indica Vista
Maruti Suzuki,Alto-800,2013,11,75000.0,0,0,2,235000,Maruti Suzuki Alto-800
Hyundai,i10,2011,13,75000.0,0,1,0,245000,Hyundai i10
Tata,Safari,2010,14,160000.0,0,1,1,280000,Tata Safari
Honda,CRV,2011,13,90000.0,1,1,0,399999,Honda CRV
Maruti Suzuki,Grand Vitara,2024,0,2000.0,0,0,2,1450000,Maruti Suzuki Grand Vitara
Maruti Suzuki,Eeco,2021,3,170000.0,1,0,2,370000,Maruti Suzuki Eeco
Maruti Suzuki,Swift Dzire,2014,10,25300.0,0,0,1,574000,Maruti Suzuki Swift Dzire
Toyota,Innova Crysta,2021,3,77000.0,1,0,1,2651000,Toyota Innova Crysta
Honda,City,2011,13,75875.0,1,1,0,295000,Honda City
Toyota,Corolla Altis,2009,15,120000.0,0,1,2,210000,Toyota Corolla Altis
Hyundai,Grand i10 Nios,2021,3,62457.0,0,0,2,565000,Hyundai Grand i10 Nios
Honda,WRV,2020,4,650000.0,0,0,1,49000,Honda WRV
BMW,M340i,2022,2,500.0,1,0,0,6550000,BMW M340i
Maruti Suzuki,Swift,2006,18,100000.0,0,1,0,210000,Maruti Suzuki Swift
Ford,Figo,2013,11,99000.0,0,0,1,180000,Ford Figo
Maruti Suzuki,Celerio,2018,6,58000.0,1,1,0,530000,Maruti Suzuki Celerio
Hyundai,Creta,2016,8,74000.0,1,1,2,850000,Hyundai Creta
Maruti Suzuki,Wagon-R,2015,9,51000.0,0,0,0,240000,Maruti Suzuki Wagon-R
Maruti Suzuki,Swift,2012,12,62816.0,1,0,0,435000,Maruti Suzuki Swift
Mahindra,Thar,2023,1,40000.0,0,0,1,1380000,Mahindra Thar
Maruti Suzuki,Celerio,2017,7,49000.0,0,1,0,360000,Maruti Suzuki Celerio
Maruti Suzuki,maruti-suzuki-dzire,2018,6,34200.0,1,0,2,590000,Maruti Suzuki maruti-suzuki-dzire
Maruti Suzuki,Celerio,2014,10,72000.0,1,0,0,345000,Maruti Suzuki Celerio
Maruti Suzuki,Swift-Dzire,2018,6,58000.0,1,0,2,555000,Maruti Suzuki Swift-Dzire
Maruti Suzuki,Swift-Dzire,2024,0,37500.0,1,0,2,300000,Maruti Suzuki Swift-Dzire
Maruti Suzuki,Swift-Dzire,2014,10,83000.0,0,0,2,470000,Maruti Suzuki Swift-Dzire
Maruti Suzuki,Swift,2009,15,175000.0,0,1,2,115000,Maruti Suzuki Swift
Mercedes-Benz,E-Class,2020,4,40000.0,1,0,0,4000000,Mercedes-Benz E-Class
Maruti Suzuki,Celerio,2016,8,110000.0,1,1,2,299000,Maruti Suzuki Celerio
Hyundai,Xcent,2017,7,45000.0,0,0,0,395000,Hyundai Xcent
Mahindra,XUV500,2017,7,58100.0,1,1,1,1260000,Mahindra XUV500
Nissan,Micra,2011,13,95000.0,0,1,0,265000,Nissan Micra
Jeep,Compass,2018,6,80000.0,0,1,1,750000,Jeep Compass
Maruti Suzuki,Wagon-R,2012,12,77000.0,0,1,2,265000,Maruti Suzuki Wagon-R
Tata,Tiago,2022,2,37000.0,0,0,2,650000,Tata Tiago
Hyundai,Xcent,2014,10,62500.0,0,0,0,284999,Hyundai Xcent
Toyota,Innova Crysta,2020,4,40000.0,1,0,1,1750000,Toyota Innova Crysta
Maruti Suzuki,Swift,2020,4,65000.0,0,0,2,525000,Maruti Suzuki Swift
Maruti Suzuki,Swift-Dzire,2022,2,25000.0,1,0,2,825000,Maruti Suzuki Swift-Dzire
Ford,Figo,2011,13,70000.0,0,1,1,195000,Ford Figo
Mercedes-Benz,GLA Class,2018,6,78900.0,1,0,1,2000000,Mercedes-Benz GLA Class
Maruti Suzuki,Wagon-R,2014,10,58000.0,0,0,2,249000,Maruti Suzuki Wagon-R
Mahindra,Bolero,2014,10,111000.0,0,0,1,700000,Mahindra Bolero
Maruti Suzuki,Celerio,2018,6,26000.0,0,0,2,490000,Maruti Suzuki Celerio
Maruti Suzuki,Wagon-R,2012,12,121981.0,1,1,2,160000,Maruti Suzuki Wagon-R
Maruti Suzuki,Swift-Dzire,2022,2,33.0,0,0,2,880000,Maruti Suzuki Swift-Dzire
Renault,Triber,2020,4,27800.0,0,0,0,520000,Renault Triber
Toyota,Camry,2014,10,63000.0,1,1,2,1011111,Toyota Camry
Tata,Nano,2015,9,22000.0,1,1,0,269000,Tata Nano
Mercedes-Benz,E-Class,2018,6,55000.0,1,0,0,4400000,Mercedes-Benz E-Class
Renault,Duster,2014,10,152.0,0,1,1,450000,Renault Duster
Toyota,Innova Hycross,2024,0,0.0,1,0,2,3800000,Toyota Innova Hycross
BMW,5 Series,2011,13,79000.0,1,0,1,1275000,BMW 5 Series
Volkswagen,Taigun,2021,3,59084.0,1,0,0,1565000,Volkswagen Taigun
Maruti Suzuki,Ertiga,2013,11,76000.0,0,1,2,525000,Maruti Suzuki Ertiga
Volkswagen,GTI,2016,8,75000.0,1,1,0,530000,Volkswagen GTI
Maruti Suzuki,Wagon-R,2016,8,73860.0,1,1,2,317000,Maruti Suzuki Wagon-R
Honda,Brio,2014,10,72000.0,1,0,0,525000,Honda Brio
Toyota,Etios Liva,2018,6,67000.0,0,0,2,490000,Toyota Etios Liva
Hyundai,Grand i10,2015,9,68000.0,0,1,1,310000,Hyundai Grand i10
Toyota,Fortuner,2022,2,11500.0,1,0,0,3600000,Toyota Fortuner
Tata,Nano,2014,10,45000.0,0,1,0,85000,Tata Nano
Maruti Suzuki,Wagon-R-1-0,2015,9,80000.0,0,1,2,255000,Maruti Suzuki Wagon-R-1-0
Honda,Amaze,2015,9,97422.0,0,1,1,350000,Honda Amaze
BMW,X1,2011,13,57000.0,1,1,0,599999,BMW X1
Maruti Suzuki,Baleno,2021,3,42470.0,0,0,0,725000,Maruti Suzuki Baleno
Hyundai,Elite i20,2014,10,91000.0,0,1,1,450000,Hyundai Elite i20
Hyundai,Grand i10,2014,10,100000.0,1,1,1,350000,Hyundai Grand i10
Maruti Suzuki,Celerio,2022,2,99999.0,0,1,2,530000,Maruti Suzuki Celerio
Hyundai,Verna,2019,5,68580.0,1,1,0,850000,Hyundai Verna
Mahindra,XUV500,2017,7,71000.0,1,0,1,745000,Mahindra XUV500
Hyundai,Grand i10,2014,10,60000.0,0,1,2,350000,Hyundai Grand i10
Tata,Indica Vista,2009,15,113000.0,0,1,1,225000,Tata Indica Vista
Hyundai,Getz,2007,17,100.0,0,0,0,100000,Hyundai Getz
Audi,A6,2016,8,42000.0,1,0,0,2450000,Audi A6
BMW,7 Series,2023,1,7000.0,1,0,0,18500000,BMW 7 Series
Honda,Amaze,2017,7,107000.0,1,1,2,285000,Honda Amaze
Maruti Suzuki,Alto,2010,14,48552.0,0,0,0,178000,Maruti Suzuki Alto
Hyundai,Venue,2022,2,20596.0,0,0,1,1090000,Hyundai Venue
Datsun,RediGO,2018,6,45125.0,0,0,0,235000,Datsun RediGO
Maruti Suzuki,Wagon-R,2020,4,65000.0,1,0,2,480000,Maruti Suzuki Wagon-R
Maruti Suzuki,Eeco,2022,2,15000.0,1,0,2,550000,Maruti Suzuki Eeco
Honda,Amaze,2014,10,58000.0,0,1,0,250000,Honda Amaze
Honda,Mobilio,2014,10,80000.0,0,1,2,430000,Honda Mobilio
Mahindra,Verito,2012,12,220000.0,0,1,1,240000,Mahindra Verito
Maruti Suzuki,Swift-Dzire,2012,12,80000.0,1,0,0,375000,Maruti Suzuki Swift-Dzire
Hyundai,Santro Xing,2010,14,41250.0,0,1,0,95000,Hyundai Santro Xing
Volkswagen,Polo,2017,7,47513.0,0,0,0,630000,Volkswagen Polo
Skoda,Kushaq,2021,3,36000.0,1,0,0,1490000,Skoda Kushaq
Hyundai,Creta,2022,2,44000.0,1,0,1,1690000,Hyundai Creta
Hyundai,Elite i20,2016,8,82000.0,0,0,1,625000,Hyundai Elite i20
Honda,Amaze,2015,9,103000.0,1,0,2,400000,Honda Amaze
Maruti Suzuki,A-Star,2011,13,67000.0,0,1,0,235000,Maruti Suzuki A-Star
Maruti Suzuki,Alto-K10,2017,7,82000.0,0,0,2,350000,Maruti Suzuki Alto-K10
Maruti Suzuki,Estilo,2012,12,85000.0,1,1,2,110000,Maruti Suzuki Estilo
Honda,Civic,2010,14,80000.0,1,1,2,250000,Honda Civic
Hyundai,Grand i10 Nios,2022,2,50000.0,0,0,2,639999,Hyundai Grand i10 Nios
Mahindra,Thar,2022,2,13800.0,0,1,1,1250000,Mahindra Thar
Maruti Suzuki,Eeco,2013,11,30.0,1,1,2,120000,Maruti Suzuki Eeco
Mahindra,Thar,2022,2,21700.0,1,1,1,1475000,Mahindra Thar
Honda,WRV,2017,7,68000.0,0,0,0,475000,Honda WRV
Renault,KWID,2020,4,55000.0,1,1,2,325000,Renault KWID
Honda,City,2017,7,74000.0,1,1,0,765000,Honda City
Honda,Jazz,2015,9,53000.0,1,1,0,449999,Honda Jazz
Maruti Suzuki,Wagon-R,2017,7,61200.0,0,0,2,385000,Maruti Suzuki Wagon-R
Maruti Suzuki,Eeco,2017,7,63000.0,0,0,2,440000,Maruti Suzuki Eeco
Maruti Suzuki,Ignis,2018,6,25000.0,1,0,0,425000,Maruti Suzuki Ignis
Hyundai,Verna,2014,10,60000.0,0,1,2,399000,Hyundai Verna
Maruti Suzuki,Alto 800,2018,6,72000.0,0,0,0,320000,Maruti Suzuki Alto 800
Honda,City,2015,9,52000.0,1,0,0,599000,Honda City
Maruti Suzuki,Baleno,2016,8,69000.0,1,1,2,489999,Maruti Suzuki Baleno
Maruti Suzuki,Ertiga,2019,5,60000.0,1,0,0,950000,Maruti Suzuki Ertiga
Maruti Suzuki,Baleno,2016,8,77500.0,1,1,2,489999,Maruti Suzuki Baleno
Maruti Suzuki,XL6,2023,1,10000.0,0,0,2,1250000,Maruti Suzuki XL6
Toyota,Camry,2016,8,100906.0,1,0,0,1575000,Toyota Camry
Renault,Triber,2022,2,54000.0,1,0,0,725000,Renault Triber
Toyota,Glanza,2021,3,16500.0,1,1,0,840000,Toyota Glanza
Maruti Suzuki,Wagon-R,2020,4,68000.0,0,1,0,49999,Maruti Suzuki Wagon-R
BMW,X5 M,2016,8,78000.0,1,1,1,2349000,BMW X5 M
Maruti Suzuki,Ritz,2011,13,180000.0,0,0,1,320000,Maruti Suzuki Ritz
Hyundai,Grand i10,2018,6,35933.0,1,0,0,560001,Hyundai Grand i10
Maruti Suzuki,Wagon-R,2017,7,77000.0,0,0,2,420000,Maruti Suzuki Wagon-R
Maruti Suzuki,S-Presso,2023,1,20000.0,1,0,2,600000,Maruti Suzuki S-Presso
Mahindra,XUV 300,2022,2,14555.0,1,0,1,1095000,Mahindra XUV 300
Maruti Suzuki,Celerio,2018,6,49000.0,1,0,0,505000,Maruti Suzuki Celerio
Mahindra,XUV 300,2022,2,69000.0,0,0,1,1050000,Mahindra XUV 300
Maruti Suzuki,Ertiga,2018,6,72000.0,0,1,2,690000,Maruti Suzuki Ertiga
Toyota,Corolla Altis,2011,13,70000.0,0,1,2,240000,Toyota Corolla Altis
Maruti Suzuki,Ertiga,2021,3,67000.0,0,0,2,1080000,Maruti Suzuki Ertiga
Toyota,Innova,2008,16,117815.0,0,0,1,735000,Toyota Innova
Honda,Amaze,2017,7,81000.0,0,0,2,375000,Honda Amaze
Hyundai,Santro Xing,2009,15,65000.0,0,0,0,210000,Hyundai Santro Xing
Toyota,Etios,2016,8,78000.0,0,1,2,399999,Toyota Etios
Maruti Suzuki,Alto-800,2019,5,86000.0,0,0,2,299000,Maruti Suzuki Alto-800
Skoda,Rapid,2016,8,78000.0,1,0,1,650000,Skoda Rapid
Toyota,Yaris,2019,5,34750.0,1,0,0,650000,Toyota Yaris
Hyundai,i10,2007,17,79000.0,0,1,2,160000,Hyundai i10
Jeep,Compass,2019,5,52500.0,1,1,0,1300000,Jeep Compass
Hyundai,Eon,2013,11,65000.0,0,1,0,225000,Hyundai Eon
Maruti Suzuki,Baleno,2020,4,32000.0,0,0,0,690000,Maruti Suzuki Baleno
Volkswagen,VentoTest,2016,8,115000.0,1,1,1,640000,Volkswagen VentoTest
BMW,3 Series GT,2016,8,64000.0,1,0,1,2149000,BMW 3 Series GT
Toyota,Innova,2014,10,225000.0,0,1,1,925000,Toyota Innova
Mercedes-Benz,E-Class,2015,9,70000.0,1,1,1,1450000,Mercedes-Benz E-Class
Maruti Suzuki,Swift,2007,17,,1,1,2,118000,Maruti Suzuki Swift
BMW,3 Series,2012,12,105000.0,1,0,1,990000,BMW 3 Series
Maruti Suzuki,Vitara-Brezza,2018,6,68445.0,0,0,1,590000,Maruti Suzuki Vitara-Brezza
Hyundai,New Santro,2007,17,50000.0,1,0,2,52999,Hyundai New Santro
Maruti Suzuki,Ertiga,2017,7,58680.0,0,1,2,675000,Maruti Suzuki Ertiga
Honda,Amaze,2014,10,87000.0,0,1,0,315000,Honda Amaze
Hyundai,Elite i20,2021,3,55000.0,0,0,0,625000,Hyundai Elite i20
Maruti Suzuki,Swift-Dzire,2013,11,113000.0,0,0,2,399000,Maruti Suzuki Swift-Dzire
Maruti Suzuki,Wagon-R-1-0,2021,3,38000.0,0,0,2,559000,Maruti Suzuki Wagon-R-1-0
Volkswagen,Polo,2012,12,81000.0,0,0,0,350000,Volkswagen Polo
Maruti Suzuki,Ertiga,2021,3,53885.0,1,0,2,1090000,Maruti Suzuki Ertiga
Hyundai,Fluidic Verna,2013,11,68000.0,1,1,2,355000,Hyundai Fluidic Verna
Maruti Suzuki,Swift,2011,13,54001.0,0,0,2,351000,Maruti Suzuki Swift
Maruti Suzuki,Ertiga,2023,1,48000.0,0,0,2,1000000,Maruti Suzuki Ertiga
Maruti Suzuki,Eeco,2012,12,150000.0,1,1,2,200000,Maruti Suzuki Eeco
Jeep,Compass,2019,5,46000.0,1,0,0,1390000,Jeep Compass
Honda,City,2015,9,69000.0,1,0,2,525000,Honda City
Maruti Suzuki,Ciaz,2017,7,83000.0,1,0,2,550000,Maruti Suzuki Ciaz
Hyundai,Aura,2022,2,59000.0,1,0,2,680000,Hyundai Aura
Hyundai,Santro Xing,2008,16,63900.0,0,1,0,135000,Hyundai Santro Xing
BMW,X4,2022,2,9000.0,1,1,0,7200000,BMW X4
Maruti Suzuki,Swift,2015,9,76000.0,0,0,2,355000,Maruti Suzuki Swift
Volkswagen,CrossPolo,2015,9,40000.0,0,1,1,399000,Volkswagen CrossPolo
Skoda,Rapid,2013,11,85000.0,0,1,1,325000,Skoda Rapid
Skoda,Slavia,2024,0,13000.0,0,0,0,1200000,Skoda Slavia
Honda,CRV,2016,8,110000.0,1,0,0,1325000,Honda CRV
Maruti Suzuki,Baleno,2017,7,31853.0,1,0,2,529000,Maruti Suzuki Baleno
Toyota,Etios,2011,13,162000.0,0,0,0,250000,Toyota Etios
Maruti Suzuki,Wagon-R,2015,9,92600.0,1,1,2,260000,Maruti Suzuki Wagon-R
BMW,3 Series,2014,10,55468.0,1,0,1,1545000,BMW 3 Series
Mahindra,Thar,2021,3,65000.0,1,1,1,1295000,Mahindra Thar
Audi,Q5,2011,13,103000.0,1,1,1,851000,Audi Q5
Tata,Tiago,2018,6,58526.0,0,0,2,339000,Tata Tiago
Nissan,Terrano,2017,7,84000.0,1,1,1,755000,Nissan Terrano
Toyota,Innova,2013,11,135000.0,0,1,1,694999,Toyota Innova
Maruti Suzuki,Omni,2014,10,52000.0,0,1,0,165000,Maruti Suzuki Omni
Skoda,Rapid,2016,8,40000.0,0,0,0,449000,Skoda Rapid
Mercedes-Benz,GL-Class,2018,6,72000.0,1,1,1,4800000,Mercedes-Benz GL-Class
Maruti Suzuki,Eeco,2019,5,62400.0,0,0,2,470000,Maruti Suzuki Eeco
Toyota,Innova Crysta,2021,3,57000.0,1,0,1,2150000,Toyota Innova Crysta
Hyundai,i10,2012,12,67000.0,1,1,0,298000,Hyundai i10
Maruti Suzuki,Baleno,2018,6,78000.0,0,1,2,500000,Maruti Suzuki Baleno
Maruti Suzuki,Celerio,2014,10,42000.0,0,0,0,385000,Maruti Suzuki Celerio
Maruti Suzuki,Celerio,2020,4,114000.0,0,1,2,410000,Maruti Suzuki Celerio
Maruti Suzuki,Celerio-X,2019,5,63205.0,1,0,2,520000,Maruti Suzuki Celerio-X
Hyundai,i20,2011,13,74749.0,0,0,0,149000,Hyundai i20
Maruti Suzuki,Eeco,2011,13,90000.0,0,1,2,211000,Maruti Suzuki Eeco
Maruti Suzuki,Eeco,2020,4,67000.0,0,0,2,425000,Maruti Suzuki Eeco
Hyundai,i10,2010,14,70000.0,0,1,2,260000,Hyundai i10
Maruti Suzuki,Ertiga,2019,5,35000.0,1,1,0,1200000,Maruti Suzuki Ertiga
Tata,Tiago,2018,6,43000.0,1,0,2,540000,Tata Tiago
MG,Hector,2020,4,40000.0,0,1,1,1300000,MG Hector
Maruti Suzuki,Alto-K10,2013,11,90000.0,0,0,0,95000,Maruti Suzuki Alto-K10
Hyundai,Creta,2022,2,75000.0,0,0,1,1300000,Hyundai Creta
Nissan,Micra,2012,12,110000.0,0,1,1,239000,Nissan Micra
Mercedes-Benz,E-Class,2015,9,75000.0,1,0,1,1275000,Mercedes-Benz E-Class
MG,Hector,2023,1,10500.0,1,0,0,2121000,MG Hector
Toyota,Camry,2015,9,115000.0,1,1,2,1251111,Toyota Camry
Chevrolet,Cruze,2014,10,62000.0,1,0,1,435000,Chevrolet Cruze
Renault,KWID,2018,6,34000.0,0,0,0,400000,Renault KWID
Maruti Suzuki,Eeco,2022,2,12080.0,1,0,0,610000,Maruti Suzuki Eeco
Honda,City,2015,9,91386.0,1,1,0,587000,Honda City
Mercedes-Benz,GL-Class,2015,9,71700.0,1,1,1,3200000,Mercedes-Benz GL-Class
Mahindra,XUV500,2017,7,61000.0,0,0,1,875000,Mahindra XUV500
Maruti Suzuki,Wagon-R-1-0,2021,3,42000.0,0,0,2,509900,Maruti Suzuki Wagon-R-1-0
Hyundai,Grand i10,2017,7,57000.0,0,0,2,385000,Hyundai Grand i10
Ford,Figo,2012,12,85000.0,0,1,1,155000,Ford Figo
Maruti Suzuki,Swift,2023,1,5000.0,1,0,2,750000,Maruti Suzuki Swift
Hyundai,Xcent,2018,6,30000.0,0,1,0,445000,Hyundai Xcent
Ford,Ecosport,2018,6,49000.0,0,1,0,689000,Ford Ecosport
Toyota,Innova Crysta,2017,7,140000.0,1,0,1,2100000,Toyota Innova Crysta
Hyundai,Elantra,2018,6,14600.0,1,1,1,1049000,Hyundai Elantra
Renault,KWID,2019,5,,1,1,2,310000,Renault KWID
Tata,Indigo Cs,2011,13,57000.0,0,1,0,180000,Tata Indigo Cs
Hyundai,Grand i10,2017,7,60000.0,0,0,2,410000,Hyundai Grand i10
Hyundai,EON,2015,9,29000.0,0,1,0,237000,Hyundai EON
Honda,City,2008,16,800000.0,1,1,2,150000,Honda City
Mercedes-Benz,G Class,2019,5,59000.0,1,0,0,24900000,Mercedes-Benz G Class
Hyundai,Fluidic Verna,2013,11,79000.0,0,1,1,400000,Hyundai Fluidic Verna
Maruti Suzuki,Baleno,2018,6,70000.0,1,1,2,450000,Maruti Suzuki Baleno
Honda,City,2015,9,725000.0,1,1,0,450000,Honda City
Maruti Suzuki,Eeco,2021,3,60000.0,1,0,2,450000,Maruti Suzuki Eeco
Hyundai,Santro Xing,2010,14,76000.0,0,1,2,80000,Hyundai Santro Xing
Hyundai,Grand i10,2018,6,40000.0,1,0,0,505000,Hyundai Grand i10
Maruti Suzuki,Alto-K10,2017,7,52350.0,1,0,2,299000,Maruti Suzuki Alto-K10
Maruti Suzuki,Swift-Dzire,2010,14,120000.0,0,1,2,200000,Maruti Suzuki Swift-Dzire
Toyota,Corolla Altis,2013,11,82000.0,1,1,2,440000,Toyota Corolla Altis
Hyundai,Grand i10,2016,8,85000.0,0,1,1,465000,Hyundai Grand i10
Kia,Sonet,2021,3,34000.0,1,0,2,899000,Kia Sonet
Honda,City,2013,11,75000.0,0,0,0,395000,Honda City
Honda,City ZX,2007,17,115000.0,0,1,2,113000,Honda City ZX
Mahindra,Xylo,2019,5,86270.0,0,0,1,1025000,Mahindra Xylo
Hyundai,Xcent,2015,9,106000.0,0,0,0,266000,Hyundai Xcent
Mercedes-Benz,E-Class,2010,14,81000.0,1,0,1,650000,Mercedes-Benz E-Class
Volkswagen,VentoTest,2012,12,29900.0,0,0,1,549000,Volkswagen VentoTest
Hyundai,Creta,2020,4,95000.0,0,0,1,1200000,Hyundai Creta
Volkswagen,Tiguan,2018,6,52000.0,1,0,1,1915000,Volkswagen Tiguan
Hyundai,Aura,2020,4,62370.0,1,1,2,675000,Hyundai Aura
Maruti Suzuki,Alto-800,2014,10,147000.0,0,1,2,275000,Maruti Suzuki Alto-800
Maruti Suzuki,Wagon-R,2021,3,65000.0,0,0,2,525000,Maruti Suzuki Wagon-R
BMW,X1,2019,5,48000.0,1,0,1,2195000,BMW X1
Hyundai,Grand i10,2016,8,90000.0,0,0,2,375000,Hyundai Grand i10
Tata,Harrier,2022,2,65550.0,0,0,1,1400000,Tata Harrier
Toyota,Camry,2022,2,42000.0,1,0,0,3450000,Toyota Camry
Maruti Suzuki,maruti-suzuki-dzire,2021,3,88000.0,1,0,0,650000,Maruti Suzuki maruti-suzuki-dzire
Toyota,Corolla Altis,2012,12,51000.0,1,1,2,675000,Toyota Corolla Altis
Honda,City,2015,9,38000.0,1,0,2,650000,Honda City
Maruti Suzuki,Eeco,2015,9,100000.0,0,1,2,365000,Maruti Suzuki Eeco
Hyundai,Creta,2021,3,14125.0,0,0,0,1152000,Hyundai Creta
Toyota,Corolla,2005,19,65000.0,1,1,2,175000,Toyota Corolla
Maruti Suzuki,Wagon R,2010,14,54000.0,0,1,2,195000,Maruti Suzuki Wagon R
Honda,City,2014,10,680000.0,1,1,0,360000,Honda City
Toyota,VELLFIRE,2022,2,17000.0,1,0,0,11800000,Toyota VELLFIRE
Tata,Harrier,2020,4,12000.0,1,0,1,1550000,Tata Harrier
Hyundai,Grand i10,2015,9,114000.0,1,1,0,375000,Hyundai Grand i10
Mini,Cooper Countryman,2022,2,25000.0,1,0,0,3975000,Mini Cooper Countryman
Tata,Indica V2,2016,8,177700.0,0,1,1,135000,Tata Indica V2
Honda,City,2013,11,96000.0,1,1,0,369000,Honda City
Maruti Suzuki,Wagon-R-1-0,2022,2,25000.0,0,1,2,545000,Maruti Suzuki Wagon-R-1-0
BMW,X1,2022,2,26000.0,1,0,0,3990000,BMW X1
BMW,5 Series,2011,13,65000.0,1,1,1,525000,BMW 5 Series
Hyundai,i10,2010,14,55000.0,0,1,2,110000,Hyundai i10
Tata,Nexon,2015,9,45000.0,0,0,2,475000,Tata Nexon
Maruti Suzuki,Ertiga,2020,4,80000.0,1,0,2,680000,Maruti Suzuki Ertiga
Hyundai,i10,2010,14,63000.0,0,1,2,186000,Hyundai i10
Maruti Suzuki,Celerio,2017,7,62000.0,1,1,0,382000,Maruti Suzuki Celerio
Volvo,S60,2016,8,51000.0,1,1,1,1800000,Volvo S60
Mercedes-Benz,C-Class,2017,7,33000.0,1,1,0,5800000,Mercedes-Benz C-Class
Maruti Suzuki,Baleno,2017,7,69000.0,1,0,0,685000,Maruti Suzuki Baleno
Honda,City,2010,14,92000.0,0,0,2,125000,Honda City
BMW,5 Series,2016,8,47000.0,1,1,1,2500000,BMW 5 Series
Hyundai,Xcent Prime,2018,6,180000.0,0,0,2,260000,Hyundai Xcent Prime
Tata,Nexon,2021,3,24000.0,0,0,0,780000,Tata Nexon
Mahindra,TUV,2015,9,8500.0,0,0,1,350000,Mahindra TUV
Renault,KWID,2020,4,71200.0,1,0,2,400000,Renault KWID
Tata,Safari,2009,15,132000.0,0,1,1,150000,Tata Safari
Hyundai,Grand i10,2019,5,31000.0,1,0,0,575000,Hyundai Grand i10
Maruti Suzuki,Ciaz,2018,6,55000.0,1,1,2,750000,Maruti Suzuki Ciaz
Hyundai,Creta,2017,7,68000.0,1,0,0,790000,Hyundai Creta
Maruti Suzuki,Vitara-Brezza,2019,5,86739.0,0,0,1,775000,Maruti Suzuki Vitara-Brezza
Maruti Suzuki,Ritz,2014,10,124000.0,0,1,1,435000,Maruti Suzuki Ritz
Hyundai,Xcent,2015,9,76000.0,0,0,1,425000,Hyundai Xcent
Honda,Amaze,2016,8,102458.0,0,1,0,335000,Honda Amaze
Chevrolet,Beat,2010,14,77546.0,0,0,0,174000,Chevrolet Beat
Kia,Seltos,2020,4,46000.0,1,0,1,1275000,Kia Seltos
Skoda,Superb,2014,10,92000.0,1,1,0,460000,Skoda Superb
Land Rover,Freelander 2,2015,9,180650.0,1,1,1,1250000,Land Rover Freelander 2
Maruti Suzuki,S-Presso,2021,3,82100.0,0,0,2,410000,Maruti Suzuki S-Presso
Maruti Suzuki,Celerio,2022,2,10000.0,1,0,0,590000,Maruti Suzuki Celerio
Hyundai,Grand i10 Nios,2022,2,24512.0,0,0,0,675000,Hyundai Grand i10 Nios
Maruti Suzuki,Wagon-R,2014,10,100000.0,0,1,2,290000,Maruti Suzuki Wagon-R
BMW,X5,2017,7,89000.0,1,1,1,2490000,BMW X5
Maruti Suzuki,Baleno,2022,2,9800.0,1,0,0,790000,Maruti Suzuki Baleno
Mercedes-Benz,E-Class,2011,13,35000.0,1,1,0,650000,Mercedes-Benz E-Class
Maruti Suzuki,Swift,2019,5,58000.0,0,0,0,615000,Maruti Suzuki Swift
Hyundai,i10,2012,12,57765.0,1,0,0,345000,Hyundai i10
Kia,Seltos,2021,3,34500.0,1,1,1,1550000,Kia Seltos
Hyundai,i10,2010,14,75000.0,0,1,2,175000,Hyundai i10
Volkswagen,Polo,2019,5,125000.0,0,0,1,815000,Volkswagen Polo
Volkswagen,VentoTest,2011,13,43000.0,1,1,0,360000,Volkswagen VentoTest
Audi,Q3,2015,9,71000.0,1,0,1,1525000,Audi Q3
Maruti Suzuki,Swift-Dzire,2022,2,85000.0,1,1,2,700000,Maruti Suzuki Swift-Dzire
Toyota,2.8 Legender 4X2,2023,1,19000.0,1,0,1,5200000,Toyota 2.8 Legender 4X2
Maruti Suzuki,Alto-800,2019,5,45000.0,0,0,0,380000,Maruti Suzuki Alto-800
Maruti Suzuki,Wagon-R-Stingray,2014,10,50000.0,1,1,2,300000,Maruti Suzuki Wagon-R-Stingray
Nissan,Micra Active,2015,9,130000.0,0,0,0,340000,Nissan Micra Active
Kia,Seltos,2023,1,23000.0,1,0,1,1845000,Kia Seltos
Tata,Safari,2021,3,45000.0,0,1,1,1550000,Tata Safari
Mahindra,Scorpio,2016,8,130000.0,0,1,1,1085000,Mahindra Scorpio
Maruti Suzuki,Celerio,2017,7,63395.0,0,0,2,420000,Maruti Suzuki Celerio
Porsche,Cayenne,2020,4,50000.0,1,0,2,11900000,Porsche Cayenne
Maruti Suzuki,Omni,2019,5,55000.0,1,0,2,260000,Maruti Suzuki Omni
Honda,City,2017,7,92000.0,1,1,0,651000,Honda City
Maruti Suzuki,Grand Vitara,2022,2,27000.0,1,0,2,1495000,Maruti Suzuki Grand Vitara
Audi,A6,2015,9,69977.0,1,0,1,899981,Audi A6
Maruti Suzuki,Alto-K10,2015,9,68000.0,0,0,2,285000,Maruti Suzuki Alto-K10
Maruti Suzuki,Dzire,2022,2,24950.0,0,0,2,820000,Maruti Suzuki Dzire
Maruti Suzuki,Swift,2009,15,66000.0,0,1,0,200000,Maruti Suzuki Swift
Mercedes-Benz,GL-Class,2010,14,125000.0,1,1,1,1600000,Mercedes-Benz GL-Class
Maruti Suzuki,Wagon-R,2015,9,100000.0,0,1,2,240000,Maruti Suzuki Wagon-R
Mahindra,XUV500,2016,8,99000.0,0,0,1,725000,Mahindra XUV500
Datsun,GO,2018,6,43000.0,0,0,0,390000,Datsun GO
Maruti Suzuki,Wagon R,2014,10,51000.0,0,0,2,280000,Maruti Suzuki Wagon R
Audi,A4,2012,12,150000.0,0,0,1,550000,Audi A4
Maruti Suzuki,Ertiga,2021,3,81800.0,0,0,2,975000,Maruti Suzuki Ertiga
Maruti Suzuki,Ertiga,2014,10,71000.0,1,1,0,500000,Maruti Suzuki Ertiga
Maruti Suzuki,Ertiga,2019,5,90000.0,0,1,2,750000,Maruti Suzuki Ertiga
Maruti Suzuki,Celerio,2017,7,80000.0,0,0,2,400000,Maruti Suzuki Celerio
Maruti Suzuki,S-Presso,2020,4,31000.0,1,0,0,420000,Maruti Suzuki S-Presso
Maruti Suzuki,Wagon-R-1-0,2006,18,110000.0,0,1,2,90000,Maruti Suzuki Wagon-R-1-0
Maruti Suzuki,XL6,2021,3,70000.0,1,0,2,960000,Maruti Suzuki XL6
Maruti Suzuki,Ertiga,2015,9,42045.0,1,0,2,795000,Maruti Suzuki Ertiga
Maruti Suzuki,Wagon-R,2012,12,80000.0,1,1,2,190000,Maruti Suzuki Wagon-R
Maruti Suzuki,Swift-Dzire,2014,10,120000.0,1,1,1,483000,Maruti Suzuki Swift-Dzire
Chevrolet,Sail,2015,9,170000.0,0,0,1,200000,Chevrolet Sail
Maruti Suzuki,Swift,2014,10,60000.0,0,0,1,430000,Maruti Suzuki Swift
Maruti Suzuki,Eeco,2022,2,11000.0,1,0,2,650000,Maruti Suzuki Eeco
Hyundai,i10,2012,12,85000.0,0,1,0,200000,Hyundai i10
Maruti Suzuki,Ertiga,2019,5,85000.0,1,0,0,845000,Maruti Suzuki Ertiga
Skoda,Kodiaq,2018,6,90000.0,1,0,1,1990000,Skoda Kodiaq
Hyundai,i10,2011,13,75000.0,1,1,0,245000,Hyundai i10
Maruti Suzuki,Wagon-R-1-0,2015,9,61000.0,0,1,2,325000,Maruti Suzuki Wagon-R-1-0
Maruti Suzuki,maruti-suzuki-brezza,2020,4,38000.0,0,0,0,675000,Maruti Suzuki maruti-suzuki-brezza
Maruti Suzuki,Swift,2010,14,85000.0,0,1,0,150000,Maruti Suzuki Swift
Tata,Nexon,2018,6,88000.0,0,0,1,760000,Tata Nexon
Maruti Suzuki,Swift Dzire,2018,6,103580.0,0,0,1,610000,Maruti Suzuki Swift Dzire
Hyundai,Santro Xing,2010,14,78000.0,0,0,2,121000,Hyundai Santro Xing
Hyundai,Verna,2019,5,37000.0,0,1,0,825000,Hyundai Verna
Maruti Suzuki,Swift-Dzire,2011,13,77500.0,0,1,0,265000,Maruti Suzuki Swift-Dzire
Honda,City,2018,6,78000.0,1,0,0,710000,Honda City
Maruti Suzuki,Ertiga,2023,1,31500.0,0,0,2,1120000,Maruti Suzuki Ertiga
Audi,A6,2017,7,71555.0,1,1,1,1950000,Audi A6
Renault,KWID,2020,4,52000.0,1,0,2,349000,Renault KWID
Tata,Tigor,2023,1,30000.0,0,0,2,680000,Tata Tigor
Ford,Ecosport,2018,6,55000.0,0,0,1,655000,Ford Ecosport
Maruti Suzuki,Wagon-R,2019,5,49000.0,0,0,2,425000,Maruti Suzuki Wagon-R
Maruti Suzuki,Alto-800,2018,6,78000.0,1,1,2,260000,Maruti Suzuki Alto-800
Kia,Seltos,2022,2,31000.0,1,0,0,1675000,Kia Seltos
Hyundai,i10,2011,13,86000.0,0,1,0,180000,Hyundai i10
Honda,BRV,2019,5,122000.0,0,0,0,600000,Honda BRV
Maruti Suzuki,Eeco,2017,7,84240.0,1,1,2,295000,Maruti Suzuki Eeco
Maruti Suzuki,Dzire,2018,6,44574.0,1,0,0,675000,Maruti Suzuki Dzire
Ford,Endeavour,2017,7,90000.0,1,0,1,2100000,Ford Endeavour
Hyundai,Creta,2023,1,6000.0,1,0,1,2011000,Hyundai Creta
Skoda,Rapid,2013,11,54000.0,1,1,0,425000,Skoda Rapid
Skoda,Rapid,2015,9,104007.0,1,1,1,399000,Skoda Rapid
Mahindra,Bolero,2021,3,41000.0,0,0,1,851000,Mahindra Bolero
Maruti Suzuki,Baleno,2018,6,41000.0,1,0,0,745000,Maruti Suzuki Baleno
Mahindra,XUV 300,2022,2,15000.0,0,0,1,995000,Mahindra XUV 300
Hyundai,Eon,2012,12,40000.0,0,1,0,190000,Hyundai Eon
Volkswagen,Polo,2015,9,75000.0,0,1,0,575000,Volkswagen Polo
Audi,A3,2015,9,64000.0,1,1,1,850000,Audi A3
Audi,Q7,2016,8,118000.0,1,0,1,2995000,Audi Q7
Honda,City,2017,7,90000.0,1,1,2,655000,Honda City
Toyota,Innova,2009,15,110000.0,0,1,1,325000,Toyota Innova
Maruti Suzuki,Omni,2003,21,64500.0,0,1,0,125000,Maruti Suzuki Omni
Skoda,Rapid,2016,8,80000.0,1,0,1,651000,Skoda Rapid
Maruti Suzuki,Celerio,2018,6,74000.0,1,0,2,450000,Maruti Suzuki Celerio
Maruti Suzuki,Baleno,2017,7,76483.0,0,1,0,572000,Maruti Suzuki Baleno
Maruti Suzuki,Swift,2015,9,71000.0,0,0,0,410000,Maruti Suzuki Swift
Honda,City,2014,10,53000.0,0,0,1,475000,Honda City
Audi,Q3,2015,9,70000.0,1,0,1,890000,Audi Q3
Hyundai,i20,2010,14,51000.0,0,1,2,325000,Hyundai i20
Maruti Suzuki,Baleno,2016,8,46000.0,1,1,0,525000,Maruti Suzuki Baleno
Mini,Cooper,2013,11,65000.0,1,1,1,1290000,Mini Cooper
Honda,City,2015,9,126000.0,0,1,1,690000,Honda City
Maruti Suzuki,Celerio,2017,7,160000.0,1,0,0,375000,Maruti Suzuki Celerio
Audi,Q7,2011,13,100000.0,1,0,1,1975000,Audi Q7
Maruti Suzuki,Wagon-R-1-0,2021,3,45000.0,0,0,2,509999,Maruti Suzuki Wagon-R-1-0
Honda,City ZX,2008,16,119000.0,1,1,2,147000,Honda City ZX
Maruti Suzuki,Wagon-R-Stingray,2021,3,34000.0,1,0,2,565000,Maruti Suzuki Wagon-R-Stingray
Maruti Suzuki,Swift-Dzire-Tour,2021,3,92000.0,0,0,2,525000,Maruti Suzuki Swift-Dzire-Tour
Hyundai,Grand i10,2016,8,120000.0,0,0,0,399999,Hyundai Grand i10
Mahindra,Scorpio,2015,9,61231.0,0,1,1,795000,Mahindra Scorpio
Hyundai,i10,2017,7,40000.0,1,0,0,280000,Hyundai i10
Toyota,Innova Crysta,2020,4,83000.0,1,0,0,1711000,Toyota Innova Crysta
Maruti Suzuki,Swift-Dzire-Tour,2020,4,66000.0,1,1,2,150000,Maruti Suzuki Swift-Dzire-Tour
Maruti Suzuki,Wagon-R,2013,11,100250.0,0,1,2,265000,Maruti Suzuki Wagon-R
Maruti Suzuki,Swift,2023,1,15500.0,0,0,2,865000,Maruti Suzuki Swift
Hyundai,Accent,2008,16,102000.0,0,0,0,125000,Hyundai Accent
Toyota,Urban Cruiser Hyryder,2023,1,12000.0,1,0,2,1950000,Toyota Urban Cruiser Hyryder
Toyota,Camry,2014,10,190000.0,1,0,2,950000,Toyota Camry
Hyundai,Eon,2017,7,190000.0,1,0,2,225000,Hyundai Eon
Maruti Suzuki,Baleno-RS,2017,7,,0,0,0,470000,Maruti Suzuki Baleno-RS
Hyundai,Venue,2023,1,28000.0,1,0,0,1250000,Hyundai Venue
Hyundai,Grand i10,2013,11,67000.0,0,0,2,375000,Hyundai Grand i10
Maruti Suzuki,Omni,2011,13,57000.0,0,1,0,120000,Maruti Suzuki Omni
Maruti Suzuki,maruti-suzuki-dzire,2014,10,78000.0,0,0,2,325000,Maruti Suzuki maruti-suzuki-dzire
Honda,City,2009,15,120000.0,0,1,2,205000,Honda City
Maruti Suzuki,Ertiga,2021,3,76000.0,1,0,0,1075000,Maruti Suzuki Ertiga
MG,Hector Plus,2024,0,2000.0,0,0,1,2399999,MG Hector Plus
Maruti Suzuki,Alto,2010,14,89000.0,0,1,2,169000,Maruti Suzuki Alto
Mahindra,XUV500,2016,8,111521.0,0,0,1,750000,Mahindra XUV500
Maruti Suzuki,Baleno,2017,7,14000.0,1,0,0,650000,Maruti Suzuki Baleno
Land Rover,Defender,2023,1,12000.0,1,1,0,12500000,Land Rover Defender
Tata,Zest,2015,9,185389.0,0,1,1,290000,Tata Zest
Maruti Suzuki,Ciaz,2015,9,63000.0,1,0,1,395000,Maruti Suzuki Ciaz
Maruti Suzuki,Vitara-Brezza,2020,4,43369.0,1,0,0,878790,Maruti Suzuki Vitara-Brezza
Maruti Suzuki,Swift-Dzire,2016,8,78000.0,0,0,2,370000,Maruti Suzuki Swift-Dzire
Audi,Q7,2015,9,64000.0,1,0,1,2190000,Audi Q7
Honda,Jazz,2016,8,86000.0,0,0,1,460000,Honda Jazz
Maruti Suzuki,Eeco,2019,5,,1,1,2,450000,Maruti Suzuki Eeco
Jaguar,XF,2013,11,50000.0,1,1,1,1150000,Jaguar XF
Honda,Jazz,2013,11,68000.0,0,1,0,225000,Honda Jazz
Mercedes-Benz,C-Class,2018,6,65000.0,1,0,1,2250000,Mercedes-Benz C-Class
Mercedes-Benz,CLA,2016,8,56000.0,1,1,1,2315000,Mercedes-Benz CLA
Chevrolet,Sail U-VA,2010,14,85000.0,1,1,2,50000,Chevrolet Sail U-VA
Hyundai,Venue,2019,5,100000.0,0,0,1,865000,Hyundai Venue
MG,Hector,2020,4,29000.0,1,0,0,1370000,MG Hector
Ford,Endeavour,2018,6,119000.0,1,0,1,2790000,Ford Endeavour
Maruti Suzuki,Swift,2020,4,52000.0,1,0,0,625000,Maruti Suzuki Swift
Ford,Ecosport,2017,7,55000.0,1,1,2,625000,Ford Ecosport
Maruti Suzuki,Wagon-R-1-0,2017,7,23119.0,1,0,2,425000,Maruti Suzuki Wagon-R-1-0
Hyundai,i20,2018,6,42000.0,0,1,0,500000,Hyundai i20
Maruti Suzuki,Swift,2021,3,34000.0,1,0,0,790000,Maruti Suzuki Swift
Ford,Ecosport,2018,6,75000.0,0,1,0,645000,Ford Ecosport
Maruti Suzuki,Alto,2010,14,110000.0,0,0,0,150000,Maruti Suzuki Alto
Maruti Suzuki,Alto-K10,2011,13,103000.0,1,1,2,88000,Maruti Suzuki Alto-K10
Hyundai,Aura,2022,2,59000.0,1,1,2,680000,Hyundai Aura
Audi,A4,2016,8,43715.0,1,1,1,1770000,Audi A4
Maruti Suzuki,Swift,2017,7,86542.0,0,0,1,611000,Maruti Suzuki Swift
Toyota,Fortuner,2018,6,105000.0,1,1,1,2585000,Toyota Fortuner
Maruti Suzuki,Wagon-R,2016,8,55000.0,1,1,0,425000,Maruti Suzuki Wagon-R
Mahindra,KUV 100,2016,8,100000.0,0,0,0,400000,Mahindra KUV 100
Maruti Suzuki,Ciaz,2017,7,70000.0,1,0,0,699999,Maruti Suzuki Ciaz
Mercedes-Benz,GLA,2017,7,60000.0,1,1,1,1925000,Mercedes-Benz GLA
Skoda,Rapid,2017,7,96000.0,0,1,1,425000,Skoda Rapid
Maruti Suzuki,Wagon-R-1-0,2014,10,81000.0,0,0,2,315000,Maruti Suzuki Wagon-R-1-0
Toyota,Land Cruiser Prado,2014,10,180000.0,1,1,1,4750000,Toyota Land Cruiser Prado
Maruti Suzuki,Sx4,2011,13,98000.0,0,1,1,235000,Maruti Suzuki Sx4
Nissan,PATROL,2011,13,90000.0,0,1,2,150000,Nissan PATROL
Kia,Seltos,2021,3,48500.0,1,0,1,1725000,Kia Seltos
Maruti Suzuki,Swift,2022,2,15000.0,1,0,0,700000,Maruti Suzuki Swift
Tata,Indigo Cs,2016,8,,1,0,2,160000,Tata Indigo Cs
Skoda,Rapid,2016,8,67000.0,1,0,1,721000,Skoda Rapid
Hyundai,Aura,2023,1,70000.0,1,0,2,220000,Hyundai Aura
BMW,X1,2019,5,60000.0,1,0,1,2300000,BMW X1
Chevrolet,Sail U-VA,2016,8,120000.0,0,1,1,240000,Chevrolet Sail U-VA
Mahindra,Bolero,2021,3,88200.0,0,0,1,820000,Mahindra Bolero
Maruti Suzuki,Wagon-R,2018,6,48000.0,1,0,0,448000,Maruti Suzuki Wagon-R
Toyota,Innova Hycross,2023,1,18500.0,1,0,2,3585000,Toyota Innova Hycross
Honda,City,2014,10,84000.0,0,1,0,455000,Honda City
Toyota,Urban Cruiser Hyryder,2022,2,29000.0,1,0,2,1750000,Toyota Urban Cruiser Hyryder
BMW,3 Series,2020,4,44500.0,1,0,1,3790000,BMW 3 Series
Ford,Endeavour,2016,8,91000.0,0,1,1,1890000,Ford Endeavour
Tata,Punch ,2023,1,30000.0,1,0,1,350000,Tata Punch 
Hyundai,Grand i10,2013,11,105000.0,0,0,0,315000,Hyundai Grand i10
Mahindra,KUV 100,2017,7,54560.0,0,1,1,355000,Mahindra KUV 100
Mahindra,Bolero,2013,11,148000.0,0,1,1,610000,Mahindra Bolero
Maruti Suzuki,Estilo,2007,17,97000.0,0,0,0,139000,Maruti Suzuki Estilo
Hyundai,Verna,2007,17,51000.0,0,1,0,225000,Hyundai Verna
Honda,City ZX,2008,16,119000.0,1,1,2,149000,Honda City ZX
Toyota,Innova,2020,4,32000.0,1,0,1,1700000,Toyota Innova
Mercedes-Benz,C-Class,2018,6,51000.0,1,1,1,2850000,Mercedes-Benz C-Class
Ford,Ecosport,2016,8,69000.0,0,0,1,501000,Ford Ecosport
Land Rover,Range Rover Evoque,2014,10,58000.0,1,1,1,1790000,Land Rover Range Rover Evoque
Honda,Civic,2007,17,120000.0,1,1,2,145000,Honda Civic
Hyundai,i10,2011,13,78600.0,0,1,0,155000,Hyundai i10
Mercedes-Benz,GL-Class,2013,11,77000.0,1,1,1,2250000,Mercedes-Benz GL-Class
Hyundai,Accent,2004,20,85000.0,0,1,0,139000,Hyundai Accent
Maruti Suzuki,Swift-Dzire,2020,4,10000.0,1,0,2,620000,Maruti Suzuki Swift-Dzire
Hyundai,Grand i10 Nios,2022,2,58000.0,0,0,0,600000,Hyundai Grand i10 Nios
Mercedes-Benz,A Class,2014,10,85000.0,1,1,1,825000,Mercedes-Benz A Class
Maruti Suzuki,Swift,2016,8,85000.0,0,1,0,480000,Maruti Suzuki Swift
BMW,X3,2014,10,136000.0,1,1,1,1600000,BMW X3
Honda,CRV,2014,10,87000.0,1,1,0,621000,Honda CRV
Land Rover,Discovery Sport,2016,8,43000.0,1,1,0,2600000,Land Rover Discovery Sport
BMW,5 Series,2019,5,47000.0,1,1,1,2500000,BMW 5 Series
Maruti Suzuki,Wagon-R,2022,2,23000.0,0,0,2,599000,Maruti Suzuki Wagon-R
Maruti Suzuki,Alto-K10,2019,5,60000.0,0,1,0,375000,Maruti Suzuki Alto-K10
Hyundai,Aura,2021,3,34300.0,0,0,2,705000,Hyundai Aura
Hyundai,Creta,2019,5,71000.0,0,0,1,875000,Hyundai Creta
Kia,Seltos,2020,4,58000.0,1,1,0,1290000,Kia Seltos
Maruti Suzuki,Ertiga,2016,8,80000.0,0,1,2,689999,Maruti Suzuki Ertiga
Mercedes-Benz,GL-Class,2013,11,94000.0,1,1,1,2100000,Mercedes-Benz GL-Class
Maruti Suzuki,Baleno,2019,5,46000.0,0,1,0,510000,Maruti Suzuki Baleno
Maruti Suzuki,Swift Dzire,2014,10,80000.0,0,1,1,485000,Maruti Suzuki Swift Dzire
Maruti Suzuki,maruti-suzuki-dzire,2014,10,82000.0,0,0,1,365000,Maruti Suzuki maruti-suzuki-dzire
Hyundai,i10,2011,13,140000.0,1,1,2,140000,Hyundai i10
Chevrolet,Optra Magnum,2011,13,72000.0,0,1,2,199000,Chevrolet Optra Magnum
Maruti Suzuki,XL6,2021,3,63900.0,1,0,0,999000,Maruti Suzuki XL6
Skoda,Rapid,2015,9,51000.0,0,1,0,350000,Skoda Rapid
Toyota,Fortuner,2019,5,150000.0,1,0,1,2750000,Toyota Fortuner
Maruti Suzuki,Wagon-R,2013,11,78000.0,0,1,2,299999,Maruti Suzuki Wagon-R
Renault,KWID,2017,7,58097.0,0,0,0,355000,Renault KWID
Hyundai,Xcent Prime,2019,5,85000.0,0,1,1,510000,Hyundai Xcent Prime
Audi,Q3,2018,6,55100.0,1,1,1,1400000,Audi Q3
Jeep,Wrangler,2023,1,10000.0,1,0,0,6400000,Jeep Wrangler
Datsun,GO,2016,8,100200.0,1,1,2,160000,Datsun GO
Maruti Suzuki,Eeco,2022,2,16000.0,0,0,2,620000,Maruti Suzuki Eeco
Maruti Suzuki,Wagon-R,2019,5,68000.0,0,1,2,475000,Maruti Suzuki Wagon-R
Maruti Suzuki,Ertiga,2015,9,65000.0,1,1,2,560000,Maruti Suzuki Ertiga
Hyundai,Grand i10,2017,7,31003.0,1,1,0,540000,Hyundai Grand i10
Hyundai,Santro,2013,11,54000.0,0,1,2,280000,Hyundai Santro
Maruti Suzuki,Wagon-R,2017,7,150000.0,1,1,2,230000,Maruti Suzuki Wagon-R
Hyundai,Creta,2022,2,16000.0,0,0,0,1300000,Hyundai Creta
Maruti Suzuki,Swift,2010,14,150000.0,1,1,2,110000,Maruti Suzuki Swift
Honda,City ZX,2007,17,68000.0,0,0,0,149000,Honda City ZX
Maruti Suzuki,Sx4,2011,13,91000.0,1,1,2,240000,Maruti Suzuki Sx4
Mercedes-Benz,S-Class,2023,1,22000.0,1,0,1,13800000,Mercedes-Benz S-Class
Maruti Suzuki,Sx4,2007,17,100000.0,0,1,2,98000,Maruti Suzuki Sx4
Maruti Suzuki,Wagon-R,2016,8,78000.0,1,1,2,240000,Maruti Suzuki Wagon-R
Maruti Suzuki,Swift-Dzire,2015,9,61000.0,0,1,1,499000,Maruti Suzuki Swift-Dzire
Maruti Suzuki,Baleno,2017,7,70000.0,0,0,0,670000,Maruti Suzuki Baleno
Hyundai,Creta,2019,5,70500.0,1,0,1,1475000,Hyundai Creta
Maruti Suzuki,Ritz,2015,9,66000.0,0,1,0,350000,Maruti Suzuki Ritz
Hyundai,i10,2009,15,104000.0,1,1,2,225000,Hyundai i10
Maruti Suzuki,Swift,2013,11,80000.0,0,0,2,390000,Maruti Suzuki Swift
Mini,Cooper S,2023,1,4000.0,1,0,0,5500000,Mini Cooper S
Mahindra,Scorpio,2015,9,89000.0,0,1,1,1065000,Mahindra Scorpio
Chevrolet,Beat,2012,12,81000.0,0,0,1,153000,Chevrolet Beat
Maruti Suzuki,XL6,2023,1,19500.0,1,0,0,1375000,Maruti Suzuki XL6
Honda,Jazz,2018,6,32000.0,0,1,0,550000,Honda Jazz
Maruti Suzuki,Wagon-R-1-0,2020,4,56000.0,0,0,2,451000,Maruti Suzuki Wagon-R-1-0
Hyundai,Creta,2018,6,82000.0,1,1,1,1085000,Hyundai Creta
Hyundai,Creta,2016,8,78000.0,0,1,0,675000,Hyundai Creta
Hyundai,i20,2019,5,46000.0,1,1,2,725000,Hyundai i20
Volkswagen,VentoTest,2016,8,76000.0,0,1,1,285000,Volkswagen VentoTest
Honda,City,2017,7,75000.0,1,1,0,765000,Honda City
Kia,Carnival,2020,4,50000.0,1,0,1,3200000,Kia Carnival
MG,Hector,2020,4,46450.0,1,0,0,1550000,MG Hector
Tata,Tiago,2024,0,17282.0,0,0,2,675000,Tata Tiago
Maruti Suzuki,Swift,2024,0,18950.0,1,0,0,950000,Maruti Suzuki Swift
Fiat,Punto,2015,9,89000.0,0,1,1,415000,Fiat Punto
Hyundai,Grand i10 Nios,2023,1,7000.0,0,0,0,825000,Hyundai Grand i10 Nios
Maruti Suzuki,Celerio,2015,9,111000.0,0,0,2,350000,Maruti Suzuki Celerio
Maruti Suzuki,Swift,2011,13,190000.0,0,0,1,365000,Maruti Suzuki Swift
Tata,Zest,2014,10,131000.0,1,0,1,280000,Tata Zest
Hyundai,Santro Xing,2007,17,100000.0,0,1,0,100000,Hyundai Santro Xing
BMW,X3,2013,11,123872.0,0,0,1,1150000,BMW X3
Maruti Suzuki,Swift,2012,12,23200.0,0,1,0,325000,Maruti Suzuki Swift
Skoda,Superb,2016,8,99000.0,1,0,0,1185000,Skoda Superb
Toyota,Etios Liva,2013,11,83000.0,0,1,1,395000,Toyota Etios Liva
Skoda,Superb,2010,14,29309.0,1,1,0,250000,Skoda Superb
Maruti Suzuki,Baleno,2018,6,122289.0,1,1,0,574000,Maruti Suzuki Baleno
Skoda,Rapid,2021,3,19121.0,1,0,0,1095000,Skoda Rapid
Datsun,RediGO,2015,9,18000.0,0,0,0,189000,Datsun RediGO
Maruti Suzuki,Ritz,2011,13,75000.0,0,0,1,311000,Maruti Suzuki Ritz
Mercedes-Benz,S-Class,2019,5,29000.0,1,1,1,9500000,Mercedes-Benz S-Class
BMW,X3,2012,12,86000.0,1,1,1,1125000,BMW X3
BMW,X1,2020,4,30000.0,1,0,0,3325000,BMW X1
Honda,Jazz,2018,6,93000.0,1,0,2,535000,Honda Jazz
BMW,5 Series,2017,7,42000.0,1,1,1,1695000,BMW 5 Series
Honda,City,2015,9,40000.0,0,1,2,485000,Honda City
Mahindra,Xylo,2012,12,16400.0,1,1,1,131000,Mahindra Xylo
Skoda,Kushaq,2022,2,8000.0,1,0,0,1290000,Skoda Kushaq
Maruti Suzuki,Celerio,2021,3,32.0,1,0,2,450000,Maruti Suzuki Celerio
Renault,Duster,2018,6,83000.0,1,1,1,920000,Renault Duster
Tata,Tigor,2024,0,4300.0,1,0,2,1050000,Tata Tigor
Toyota,Camry,2016,8,130000.0,1,0,2,1275000,Toyota Camry
Maruti Suzuki,Swift,2010,14,150000.0,1,1,2,110000,Maruti Suzuki Swift
Honda,City,2018,6,44902.0,1,1,0,699000,Honda City
Toyota,Corolla Altis,2017,7,103000.0,1,0,0,1049000,Toyota Corolla Altis
Hyundai,Grand i10,2014,10,75000.0,0,1,0,385000,Hyundai Grand i10
Maruti Suzuki,Sx4,2011,13,19000.0,0,0,0,220000,Maruti Suzuki Sx4
Maruti Suzuki,XL6,2019,5,35000.0,0,1,0,990000,Maruti Suzuki XL6
Maruti Suzuki,Wagon-R,2011,13,101110.0,1,1,2,120000,Maruti Suzuki Wagon-R
Tata,Harrier,2019,5,82000.0,0,0,1,949000,Tata Harrier
Maruti Suzuki,Wagon R,2016,8,89000.0,1,0,0,460000,Maruti Suzuki Wagon R
Toyota,Innova Crysta,2018,6,110000.0,1,0,1,1700000,Toyota Innova Crysta
Honda,City,2015,9,94000.0,0,0,0,500000,Honda City
Maruti Suzuki,maruti-suzuki-dzire,2021,3,68000.0,0,0,2,665000,Maruti Suzuki maruti-suzuki-dzire
Maruti Suzuki,Wagon-R,2012,12,137000.0,1,1,2,270000,Maruti Suzuki Wagon-R
Tata,Indigo Ecs,2015,9,92000.0,0,1,1,195000,Tata Indigo Ecs
Maruti Suzuki,Grand Vitara,2024,0,13400.0,1,0,2,2045000,Maruti Suzuki Grand Vitara
Volkswagen,Jetta,2014,10,58000.0,1,1,1,489000,Volkswagen Jetta
Kia,Sonet,2020,4,50000.0,0,0,0,740000,Kia Sonet
Toyota,Innova,2011,13,175000.0,0,1,1,650000,Toyota Innova
Honda,BRV,2016,8,55000.0,1,1,0,750000,Honda BRV
Honda,WRV,2017,7,61000.0,0,0,0,700000,Honda WRV
Hyundai,Santro,2012,12,78000.0,0,0,2,160000,Hyundai Santro
Tata,Tigor,2019,5,52600.0,1,0,2,685000,Tata Tigor
Toyota,Innova,2014,10,125000.0,0,1,1,750000,Toyota Innova
Renault,KWID,2017,7,55000.0,1,0,0,345000,Renault KWID
Hyundai,i20 Active,2016,8,97400.0,0,1,0,585000,Hyundai i20 Active
Maruti Suzuki,Eeco,2021,3,52000.0,0,1,0,395000,Maruti Suzuki Eeco
Maruti Suzuki,Swift-Dzire,2011,13,59000.0,0,1,2,245000,Maruti Suzuki Swift-Dzire
Hyundai,Aura,2020,4,41000.0,0,1,2,645001,Hyundai Aura
Mahindra,Bolero,2017,7,70000.0,0,0,1,699939,Mahindra Bolero
Hyundai,i20,2016,8,88700.0,0,1,0,370000,Hyundai i20
Honda,CRV,2007,17,91000.0,1,0,2,251000,Honda CRV
Honda,Amaze,2021,3,3900.0,0,1,0,660000,Honda Amaze
Mahindra,XUV500,2016,8,86000.0,1,1,1,770000,Mahindra XUV500
BMW,3 Series,2013,11,85000.0,1,1,1,1075000,BMW 3 Series
Maruti Suzuki,Alto-800,2014,10,100080.0,1,1,2,185000,Maruti Suzuki Alto-800
Toyota,Innova Crysta,2017,7,60989.0,0,1,1,1850000,Toyota Innova Crysta
Hyundai,Grand i10,2015,9,58000.0,0,1,0,315000,Hyundai Grand i10
Ford,Ecosport,2014,10,83000.0,0,1,1,525000,Ford Ecosport
Maruti Suzuki,Celerio,2020,4,65000.0,0,1,2,369000,Maruti Suzuki Celerio
Maruti Suzuki,Baleno,2021,3,29000.0,0,0,0,690000,Maruti Suzuki Baleno
Maruti Suzuki,Jimny,2023,1,521.0,0,0,0,1435000,Maruti Suzuki Jimny
Honda,City,2012,12,63000.0,1,0,2,425000,Honda City
Renault,Duster,2015,9,80000.0,0,1,1,349991,Renault Duster
Volkswagen,Jetta,2013,11,76000.0,0,0,1,760000,Volkswagen Jetta
Land Rover,Discovery Sport,2018,6,28847.0,1,0,1,4175000,Land Rover Discovery Sport
Toyota,Innova Hycross,2024,0,0.0,1,0,0,1977000,Toyota Innova Hycross
Toyota,Innova Crysta,2021,3,38000.0,1,1,0,2000000,Toyota Innova Crysta
Mahindra,TUV,2016,8,87000.0,1,0,1,750000,Mahindra TUV
Maruti Suzuki,Alto,2007,17,85000.0,0,1,0,98000,Maruti Suzuki Alto
Hyundai,Verna,2023,1,23000.0,1,0,0,1560000,Hyundai Verna
Honda,City,2015,9,100000.0,1,1,2,500000,Honda City
Honda,Brio,2015,9,89000.0,0,1,2,240000,Honda Brio
Toyota,2.8 Legender 4X2,2021,3,33000.0,1,0,1,3950000,Toyota 2.8 Legender 4X2
Maruti Suzuki,S-Presso,2023,1,13000.0,0,0,2,499000,Maruti Suzuki S-Presso
Hyundai,Grand i10 Nios,2022,2,50000.0,0,0,2,639999,Hyundai Grand i10 Nios
Maruti Suzuki,Swift-Dzire,2010,14,50000.0,0,1,0,385000,Maruti Suzuki Swift-Dzire
Maruti Suzuki,Swift,2016,8,88000.0,0,0,0,430000,Maruti Suzuki Swift
Tata,Nexon,2019,5,36788.0,1,1,0,780000,Tata Nexon
Maruti Suzuki,A-Star,2013,11,73000.0,1,1,0,200000,Maruti Suzuki A-Star
Maruti Suzuki,Celerio,2016,8,110000.0,1,1,2,299000,Maruti Suzuki Celerio
Maruti Suzuki,Omni,2018,6,24000.0,0,0,0,364000,Maruti Suzuki Omni
Maruti Suzuki,Ciaz,2015,9,90590.0,0,0,0,499000,Maruti Suzuki Ciaz
Chevrolet,Sail,2013,11,82000.0,0,1,0,160000,Chevrolet Sail
Hyundai,i10,2010,14,55000.0,1,1,2,72000,Hyundai i10
Mahindra,Scorpio,2014,10,78525.0,0,0,1,570000,Mahindra Scorpio
Toyota,Innova Hycross,2023,1,19000.0,1,0,2,2900000,Toyota Innova Hycross
Maruti Suzuki,Wagon-R,2016,8,150000.0,1,0,2,180000,Maruti Suzuki Wagon-R
Maruti Suzuki,Ertiga,2021,3,29500.0,0,0,2,1180000,Maruti Suzuki Ertiga
Maruti Suzuki,Alto-K10,2019,5,37000.0,0,1,2,345000,Maruti Suzuki Alto-K10
Hyundai,Fluidic Verna,2013,11,74000.0,0,1,2,435000,Hyundai Fluidic Verna
Hyundai,i20,2011,13,140000.0,0,0,2,259000,Hyundai i20
Audi,Q3,2018,6,55100.0,1,1,1,1400000,Audi Q3
Hyundai,Eon,2012,12,91000.0,0,0,0,220000,Hyundai Eon
Maruti Suzuki,Eeco,2018,6,83200.0,0,1,2,325000,Maruti Suzuki Eeco
Force,Motors FM Gurkha,2024,0,7000.0,0,0,1,1675000,Force Motors FM Gurkha
Maruti Suzuki,Ritz,2013,11,60424.0,0,1,2,200000,Maruti Suzuki Ritz
Hyundai,Venue,2013,11,18000.0,0,0,1,1390000,Hyundai Venue
Hyundai,Creta,2020,4,45000.0,1,1,1,1850000,Hyundai Creta
Ford,Figo Aspire,2016,8,89000.0,0,0,1,385000,Ford Figo Aspire
Toyota,Innova Crysta,2020,4,62000.0,0,0,1,2645000,Toyota Innova Crysta
Maruti Suzuki,Wagon-R,2016,8,57000.0,1,1,2,345000,Maruti Suzuki Wagon-R
Ford,Ecosport,2018,6,86000.0,0,1,1,790000,Ford Ecosport
Toyota,Glanza,2021,3,21000.0,1,0,0,850000,Toyota Glanza
Maruti Suzuki,Ciaz,2014,10,158000.0,0,1,1,480000,Maruti Suzuki Ciaz
Hyundai,Accent,2012,12,139000.0,0,1,0,131000,Hyundai Accent
Mercedes-Benz,GLS,2019,5,79000.0,1,1,1,5300000,Mercedes-Benz GLS
Maruti Suzuki,Ertiga,2016,8,99000.0,0,1,2,689000,Maruti Suzuki Ertiga
MG,Hector Plus,2020,4,79000.0,0,0,1,1540000,MG Hector Plus
Ford,Endeavour,2019,5,76000.0,1,0,1,2650000,Ford Endeavour
Mahindra,Bolero Neo Plus,2013,11,100003.0,0,1,1,395000,Mahindra Bolero Neo Plus
BMW,X1,2017,7,38000.0,1,0,1,2550000,BMW X1
Maruti Suzuki,Swift-Dzire,2015,9,300.0,1,1,2,315000,Maruti Suzuki Swift-Dzire
Honda,City,2011,13,52000.0,1,1,0,310000,Honda City
Maruti Suzuki,Swift,2013,11,86000.0,0,1,0,475000,Maruti Suzuki Swift
Toyota,Innova Crysta,2020,4,70000.0,1,0,1,1650000,Toyota Innova Crysta
Mercedes-Benz,GLC Class,2017,7,71000.0,1,0,0,3690000,Mercedes-Benz GLC Class
Maruti Suzuki,Alto-800,2023,1,11200.0,0,0,0,410000,Maruti Suzuki Alto-800
Maruti Suzuki,Ertiga,2016,8,63000.0,0,0,2,695000,Maruti Suzuki Ertiga
Mahindra,Thar,2023,1,4400.0,1,1,0,1350000,Mahindra Thar
Maruti Suzuki,Baleno,2018,6,110000.0,0,0,1,590000,Maruti Suzuki Baleno
Renault,KWID,2017,7,30877.0,1,1,2,265000,Renault KWID
Skoda,Rapid,2015,9,71000.0,1,1,0,395000,Skoda Rapid
Toyota,Glanza,2023,1,24000.0,1,0,0,850000,Toyota Glanza
Maruti Suzuki,Celerio,2016,8,70000.0,1,1,2,380000,Maruti Suzuki Celerio
Volkswagen,Polo,2018,6,73961.0,1,1,0,935000,Volkswagen Polo
Renault,Triber,2022,2,18000.0,0,0,2,695000,Renault Triber
Honda,Jazz,2016,8,60000.0,1,1,0,615000,Honda Jazz
BMW,X3,2012,12,80000.0,1,1,1,1025000,BMW X3
Hyundai,i20,2010,14,60000.0,0,0,0,320000,Hyundai i20
Maruti Suzuki,Swift,2021,3,29000.0,1,0,0,765000,Maruti Suzuki Swift
Mercedes-Benz,GLC Class,2017,7,68000.0,1,0,0,3699000,Mercedes-Benz GLC Class
Hyundai,Accent,2018,6,200000.0,1,0,2,225000,Hyundai Accent
Maruti Suzuki,800,1998,26,98000.0,0,1,0,41000,Maruti Suzuki 800
Jeep,Wrangler,2022,2,15000.0,1,0,0,5800000,Jeep Wrangler
Maruti Suzuki,Baleno,2016,8,62000.0,1,1,0,582000,Maruti Suzuki Baleno
Volkswagen,Polo,2016,8,105000.0,1,1,0,650000,Volkswagen Polo
Maruti Suzuki,Baleno,2021,3,55000.0,0,0,0,575000,Maruti Suzuki Baleno
Tata,Harrier,2020,4,73000.0,0,0,1,1149000,Tata Harrier
Honda,Amaze,2019,5,67000.0,1,1,0,575000,Honda Amaze
Maruti Suzuki,Ertiga,2023,1,69000.0,1,0,2,450000,Maruti Suzuki Ertiga
Mahindra,Scorpio N,2023,1,28000.0,1,0,1,2450000,Mahindra Scorpio N
Maruti Suzuki,Ignis,2019,5,25000.0,1,0,0,432000,Maruti Suzuki Ignis
BMW,3 Series GT,2016,8,110000.0,1,1,1,2000000,BMW 3 Series GT
Mercedes-Benz,GLA Class,2016,8,78000.0,1,1,0,1650000,Mercedes-Benz GLA Class
Maruti Suzuki,S-Cross,2015,9,87000.0,0,0,1,545000,Maruti Suzuki S-Cross
Hyundai,Exter,2024,0,3500.0,1,0,2,905000,Hyundai Exter
Mahindra,Scorpio,2010,14,190000.0,0,1,1,200000,Mahindra Scorpio
Ford,Ecosport,2017,7,69713.0,0,1,0,649000,Ford Ecosport
BMW,X1,2017,7,55000.0,1,0,1,1500000,BMW X1
Maruti Suzuki,S-Cross,2018,6,32000.0,0,0,1,675000,Maruti Suzuki S-Cross
Maruti Suzuki,Celerio,2016,8,14123.0,1,1,2,313131,Maruti Suzuki Celerio
Maruti Suzuki,Alto-800,2016,8,60000.0,0,0,0,275000,Maruti Suzuki Alto-800
Tata,Nano,2015,9,51500.0,0,1,0,125000,Tata Nano
Chevrolet,Beat,2017,7,75000.0,0,1,1,175000,Chevrolet Beat
Maruti Suzuki,Eeco,2018,6,72000.0,1,0,2,350000,Maruti Suzuki Eeco
Hyundai,Aura,2022,2,64000.0,0,0,2,690000,Hyundai Aura
Maruti Suzuki,Ritz,2011,13,77000.0,0,1,2,160000,Maruti Suzuki Ritz
Maruti Suzuki,Wagon-R,2017,7,140000.0,0,0,2,200000,Maruti Suzuki Wagon-R
Honda,Civic,2008,16,10.0,1,0,2,495000,Honda Civic
Skoda,Rapid,2021,3,63000.0,0,0,0,995000,Skoda Rapid
Maruti Suzuki,Ritz,2010,14,41258.0,0,1,0,139000,Maruti Suzuki Ritz
Honda,City,2004,20,130000.0,1,1,2,140000,Honda City
Hyundai,Santro Xing,2011,13,76000.0,0,1,2,135000,Hyundai Santro Xing
Maruti Suzuki,Wagon-R,2020,4,52300.0,0,0,2,445000,Maruti Suzuki Wagon-R
Maruti Suzuki,Vitara-Brezza,2019,5,48500.0,1,0,1,975000,Maruti Suzuki Vitara-Brezza
Honda,Civic,2009,15,102000.0,1,1,2,150000,Honda Civic
Hyundai,Verna,2018,6,78000.0,1,0,2,745000,Hyundai Verna
Maruti Suzuki,Ertiga,2013,11,68000.0,0,1,2,565000,Maruti Suzuki Ertiga
Hyundai,Santro Xing,2013,11,89288.0,0,0,2,160000,Hyundai Santro Xing
Toyota,Innova Hycross,2023,1,11000.0,1,0,2,3975000,Toyota Innova Hycross
Renault,KWID,2016,8,69000.0,0,1,2,210000,Renault KWID
Maruti Suzuki,Swift,2021,3,59000.0,1,0,2,750000,Maruti Suzuki Swift
Hyundai,Grand i10,2017,7,72000.0,0,0,2,490000,Hyundai Grand i10
BMW,3 Series GT,2015,9,61000.0,1,1,1,1200000,BMW 3 Series GT
Mahindra,Thar,2023,1,18000.0,1,0,1,1325000,Mahindra Thar
Maruti Suzuki,Alto,2012,12,76000.0,0,1,0,225000,Maruti Suzuki Alto
Jeep,Compass,2017,7,78000.0,1,0,0,975000,Jeep Compass
Jeep,Compass,2018,6,55000.0,0,1,1,1080000,Jeep Compass
Ford,Ecosport,2015,9,112000.0,0,0,1,485000,Ford Ecosport
Hyundai,Grand i10,2015,9,64000.0,0,0,2,325000,Hyundai Grand i10
Hyundai,Elite i20,2018,6,81000.0,0,0,1,730000,Hyundai Elite i20
Hyundai,Creta,2016,8,72300.0,0,0,1,825000,Hyundai Creta
Maruti Suzuki,Swift-Dzire,2017,7,63000.0,1,1,2,550000,Maruti Suzuki Swift-Dzire
Honda,Brio,2014,10,149000.0,1,1,0,550000,Honda Brio
Toyota,Fortuner,2023,1,18500.0,1,0,1,4500000,Toyota Fortuner
Tata,Safari,2022,2,31000.0,1,1,1,1960000,Tata Safari
Maruti Suzuki,Wagon-R,2019,5,48055.0,0,0,0,535000,Maruti Suzuki Wagon-R
Maruti Suzuki,Celerio,2019,5,75000.0,0,0,2,460000,Maruti Suzuki Celerio
Hyundai,Grand i10 Nios,2021,3,87500.0,0,0,2,575000,Hyundai Grand i10 Nios
Jaguar,XF,2013,11,65000.0,1,0,1,1491000,Jaguar XF
Mercedes-Benz,GLA,2016,8,36000.0,1,1,1,985000,Mercedes-Benz GLA
Maruti Suzuki,Swift,2016,8,65000.0,0,0,1,445000,Maruti Suzuki Swift
Maruti Suzuki,Wagon-R,2017,7,57099.0,1,0,2,465000,Maruti Suzuki Wagon-R
Tata,tata-punch,2021,3,46000.0,0,0,0,725000,Tata tata-punch
Toyota,Fortuner,2010,14,154000.0,0,1,1,975000,Toyota Fortuner
Tata,Tigor,2023,1,18000.0,0,0,2,751000,Tata Tigor
Maruti Suzuki,Eeco,2015,9,114000.0,1,0,2,195000,Maruti Suzuki Eeco
Volkswagen,Taigun,2023,1,8000.0,1,0,0,1440000,Volkswagen Taigun
Maruti Suzuki,Swift,2008,16,92000.0,0,1,1,280000,Maruti Suzuki Swift
Hyundai,Santro Xing,2007,17,86750.0,0,1,0,165000,Hyundai Santro Xing
Maruti Suzuki,Vitara-Brezza,2019,5,105919.0,0,0,1,890000,Maruti Suzuki Vitara-Brezza
Maruti Suzuki,Wagon-R,2018,6,74000.0,1,1,2,430000,Maruti Suzuki Wagon-R
Maruti Suzuki,maruti-suzuki-dzire,2021,3,51000.0,0,0,2,565000,Maruti Suzuki maruti-suzuki-dzire
Ford,Ecosport,2017,7,152000.0,0,1,1,600000,Ford Ecosport
Volkswagen,Vento,2017,7,85000.0,1,0,0,595000,Volkswagen Vento
Maruti Suzuki,Swift-Dzire,2024,0,1234.0,1,0,2,150000,Maruti Suzuki Swift-Dzire
Hyundai,Santro,2013,11,100000.0,1,0,2,190000,Hyundai Santro
Honda,Brio,2014,10,149500.0,1,1,0,450000,Honda Brio
Renault,KWID,2016,8,51000.0,1,1,0,259999,Renault KWID
Maruti Suzuki,Eeco,2016,8,75000.0,1,1,2,300000,Maruti Suzuki Eeco
Mahindra,Xylo,2016,8,240000.0,0,1,1,550000,Mahindra Xylo
Maruti Suzuki,Ciaz,2018,6,49000.0,0,1,0,585000,Maruti Suzuki Ciaz
Jeep,Compass,2018,6,39000.0,0,1,1,1250000,Jeep Compass
Maruti Suzuki,Wagon-R,2017,7,25122.0,0,0,0,415000,Maruti Suzuki Wagon-R
Kia,Sonet,2021,3,35000.0,1,0,2,899000,Kia Sonet
Maruti Suzuki,Ciaz,2016,8,42000.0,0,1,2,625000,Maruti Suzuki Ciaz
Tata,Manza,2010,14,2010.0,0,0,2,155000,Tata Manza
Honda,Civic,2012,12,85380.0,1,1,2,235000,Honda Civic
Volkswagen,VentoTest,2016,8,65000.0,0,0,1,490000,Volkswagen VentoTest
Honda,Accord,2013,11,89000.0,1,1,0,445000,Honda Accord
Maruti Suzuki,Eeco,2024,0,1300.0,1,0,2,750000,Maruti Suzuki Eeco
Lexus,ES,2023,1,6000.0,1,0,0,6950000,Lexus ES
Maruti Suzuki,Celerio,2024,0,8000.0,0,0,0,630000,Maruti Suzuki Celerio
Hyundai,Eon,2016,8,86000.0,0,1,0,222000,Hyundai Eon
Volkswagen,VentoTest,2015,9,53000.0,0,1,1,550000,Volkswagen VentoTest
Maruti Suzuki,Ignis,2017,7,53402.0,0,1,0,490000,Maruti Suzuki Ignis
Maruti Suzuki,Ertiga,2019,5,65000.0,0,0,1,1300000,Maruti Suzuki Ertiga
Honda,City ZX,2008,16,119000.0,1,1,2,145800,Honda City ZX
Maruti Suzuki,Eeco,2018,6,57000.0,0,1,2,425000,Maruti Suzuki Eeco
Audi,Q3,2018,6,55100.0,1,1,1,1400000,Audi Q3
Honda,City,2010,14,70000.0,1,1,2,300000,Honda City
Renault,Duster,2018,6,55156.0,1,1,0,625000,Renault Duster
MG,Hector Plus,2021,3,37000.0,1,1,0,1695000,MG Hector Plus
Honda,Amaze,2014,10,92000.0,0,0,1,385000,Honda Amaze
Maruti Suzuki,Swift,2011,13,110000.0,0,1,1,395000,Maruti Suzuki Swift
Ford,Ecosport,2017,7,55000.0,1,1,2,615000,Ford Ecosport
Toyota,Fortuner,2017,7,52000.0,1,0,1,1800000,Toyota Fortuner
Hyundai,i20,2013,11,60000.0,0,1,0,285000,Hyundai i20
Maruti Suzuki,Wagon-R,2012,12,87000.0,0,0,2,271000,Maruti Suzuki Wagon-R
Hyundai,Grand i10,2017,7,82000.0,1,1,2,380000,Hyundai Grand i10
Jaguar,F-Pace,2020,4,42000.0,1,1,0,4100000,Jaguar F-Pace
Toyota,Innova Crysta,2019,5,210000.0,0,1,1,1925000,Toyota Innova Crysta
Hyundai,Grand i10,2017,7,42568.0,0,0,0,410000,Hyundai Grand i10
Ford,Aspire,2016,8,89000.0,0,0,1,375000,Ford Aspire
Hyundai,Creta,2016,8,89600.0,1,1,0,785000,Hyundai Creta
Renault,KWID,2016,8,1.0,0,1,0,199999,Renault KWID
Hyundai,Creta,2017,7,96000.0,0,1,1,1050000,Hyundai Creta
Land Rover,Range Rover Sport,2016,8,100000.0,1,1,1,3999999,Land Rover Range Rover Sport
Maruti Suzuki,Sx4,2011,13,70680.0,0,1,2,175000,Maruti Suzuki Sx4
Hyundai,Elantra,2014,10,53000.0,1,0,0,575000,Hyundai Elantra
Mercedes-Benz,V-Class,2019,5,20000.0,1,0,1,6300000,Mercedes-Benz V-Class
Maruti Suzuki,Sx4,2008,16,135000.0,0,1,2,125000,Maruti Suzuki Sx4
Hyundai,i10,2010,14,82000.0,0,1,0,210000,Hyundai i10
Skoda,Rapid,2012,12,76500.0,0,1,1,435000,Skoda Rapid
Volkswagen,CrossPolo,2014,10,104600.0,0,1,1,449000,Volkswagen CrossPolo
Audi,A3,2016,8,99000.0,1,1,1,949000,Audi A3
Maruti Suzuki,Alto-800,2012,12,71000.0,0,0,2,190000,Maruti Suzuki Alto-800
Mahindra,Scorpio-N,2024,0,28000.0,1,0,1,2025000,Mahindra Scorpio-N
Hyundai,Grand i10,2013,11,61000.0,0,0,0,350000,Hyundai Grand i10
Maruti Suzuki,Wagon-R,2015,9,58406.0,0,1,2,315000,Maruti Suzuki Wagon-R
Maruti Suzuki,800,1994,30,70120.0,1,1,0,35000,Maruti Suzuki 800
Maruti Suzuki,Ertiga,2017,7,74000.0,0,0,2,675000,Maruti Suzuki Ertiga
Hyundai,Venue,2019,5,25000.0,1,0,1,799999,Hyundai Venue
Maruti Suzuki,S-Presso,2023,1,8500.0,0,1,0,425000,Maruti Suzuki S-Presso
Hyundai,i20,2019,5,81000.0,0,1,2,465000,Hyundai i20
Mahindra,Scorpio N,2011,13,48529.0,0,1,1,360000,Mahindra Scorpio N
Maruti Suzuki,Wagon-R,2016,8,125000.0,1,0,2,315000,Maruti Suzuki Wagon-R
Mahindra,TUV,2016,8,60000.0,1,1,1,450000,Mahindra TUV
Hyundai,i10,2010,14,57000.0,0,1,0,225000,Hyundai i10
Tata,Harrier,2019,5,78000.0,0,0,1,1025000,Tata Harrier
Volkswagen,Polo,2021,3,35000.0,1,1,0,1190000,Volkswagen Polo
Hyundai,Grand i10,2014,10,63000.0,0,1,0,350000,Hyundai Grand i10
Honda,Amaze,2018,6,52000.0,1,0,0,649999,Honda Amaze
Nissan,Magnite,2021,3,35000.0,0,0,0,510000,Nissan Magnite
Ford,Figo,2014,10,75000.0,0,0,0,320000,Ford Figo
Maruti Suzuki,Ertiga,2016,8,65000.0,0,1,2,689000,Maruti Suzuki Ertiga
Chevrolet,Beat,2015,9,133000.0,0,1,2,120000,Chevrolet Beat
Maruti Suzuki,Alto,2009,15,36000.0,0,1,0,159000,Maruti Suzuki Alto
Volkswagen,Ameo,2017,7,100000.0,0,0,0,450000,Volkswagen Ameo
Audi,A6,2014,10,68000.0,1,1,1,749999,Audi A6
Mahindra,Scorpio,2022,2,75243.0,0,0,1,1495000,Mahindra Scorpio
Honda,WR-V,2021,3,69000.0,0,0,1,990000,Honda WR-V
Jaguar,XF,2014,10,12500.0,1,1,1,1690000,Jaguar XF
Maruti Suzuki,Alto-800,2017,7,84000.0,1,1,0,245000,Maruti Suzuki Alto-800
Maruti Suzuki,Wagon-R,2010,14,,1,0,2,95000,Maruti Suzuki Wagon-R
Lexus,ES,2022,2,38000.0,1,1,2,6600000,Lexus ES
Toyota,Innova Crysta,2016,8,180000.0,1,1,1,1828000,Toyota Innova Crysta
Maruti Suzuki,Ertiga,2018,6,58000.0,0,0,2,801000,Maruti Suzuki Ertiga
Hyundai,Santro Xing,2015,9,30.0,1,1,2,195000,Hyundai Santro Xing
Maruti Suzuki,Invicto,2023,1,25000.0,1,0,2,2550000,Maruti Suzuki Invicto
BMW,X7,2023,1,4000.0,1,0,1,13000000,BMW X7
Ford,Figo,2011,13,89000.0,0,1,1,199999,Ford Figo
Renault,Triber,2022,2,81525.0,0,0,0,445000,Renault Triber
Honda,Civic,2010,14,85000.0,1,1,2,160000,Honda Civic
Toyota,Innova,2012,12,190000.0,1,1,1,650000,Toyota Innova
Maruti Suzuki,Baleno-RS,2019,5,135000.0,0,1,1,645000,Maruti Suzuki Baleno-RS
Maruti Suzuki,Celerio,2016,8,36000.0,1,0,0,475000,Maruti Suzuki Celerio
Hyundai,Grand i10,2018,6,28000.0,1,1,0,525000,Hyundai Grand i10
Toyota,Innova Crysta,2016,8,145000.0,1,0,1,1820000,Toyota Innova Crysta
BMW,3 Series GT,2016,8,55000.0,1,1,1,1490000,BMW 3 Series GT
Hyundai,Verna,2014,10,42000.0,1,1,0,440000,Hyundai Verna
Volkswagen,Polo,2019,5,35000.0,1,1,0,1185000,Volkswagen Polo
Mahindra,XUV 300,2020,4,109300.0,0,0,1,950000,Mahindra XUV 300
Honda,Civic,2008,16,98000.0,1,1,2,99999,Honda Civic
Hyundai,Elite i20,2014,10,73000.0,0,1,0,475000,Hyundai Elite i20
Hyundai,Verna,2014,10,88000.0,0,1,2,399000,Hyundai Verna
Audi,Q3,2015,9,95000.0,1,0,1,999999,Audi Q3
Honda,Brio,2016,8,65000.0,0,1,2,285000,Honda Brio
Maruti Suzuki,XL6,2019,5,40000.0,1,0,0,975000,Maruti Suzuki XL6
Hyundai,Creta,2020,4,55000.0,1,1,0,1325000,Hyundai Creta
Maruti Suzuki,Wagon-R,2022,2,11000.0,0,0,2,590000,Maruti Suzuki Wagon-R
Mahindra,XUV700,2022,2,36000.0,1,1,1,2275111,Mahindra XUV700
Honda,City,2012,12,82000.0,0,1,2,310000,Honda City
Maruti Suzuki,Wagon-R-1-0,2014,10,36038.0,0,1,0,300763,Maruti Suzuki Wagon-R-1-0
Maruti Suzuki,Swift,2013,11,140000.0,0,1,1,278000,Maruti Suzuki Swift
Maruti Suzuki,Swift,2019,5,5500.0,1,0,2,600000,Maruti Suzuki Swift
Mahindra,XUV500,2016,8,112000.0,1,0,1,935000,Mahindra XUV500
Maruti Suzuki,Alto-800,2016,8,25.0,1,1,0,230000,Maruti Suzuki Alto-800
Skoda,Rapid,2012,12,114000.0,0,0,1,350000,Skoda Rapid
Kia,Seltos,2020,4,50000.0,0,0,1,1073000,Kia Seltos
Toyota,Innova Crysta,2017,7,55000.0,1,0,1,2050000,Toyota Innova Crysta
Honda,City,2016,8,85000.0,1,1,0,649999,Honda City
Maruti Suzuki,Swift-Dzire,2019,5,90000.0,0,1,1,590000,Maruti Suzuki Swift-Dzire
Audi,A4,2013,11,79000.0,1,1,1,1490000,Audi A4
Toyota,Fortuner,2019,5,95000.0,1,0,1,2975000,Toyota Fortuner
Maruti Suzuki,Swift-Dzire,2015,9,115000.0,0,1,1,385000,Maruti Suzuki Swift-Dzire
Mahindra,KUV 100,2017,7,75000.0,0,0,1,435000,Mahindra KUV 100
Maruti Suzuki,Wagon-R,2010,14,86000.0,0,0,2,207000,Maruti Suzuki Wagon-R
Tata,Altroz,2023,1,26500.0,1,1,0,745000,Tata Altroz
BMW,3 Series,2011,13,214000.0,1,0,1,400000,BMW 3 Series
Maruti Suzuki,Wagon-R,2014,10,52000.0,0,1,0,290000,Maruti Suzuki Wagon-R
Maruti Suzuki,Ertiga,2020,4,63500.0,0,0,2,1000000,Maruti Suzuki Ertiga
Tata,Tiago,2022,2,62000.0,1,0,2,700000,Tata Tiago
Maruti Suzuki,Wagon R,2015,9,60000.0,0,1,2,360000,Maruti Suzuki Wagon R
Maruti Suzuki,Swift-Dzire,2014,10,168000.0,0,1,1,370000,Maruti Suzuki Swift-Dzire
Maruti Suzuki,Wagon-R,2017,7,78000.0,0,0,2,280000,Maruti Suzuki Wagon-R
Toyota,Innova Hycross,2024,0,3000.0,1,0,0,2500000,Toyota Innova Hycross
Maruti Suzuki,Alto-800,2013,11,94000.0,0,1,2,275000,Maruti Suzuki Alto-800
Toyota,Etios,2018,6,145000.0,0,1,1,565000,Toyota Etios
Tata,Tiago,2020,4,60000.0,0,1,0,525000,Tata Tiago
Hyundai,Creta,2018,6,32000.0,1,0,0,1190000,Hyundai Creta
Volkswagen,Vento,2013,11,72000.0,0,1,1,440000,Volkswagen Vento
Maruti Suzuki,Wagon-R,2018,6,62217.0,1,1,2,421999,Maruti Suzuki Wagon-R
Hyundai,Elite i20,2015,9,28240.0,0,0,0,585000,Hyundai Elite i20
Tata,Altroz,2022,2,45000.0,0,0,1,775000,Tata Altroz
Mercedes-Benz,C-Class,2016,8,64998.0,1,1,1,1600000,Mercedes-Benz C-Class
Maruti Suzuki,Baleno,2017,7,57000.0,0,0,1,649000,Maruti Suzuki Baleno
Toyota,Corolla Altis,2013,11,120000.0,1,1,2,450000,Toyota Corolla Altis
Maruti Suzuki,Swift,2013,11,68000.0,0,0,0,395000,Maruti Suzuki Swift
Maruti Suzuki,Celerio,2019,5,66000.0,1,0,2,465000,Maruti Suzuki Celerio
Maruti Suzuki,Wagon R,2018,6,72000.0,0,0,2,415000,Maruti Suzuki Wagon R
Kia,Seltos,2021,3,37900.0,1,0,1,1545000,Kia Seltos
Maruti Suzuki,Wagon R,2016,8,70000.0,0,1,0,440000,Maruti Suzuki Wagon R
Mercedes-Benz,C-Class,2020,4,51000.0,1,0,0,3195000,Mercedes-Benz C-Class
Hyundai,Creta,2019,5,56000.0,0,0,0,985000,Hyundai Creta
Maruti Suzuki,Ertiga,2017,7,72000.0,0,0,2,750000,Maruti Suzuki Ertiga
Maruti Suzuki,Dzire,2015,9,62000.0,0,1,2,400000,Maruti Suzuki Dzire
Maruti Suzuki,Ertiga,2021,3,82000.0,0,0,2,975000,Maruti Suzuki Ertiga
Maruti Suzuki,Swift,2010,14,620287.0,1,0,2,86000,Maruti Suzuki Swift
Honda,City Hybrid eHEV,2022,2,14000.0,1,0,2,900000,Honda City Hybrid eHEV
Kia,Seltos,2020,4,97000.0,1,0,1,1450000,Kia Seltos
Renault,Duster,2018,6,21378.0,1,1,0,756000,Renault Duster
Maruti Suzuki,Ertiga,2019,5,62000.0,1,1,2,820000,Maruti Suzuki Ertiga
Maruti Suzuki,Swift,2015,9,40000.0,1,1,2,350000,Maruti Suzuki Swift
Hyundai,Grand i10,2018,6,48000.0,0,0,2,460000,Hyundai Grand i10
Honda,City,2011,13,74000.0,1,1,0,375000,Honda City
Toyota,Fortuner,2024,0,9000.0,1,0,1,4150000,Toyota Fortuner
Hyundai,Grand i10 Nios,2019,5,35485.0,0,1,0,565000,Hyundai Grand i10 Nios
Honda,Brio,2014,10,47000.0,0,1,0,160000,Honda Brio
Maruti Suzuki,Swift-Dzire,2018,6,78000.0,0,1,2,379000,Maruti Suzuki Swift-Dzire
Maruti Suzuki,Baleno,2018,6,66000.0,1,1,2,515000,Maruti Suzuki Baleno
Toyota,Innova,2013,11,126870.0,1,0,1,735000,Toyota Innova
Toyota,Camry,2016,8,130000.0,1,1,0,1275000,Toyota Camry
Honda,CRV,2013,11,89000.0,1,1,2,599000,Honda CRV
Maruti Suzuki,Swift,2020,4,98000.0,0,0,0,600000,Maruti Suzuki Swift
Mercedes-Benz,GLE Class,2016,8,81881.0,1,1,1,3500000,Mercedes-Benz GLE Class
Maruti Suzuki,Baleno,2023,1,15000.0,0,0,0,785000,Maruti Suzuki Baleno
Maruti Suzuki,Wagon-R,2019,5,63000.0,0,1,2,475000,Maruti Suzuki Wagon-R
Mahindra,XUV500,2018,6,88000.0,1,1,1,890000,Mahindra XUV500
Mercedes-Benz,GLC Class,2021,3,31000.0,1,0,0,5499000,Mercedes-Benz GLC Class
Ford,Endeavour,2021,3,78000.0,1,0,1,3250000,Ford Endeavour
Kia,Seltos,2020,4,59000.0,0,0,0,1045000,Kia Seltos
Maruti Suzuki,Swift,2010,14,23000.0,0,0,0,345000,Maruti Suzuki Swift
Tata,Safari,2011,13,85000.0,0,0,1,260000,Tata Safari
BMW,Z4,2010,14,25647.0,1,1,0,2700000,BMW Z4
Volvo,XC 90,2009,15,94000.0,1,1,1,1250000,Volvo XC 90
Mahindra,Scorpio,2021,3,54128.0,0,0,1,1735000,Mahindra Scorpio
Ford,Endeavour,2021,3,38000.0,1,0,1,1500000,Ford Endeavour
Tata,Punch ,2024,0,40000.0,0,0,2,800000,Tata Punch 
BMW,3 Series,2020,4,17500.0,1,0,0,4800000,BMW 3 Series
Toyota,Fortuner,2021,3,38351.0,0,0,1,3500000,Toyota Fortuner
Toyota,Innova,2012,12,98695.0,0,0,1,480000,Toyota Innova
Honda,City,2016,8,62500.0,1,1,2,550000,Honda City
Toyota,Innova,2014,10,270000.0,0,1,1,940000,Toyota Innova
Porsche,Macan,2024,0,1600.0,1,0,0,9500000,Porsche Macan
BMW,X5,2017,7,58500.0,1,1,1,4050000,BMW X5
Hyundai,Accent,2011,13,71000.0,0,1,2,240000,Hyundai Accent
Honda,Jazz,2010,14,60000.0,0,1,0,250000,Honda Jazz
Maruti Suzuki,Ertiga,2020,4,30000.0,0,0,0,875000,Maruti Suzuki Ertiga
Honda,Jazz,2015,9,69000.0,1,1,0,500000,Honda Jazz
Honda,City,2015,9,65000.0,1,0,2,560000,Honda City
Audi,A3,2015,9,42000.0,1,1,1,1050000,Audi A3
Honda,City,2016,8,47000.0,1,1,2,611000,Honda City
Maruti Suzuki,Wagon-R,2016,8,4286.0,0,1,2,330000,Maruti Suzuki Wagon-R
Hyundai,Grand i10,2014,10,69000.0,0,1,2,365000,Hyundai Grand i10
Honda,Jazz,2022,2,37000.0,1,0,2,685000,Honda Jazz
Volkswagen,VentoTest,2011,13,48000.0,1,0,2,265000,Volkswagen VentoTest
Volkswagen,Jetta,2011,13,79000.0,0,0,1,380000,Volkswagen Jetta
Mercedes-Benz,E-Class,2021,3,19000.0,1,0,1,7100000,Mercedes-Benz E-Class
Nissan,PATROL,2018,6,54000.0,0,1,2,190000,Nissan PATROL
Maruti Suzuki,Wagon-R,2011,13,72000.0,1,1,2,135500,Maruti Suzuki Wagon-R
Skoda,Slavia,2024,0,5000.0,1,0,0,1569000,Skoda Slavia
Honda,WRV,2017,7,110000.0,0,1,1,570000,Honda WRV
Honda,Jazz,2016,8,80000.0,1,1,0,525000,Honda Jazz
Maruti Suzuki,Wagon-R-1-0,2016,8,67010.0,0,1,2,335000,Maruti Suzuki Wagon-R-1-0
Maruti Suzuki,S-Cross,2017,7,134000.0,0,1,1,775000,Maruti Suzuki S-Cross
Hyundai,Santro Xing,2012,12,85000.0,0,0,2,145000,Hyundai Santro Xing
Honda,City,2009,15,110000.0,1,1,0,375000,Honda City
Maruti Suzuki,Swift-Dzire,2021,3,37000.0,0,1,0,670000,Maruti Suzuki Swift-Dzire
Hyundai,Accent,2014,10,28.0,1,0,2,150000,Hyundai Accent
Maruti Suzuki,Alto-K10,2014,10,48000.0,0,1,0,225000,Maruti Suzuki Alto-K10
Ford,Endeavour,2021,3,68800.0,1,0,1,3640000,Ford Endeavour
Mahindra,Thar,2018,6,9000.0,0,0,1,1075000,Mahindra Thar
Honda,City,2015,9,71000.0,1,1,0,465000,Honda City
Maruti Suzuki,Vitara-Brezza,2024,0,996.0,0,0,2,1060000,Maruti Suzuki Vitara-Brezza
Honda,CRV,2007,17,97000.0,1,1,2,250000,Honda CRV
Skoda,Kodiaq,2018,6,90000.0,1,0,1,1850000,Skoda Kodiaq
Maruti Suzuki,Ertiga,2021,3,66000.0,0,1,2,365000,Maruti Suzuki Ertiga
Maruti Suzuki,Baleno,2018,6,66000.0,1,1,2,535000,Maruti Suzuki Baleno
Hyundai,Santro,2012,12,111.0,1,0,2,130000,Hyundai Santro
Tata,Zest,2020,4,33500.0,1,0,2,325000,Tata Zest
BMW,5 Series,2016,8,47000.0,1,1,1,2500000,BMW 5 Series
Mahindra,Bolero,2024,0,14000.0,0,0,0,1075000,Mahindra Bolero
Toyota,Innova Crysta,2019,5,195698.0,0,0,1,1999999,Toyota Innova Crysta
Maruti Suzuki,Wagon-R,2009,15,61000.0,0,1,0,120000,Maruti Suzuki Wagon-R
Audi,A4,2022,2,28000.0,1,0,0,4200000,Audi A4
BMW,7 Series,2015,9,78000.0,1,1,1,1899999,BMW 7 Series
Maruti Suzuki,Baleno,2018,6,66000.0,1,1,2,515000,Maruti Suzuki Baleno
Maruti Suzuki,Brezza,2020,4,49000.0,0,0,0,690000,Maruti Suzuki Brezza
Tata,Nexon,2021,3,54000.0,0,0,1,775000,Tata Nexon
Maruti Suzuki,Celerio,2017,7,37000.0,1,0,0,500000,Maruti Suzuki Celerio
Mahindra,XUV500,2016,8,56000.0,0,1,1,845000,Mahindra XUV500
Hyundai,Xcent,2015,9,85000.0,0,0,0,295000,Hyundai Xcent
Mahindra,Thar,2023,1,14500.0,1,0,1,1735000,Mahindra Thar
Maruti Suzuki,Ciaz,2018,6,51000.0,1,0,2,599999,Maruti Suzuki Ciaz
Hyundai,i20,2012,12,95000.0,0,1,2,225000,Hyundai i20
Maruti Suzuki,Ertiga,2017,7,107000.0,0,0,2,750000,Maruti Suzuki Ertiga
Skoda,Kushaq,2022,2,16000.0,1,1,0,1675000,Skoda Kushaq
Audi,A3,2015,9,42000.0,1,1,1,1050000,Audi A3
Hyundai,Santro Xing,2013,11,75000.0,1,1,2,170000,Hyundai Santro Xing
Hyundai,Grand i10,2012,12,96000.0,1,0,2,145000,Hyundai Grand i10
Honda,City,2004,20,130000.0,1,1,2,140000,Honda City
Maruti Suzuki,Ertiga,2022,2,100000.0,0,0,2,930000,Maruti Suzuki Ertiga
Toyota,2.8 Legender 4X2,2021,3,83000.0,1,0,1,3895000,Toyota 2.8 Legender 4X2
Maruti Suzuki,Baleno,2022,2,18000.0,0,1,0,595000,Maruti Suzuki Baleno
Maruti Suzuki,Ignis,2017,7,81890.0,0,0,0,435000,Maruti Suzuki Ignis
Toyota,Innova Crysta,2020,4,155000.0,0,0,1,2400000,Toyota Innova Crysta
Maruti Suzuki,Wagon-R,2022,2,38000.0,0,0,2,600000,Maruti Suzuki Wagon-R
Maruti Suzuki,Alto,2010,14,80000.0,0,0,0,145000,Maruti Suzuki Alto
Maruti Suzuki,Celerio,2015,9,44000.0,1,0,0,440000,Maruti Suzuki Celerio
Honda,City,2010,14,98000.0,1,1,2,320000,Honda City
Maruti Suzuki,Wagon-R-1-0,2016,8,77000.0,1,1,0,350000,Maruti Suzuki Wagon-R-1-0
Mercedes-Benz,C-Class,2019,5,39000.0,1,0,1,4350000,Mercedes-Benz C-Class
BMW,5 Series,2012,12,65000.0,1,1,1,1200000,BMW 5 Series
Maruti Suzuki,Vitara-Brezza,2018,6,61000.0,0,1,1,645000,Maruti Suzuki Vitara-Brezza
Hyundai,i20,2014,10,113000.0,0,0,1,350000,Hyundai i20
Volkswagen,Ameo,2018,6,68533.0,0,0,0,515600,Volkswagen Ameo
Maruti Suzuki,Alto-800,2021,3,81000.0,0,0,2,390000,Maruti Suzuki Alto-800
Hyundai,Tucson,2018,6,135000.0,1,1,1,1180000,Hyundai Tucson
Chevrolet,Spark,2013,11,50000.0,0,1,2,135000,Chevrolet Spark
Maruti Suzuki,Celerio,2019,5,155000.0,0,1,2,440000,Maruti Suzuki Celerio
Maruti Suzuki,Ignis,2017,7,51000.0,1,1,2,400000,Maruti Suzuki Ignis
Kia,Seltos,2022,2,22000.0,1,0,0,1550000,Kia Seltos
Audi,A4,2017,7,73000.0,1,1,1,2151000,Audi A4
Maruti Suzuki,Alto-K10,2018,6,34000.0,1,1,0,290000,Maruti Suzuki Alto-K10
Maruti Suzuki,Omni,2007,17,60000.0,0,1,2,160000,Maruti Suzuki Omni
Mahindra,XUV500,2013,11,81000.0,0,0,1,575000,Mahindra XUV500
Toyota,Innova Crysta,2016,8,66000.0,0,0,1,1345000,Toyota Innova Crysta
Maruti Suzuki,Wagon-R,2016,8,72000.0,0,0,0,280000,Maruti Suzuki Wagon-R
Toyota,VELLFIRE,2021,3,30000.0,1,0,0,9500000,Toyota VELLFIRE
Ford,Ecosport,2015,9,89000.0,1,1,2,599000,Ford Ecosport
Ford,Ecosport,2017,7,51421.0,0,0,1,645000,Ford Ecosport
BMW,7 Series,2009,15,40000.0,1,0,0,1000000,BMW 7 Series
Hyundai,Verna,2013,11,100000.0,0,1,1,400000,Hyundai Verna
Maruti Suzuki,Swift,2016,8,63653.0,0,1,1,585000,Maruti Suzuki Swift
Toyota,Camry,2014,10,155000.0,1,1,2,775000,Toyota Camry
Maruti Suzuki,Ertiga,2016,8,25.0,1,1,2,520000,Maruti Suzuki Ertiga
Maruti Suzuki,Wagon-R-1-0,2012,12,65000.0,0,1,0,177600,Maruti Suzuki Wagon-R-1-0
Mitsubishi,Pajero Sport,2015,9,80000.0,1,0,1,935000,Mitsubishi Pajero Sport
Volkswagen,Polo,2018,6,65000.0,1,0,0,875000,Volkswagen Polo
Kia,Sonet,2021,3,30000.0,1,0,1,1190000,Kia Sonet
Maruti Suzuki,Celerio,2020,4,40000.0,1,1,2,490000,Maruti Suzuki Celerio
Hyundai,Xcent,2016,8,44000.0,1,0,0,441000,Hyundai Xcent
Jaguar,F-Pace,2018,6,76000.0,1,1,1,3499999,Jaguar F-Pace
Maruti Suzuki,Ciaz,2017,7,53600.0,0,1,1,590000,Maruti Suzuki Ciaz
Hyundai,Creta,2018,6,80000.0,1,1,1,1300000,Hyundai Creta
Maruti Suzuki,Wagon-R,2016,8,92000.0,0,0,2,315000,Maruti Suzuki Wagon-R
Hyundai,Grand i10 Nios,2021,3,58241.0,0,0,2,585000,Hyundai Grand i10 Nios
Hyundai,Elantra,2017,7,86000.0,1,1,2,899000,Hyundai Elantra
Honda,City ZX,2005,19,105000.0,0,1,0,135000,Honda City ZX
Toyota,Corolla Altis,2016,8,86000.0,1,0,2,695000,Toyota Corolla Altis
Hyundai,i20,2017,7,49600.0,0,1,2,565000,Hyundai i20
Maruti Suzuki,Swift-Dzire,2014,10,70123.0,0,0,1,490000,Maruti Suzuki Swift-Dzire
Tata,Nexon,2018,6,75000.0,1,1,1,585000,Tata Nexon
Maruti Suzuki,Swift,2021,3,72782.0,0,0,0,630000,Maruti Suzuki Swift
Maruti Suzuki,Wagon-R,2015,9,72000.0,0,1,2,265000,Maruti Suzuki Wagon-R
Honda,Amaze,2021,3,57000.0,0,1,0,585000,Honda Amaze
Hyundai,New Elantra,2014,10,86000.0,0,1,1,550000,Hyundai New Elantra
Maruti Suzuki,Wagon-R,2019,5,56000.0,0,0,2,425000,Maruti Suzuki Wagon-R
Ford,Ecosport,2021,3,35000.0,1,0,0,1025000,Ford Ecosport
Volkswagen,Tiguan,2017,7,105000.0,1,0,1,1900000,Volkswagen Tiguan
Toyota,Innova,2013,11,250000.0,0,1,1,9500000,Toyota Innova
Maruti Suzuki,Ertiga,2019,5,94000.0,0,0,2,865000,Maruti Suzuki Ertiga
Mahindra,XUV700,2021,3,52000.0,0,0,0,1925000,Mahindra XUV700
Maruti Suzuki,Celerio,2014,10,66000.0,0,0,0,288888,Maruti Suzuki Celerio
Maruti Suzuki,Estilo,2009,15,99000.0,0,1,2,130000,Maruti Suzuki Estilo
Hyundai,Creta,2016,8,56000.0,0,0,1,710000,Hyundai Creta
Volkswagen,VentoTest,2015,9,74000.0,1,0,1,535000,Volkswagen VentoTest
Hyundai,Grand i10,2016,8,26000.0,1,1,0,400000,Hyundai Grand i10
Hyundai,Santro Xing,2013,11,90000.0,0,1,2,185000,Hyundai Santro Xing
Maruti Suzuki,Alto-800,2017,7,83000.0,0,0,2,330000,Maruti Suzuki Alto-800
Maruti Suzuki,Celerio,2015,9,90000.0,1,0,0,358000,Maruti Suzuki Celerio
Maruti Suzuki,Swift,2022,2,40000.0,0,0,2,660000,Maruti Suzuki Swift
Lexus,ES,2019,5,88000.0,1,1,2,4650000,Lexus ES
Honda,Civic,2010,14,143000.0,1,1,2,399999,Honda Civic
Renault,KWID,2016,8,61600.0,1,1,0,240000,Renault KWID
Mahindra,Marazzo,2018,6,95000.0,0,1,1,550000,Mahindra Marazzo
Mercedes-Benz,C-Class,2020,4,24000.0,1,1,1,4050000,Mercedes-Benz C-Class
Maruti Suzuki,Swift-Dzire,2013,11,70000.0,0,0,2,425000,Maruti Suzuki Swift-Dzire
Volkswagen,Virtus,2023,1,11021.0,0,0,0,1220000,Volkswagen Virtus
Maruti Suzuki,Wagon-R,2016,8,80000.0,0,1,2,225000,Maruti Suzuki Wagon-R
Toyota,Innova Hycross,2023,1,8500.0,1,0,2,3595000,Toyota Innova Hycross
Volkswagen,VentoTest,2016,8,90000.0,1,0,1,750000,Volkswagen VentoTest
BMW,X3,2012,12,79000.0,1,1,1,2050000,BMW X3
Hyundai,Grand i10,2016,8,66610.0,1,1,2,285000,Hyundai Grand i10
Maruti Suzuki,Swift,2011,13,79000.0,0,1,1,235000,Maruti Suzuki Swift
Maruti Suzuki,Sx4,2011,13,117000.0,0,0,1,250000,Maruti Suzuki Sx4
Kia,Sonet,2021,3,65000.0,1,0,1,975000,Kia Sonet
Datsun,RediGO,2018,6,60000.0,0,0,0,300000,Datsun RediGO
Maruti Suzuki,Wagon-R,2013,11,100000.0,1,1,2,200000,Maruti Suzuki Wagon-R
Renault,Duster,2018,6,71000.0,0,0,1,840000,Renault Duster
Honda,Jazz,2015,9,95000.0,1,0,2,450000,Honda Jazz
Honda,Brio,2014,10,21000.0,1,0,2,242000,Honda Brio
Mahindra,XUV500,2015,9,80000.0,0,0,1,490000,Mahindra XUV500
Maruti Suzuki,Celerio,2018,6,38000.0,1,1,0,380000,Maruti Suzuki Celerio
Hyundai,Eon,2015,9,58124.0,0,1,0,250000,Hyundai Eon
Tata,Nexon,2019,5,82000.0,0,1,1,625000,Tata Nexon
Jaguar,XF,2016,8,100000.0,1,1,1,1490000,Jaguar XF
Mahindra,Scorpio,2023,1,16900.0,0,0,1,1750000,Mahindra Scorpio
Maruti Suzuki,Swift-Dzire,2023,1,45000.0,1,0,2,725000,Maruti Suzuki Swift-Dzire
Mini,Cooper Convertible,2013,11,23000.0,1,1,0,1975000,Mini Cooper Convertible
Hyundai,Alcazar,2021,3,32000.0,1,0,0,900000,Hyundai Alcazar
Maruti Suzuki,Wagon-R,2020,4,82000.0,1,0,2,560000,Maruti Suzuki Wagon-R
Volkswagen,VentoTest,2016,8,67000.0,0,1,0,451000,Volkswagen VentoTest
BMW,X3,2022,2,37500.0,1,0,0,5300000,BMW X3
Toyota,Fortuner,2015,9,40000.0,1,1,1,1375000,Toyota Fortuner
BMW,X3,2017,7,104000.0,1,1,1,2200000,BMW X3
Volvo,S60,2012,12,84000.0,1,0,1,760000,Volvo S60
Tata,Nano,2017,7,34000.0,1,1,0,230000,Tata Nano
Renault,Duster,2013,11,89000.0,0,1,1,525000,Renault Duster
Maruti Suzuki,800,2005,19,28000.0,0,1,0,58000,Maruti Suzuki 800
Maruti Suzuki,Ertiga,2017,7,72000.0,0,1,2,750000,Maruti Suzuki Ertiga
Maruti Suzuki,Eeco,2014,10,58000.0,0,0,2,360000,Maruti Suzuki Eeco
Volkswagen,Polo,2013,11,87500.0,0,1,0,300000,Volkswagen Polo
Hyundai,Aura,2020,4,70000.0,0,0,2,625000,Hyundai Aura
Maruti Suzuki,Swift-Dzire,2018,6,100000.0,0,1,1,575000,Maruti Suzuki Swift-Dzire
Hyundai,Grand i10,2016,8,45000.0,0,1,2,385000,Hyundai Grand i10
Toyota,VELLFIRE,2023,1,10000.0,1,0,0,11200000,Toyota VELLFIRE
Maruti Suzuki,Ignis,2018,6,65000.0,1,1,2,475000,Maruti Suzuki Ignis
Maruti Suzuki,Wagon-R-1-0,2018,6,78000.0,1,0,2,349999,Maruti Suzuki Wagon-R-1-0
Maruti Suzuki,Swift Dzire,2014,10,25000.0,0,0,1,591000,Maruti Suzuki Swift Dzire
Hyundai,Verna,2014,10,137000.0,0,1,1,560000,Hyundai Verna
Maruti Suzuki,Ertiga,2017,7,72300.0,0,0,2,749000,Maruti Suzuki Ertiga
Tata,Nexon,2019,5,122087.0,0,0,1,625000,Tata Nexon
Audi,Q3,2016,8,40000.0,1,1,1,2590000,Audi Q3
Hyundai,i20 Active,2016,8,65000.0,0,1,0,400000,Hyundai i20 Active
Maruti Suzuki,Estilo,2008,16,54000.0,0,0,2,98500,Maruti Suzuki Estilo
Volkswagen,Vento,2018,6,46000.0,0,1,0,650000,Volkswagen Vento
Volkswagen,Polo,2019,5,980002.0,0,0,0,675000,Volkswagen Polo
Hyundai,Santro,2022,2,28000.0,0,0,2,590000,Hyundai Santro
Hyundai,Creta,2015,9,82000.0,1,1,1,551000,Hyundai Creta
Honda,BRV,2016,8,129000.0,0,1,1,595000,Honda BRV
Hyundai,Verna,2016,8,80000.0,1,1,1,621000,Hyundai Verna
Maruti Suzuki,Celerio,2016,8,49000.0,1,0,0,425000,Maruti Suzuki Celerio
Maruti Suzuki,Ertiga,2023,1,41000.0,0,0,2,1135000,Maruti Suzuki Ertiga
Mahindra,Rexton,2015,9,57000.0,1,1,1,799000,Mahindra Rexton
Hyundai,i20,2014,10,87000.0,0,1,2,230000,Hyundai i20
Maruti Suzuki,Baleno,2017,7,80000.0,1,1,0,650000,Maruti Suzuki Baleno
Honda,City ZX,2007,17,85019.0,0,1,2,160000,Honda City ZX
Hyundai,Elite i20,2019,5,59000.0,0,0,0,599000,Hyundai Elite i20
Hyundai,Venue,2023,1,69000.0,0,0,1,975000,Hyundai Venue
Maruti Suzuki,Celerio,2016,8,55500.0,1,0,2,321000,Maruti Suzuki Celerio
Mercedes-Benz,C-Class,2012,12,75770.0,1,1,1,625000,Mercedes-Benz C-Class
Honda,City,2018,6,38000.0,1,1,2,715000,Honda City
Chevrolet,Beat,2010,14,60000.0,0,1,0,105000,Chevrolet Beat
Volkswagen,GTI,2016,8,75000.0,1,1,0,530000,Volkswagen GTI
Hyundai,Aura,2023,1,1234.0,0,0,2,190000,Hyundai Aura
Ford,Endeavour,2020,4,122000.0,1,0,1,2799999,Ford Endeavour
Hyundai,i10,2014,10,76000.0,0,0,0,290000,Hyundai i10
Hyundai,i10,2013,11,63000.0,0,0,0,279000,Hyundai i10
Honda,CRV,2015,9,104000.0,1,1,2,775000,Honda CRV
Mahindra,XUV500,2016,8,111521.0,0,0,1,750000,Mahindra XUV500
Honda,Brio,2014,10,59000.0,0,0,0,375000,Honda Brio
Maruti Suzuki,Estilo,2012,12,55000.0,0,1,2,211000,Maruti Suzuki Estilo
BMW,7 Series,2017,7,26000.0,1,1,1,4450000,BMW 7 Series
Hyundai,i10,2013,11,65891.0,1,0,0,320000,Hyundai i10
Hyundai,Eon,2012,12,55000.0,0,1,2,220000,Hyundai Eon
Toyota,Innova Hycross,2023,1,5100.0,1,0,2,3599000,Toyota Innova Hycross
Hyundai,i20,2010,14,83000.0,0,1,0,235000,Hyundai i20
Maruti Suzuki,Swift-Dzire,2018,6,33251.0,1,1,0,550000,Maruti Suzuki Swift-Dzire
BMW,X1,2017,7,56000.0,1,1,1,2700000,BMW X1
Hyundai,i20,2013,11,120000.0,1,1,1,250000,Hyundai i20
Maruti Suzuki,Ciaz,2018,6,72000.0,0,0,1,875000,Maruti Suzuki Ciaz
Honda,Amaze,2018,6,68000.0,1,0,2,635000,Honda Amaze
Datsun,Redi Go,2019,5,112000.0,0,0,0,285000,Datsun Redi Go
Hyundai,i10,2011,13,90000.0,0,0,2,200000,Hyundai i10
Maruti Suzuki,Eeco,2021,3,55110.0,1,0,2,450000,Maruti Suzuki Eeco
Honda,Amaze,2017,7,65000.0,0,1,2,399000,Honda Amaze
Hyundai,Aura,2022,2,,1,0,2,780000,Hyundai Aura
Chevrolet,Spark,2011,13,72000.0,0,1,2,75000,Chevrolet Spark
Maruti Suzuki,Wagon-R,2021,3,53000.0,1,0,2,510000,Maruti Suzuki Wagon-R
Maruti Suzuki,Baleno,2018,6,33000.0,1,1,0,599000,Maruti Suzuki Baleno
Maruti Suzuki,Celerio,2015,9,34000.0,1,1,2,325000,Maruti Suzuki Celerio
Hyundai,Grand i10,2016,8,65000.0,0,0,2,415000,Hyundai Grand i10
Mahindra,XUV500,2017,7,61000.0,1,0,1,1085000,Mahindra XUV500
Hyundai,i20,2019,5,81000.0,0,1,2,465000,Hyundai i20
Volkswagen,Ameo,2017,7,83000.0,1,0,1,50000,Volkswagen Ameo
Honda,Jazz,2016,8,46000.0,1,1,0,450000,Honda Jazz
Maruti Suzuki,Omni,2016,8,80000.0,1,1,2,155000,Maruti Suzuki Omni
Maruti Suzuki,Swift-Dzire,2022,2,15419.0,0,0,2,845000,Maruti Suzuki Swift-Dzire
Hyundai,Grand i10,2014,10,68538.0,0,0,0,335000,Hyundai Grand i10
Mini,Cooper S,2013,11,48000.0,1,1,0,1700000,Mini Cooper S
Honda,Civic,2011,13,61000.0,1,0,2,300000,Honda Civic
Tata,Safari Storme,2013,11,125000.0,0,1,1,425000,Tata Safari Storme
Mahindra,Thar,2023,1,15000.0,1,0,0,1450000,Mahindra Thar
Maruti Suzuki,Ertiga,2018,6,57200.0,0,0,2,799000,Maruti Suzuki Ertiga
Toyota,Innova Crysta,2021,3,75000.0,1,0,1,2600000,Toyota Innova Crysta
Mahindra,Xylo,2018,6,50412.0,0,0,1,740000,Mahindra Xylo
Maruti Suzuki,Swift-Dzire,2001,23,25.0,1,1,1,110000,Maruti Suzuki Swift-Dzire
Toyota,Etios,2019,5,51234.0,0,0,1,850000,Toyota Etios
Maruti Suzuki,Wagon R 1.0,2016,8,75000.0,0,0,2,325000,Maruti Suzuki Wagon R 1.0
Volkswagen,Polo,2013,11,120000.0,0,0,1,410000,Volkswagen Polo
Maruti Suzuki,Ciaz,2015,9,54000.0,0,0,1,365000,Maruti Suzuki Ciaz
Lexus,RX,2018,6,130000.0,1,0,2,5100000,Lexus RX
Hyundai,Creta,2019,5,59980.0,1,0,0,1140000,Hyundai Creta
BMW,X1,2012,12,73000.0,1,1,1,725000,BMW X1
Mercedes-Benz,C-Class,2010,14,40000.0,1,1,0,599999,Mercedes-Benz C-Class
Mercedes-Benz,GLS,2017,7,70000.0,1,0,0,5300000,Mercedes-Benz GLS
Volkswagen,Polo,2022,2,29800.0,1,1,0,975000,Volkswagen Polo
Maruti Suzuki,Brezza,2023,1,,1,0,2,150000,Maruti Suzuki Brezza
Tata,Nexon,2019,5,52000.0,1,0,2,515000,Tata Nexon
Toyota,Innova Hycross,2023,1,25000.0,1,0,2,3460000,Toyota Innova Hycross
Maruti Suzuki,Alto-800,2020,4,150000.0,1,0,2,260000,Maruti Suzuki Alto-800
Hyundai,i20,2011,13,60000.0,0,1,0,173000,Hyundai i20
Hyundai,i20,2018,6,69000.0,0,0,1,725000,Hyundai i20
Mahindra,Marazzo,2018,6,90000.0,0,1,1,550000,Mahindra Marazzo
Hyundai,Santro Xing,2008,16,60000.0,0,1,0,210000,Hyundai Santro Xing
Audi,Q7,2014,10,45000.0,1,1,1,1200000,Audi Q7
Hyundai,i20 Active,2015,9,84329.0,0,1,1,665000,Hyundai i20 Active
Maruti Suzuki,Wagon-R,2022,2,59000.0,0,0,2,598000,Maruti Suzuki Wagon-R
Mercedes-Benz,CLA,2017,7,38000.0,1,0,1,1800000,Mercedes-Benz CLA
Mercedes-Benz,E-Class,2015,9,70000.0,1,1,1,2275000,Mercedes-Benz E-Class
Mercedes-Benz,A Class,2014,10,35000.0,1,1,1,799000,Mercedes-Benz A Class
Maruti Suzuki,Wagon-R-1-0,2014,10,72000.0,1,1,2,260000,Maruti Suzuki Wagon-R-1-0
Maruti Suzuki,Ertiga,2016,8,92200.0,0,1,2,745000,Maruti Suzuki Ertiga
BMW,5 Series,2014,10,68000.0,1,1,1,1550000,BMW 5 Series
Ford,Figo,2016,8,70000.0,0,1,2,350000,Ford Figo
Toyota,Innova Crysta,2021,3,35000.0,1,1,1,3100000,Toyota Innova Crysta
Honda,City,2015,9,65000.0,1,1,2,479000,Honda City
Audi,A6,2015,9,108000.0,1,1,1,1580000,Audi A6
Honda,Amaze,2019,5,50000.0,0,0,2,535000,Honda Amaze
Honda,Amaze,2019,5,67000.0,1,1,0,575000,Honda Amaze
Hyundai,Grand i10 Nios,2020,4,61000.0,0,0,2,599000,Hyundai Grand i10 Nios
Hyundai,Verna,2019,5,47000.0,1,1,2,795000,Hyundai Verna
Mahindra,Thar,2024,0,150.0,1,0,2,234567,Mahindra Thar
Ford,Endeavour,2018,6,90000.0,1,0,1,1900000,Ford Endeavour
Land Rover,Range Rover Sport,2018,6,85000.0,1,0,1,5800000,Land Rover Range Rover Sport
Toyota,Etios,2013,11,87000.0,0,0,0,325000,Toyota Etios
Toyota,Innova,2013,11,132000.0,0,1,1,694999,Toyota Innova
Skoda,Laura,2010,14,157851.0,1,0,1,385000,Skoda Laura
Ford,Ecosport,2017,7,30000.0,1,1,0,740000,Ford Ecosport
Maruti Suzuki,Swift-Dzire,2013,11,245000.0,0,1,1,240000,Maruti Suzuki Swift-Dzire
Maruti Suzuki,Celerio,2016,8,57250.0,0,0,2,368000,Maruti Suzuki Celerio
Renault,KWID,2018,6,35000.0,1,0,0,380000,Renault KWID
Maruti Suzuki,Eeco,2019,5,33000.0,0,0,2,485000,Maruti Suzuki Eeco
Maruti Suzuki,Ertiga,2020,4,80000.0,0,0,2,979999,Maruti Suzuki Ertiga
Hyundai,Grand i10,2014,10,46052.0,1,1,0,365000,Hyundai Grand i10
Maruti Suzuki,Ertiga,2022,2,29000.0,1,0,2,1050000,Maruti Suzuki Ertiga
Nissan,Micra,2016,8,46000.0,1,0,0,465000,Nissan Micra
Maruti Suzuki,Wagon-R,2009,15,75000.0,0,1,0,95000,Maruti Suzuki Wagon-R
Maruti Suzuki,Swift,2017,7,108000.0,0,1,1,525000,Maruti Suzuki Swift
Ford,Ecosport,2019,5,45000.0,0,1,0,750000,Ford Ecosport
Maruti Suzuki,Ertiga,2013,11,75667.0,0,0,2,360000,Maruti Suzuki Ertiga
Tata,Nexon,2019,5,52000.0,1,0,2,510000,Tata Nexon
Mahindra,Scorpio-N,2022,2,20545.0,0,1,1,2150000,Mahindra Scorpio-N
BMW,3 Series GT,2017,7,112000.0,1,1,1,2200000,BMW 3 Series GT
Maruti Suzuki,Wagon-R,2019,5,63000.0,0,1,2,475000,Maruti Suzuki Wagon-R
Hyundai,Grand i10,2019,5,55000.0,1,0,2,500000,Hyundai Grand i10
Hyundai,Grand i10 Nios,2023,1,13863.0,0,0,2,697000,Hyundai Grand i10 Nios
Honda,City,2017,7,68000.0,1,0,2,745000,Honda City
Mercedes-Benz,E-Class,2015,9,70000.0,1,1,1,1450000,Mercedes-Benz E-Class
Honda,City,2017,7,35000.0,0,1,0,695000,Honda City
Maruti Suzuki,Swift,2024,0,2000.0,1,0,2,900000,Maruti Suzuki Swift
Renault,KWID,2018,6,28000.0,0,0,0,295000,Renault KWID
Maruti Suzuki,Swift,2020,4,82000.0,1,0,2,551000,Maruti Suzuki Swift
Honda,City,2018,6,58000.0,1,1,0,750000,Honda City
Volkswagen,VentoTest,2016,8,24000.0,1,0,0,525000,Volkswagen VentoTest
Tata,Tiago,2018,6,43220.0,1,0,0,480000,Tata Tiago
Hyundai,Grand i10,2016,8,59817.0,0,0,2,325000,Hyundai Grand i10
Skoda,Superb,2011,13,90000.0,1,1,0,400000,Skoda Superb
Hyundai,i20,2017,7,56000.0,0,1,0,510000,Hyundai i20
Maruti Suzuki,Ertiga,2017,7,52000.0,0,1,2,690000,Maruti Suzuki Ertiga
Hyundai,New Santro,2019,5,55000.0,0,0,2,490000,Hyundai New Santro
Tata,Hexa,2017,7,76250.0,1,1,1,675000,Tata Hexa
Toyota,Fortuner,2020,4,45000.0,1,0,1,3950000,Toyota Fortuner
Hyundai,i10,2013,11,68000.0,0,0,2,245000,Hyundai i10
Toyota,Corolla Altis,2015,9,100000.0,1,0,2,625000,Toyota Corolla Altis
Maruti Suzuki,Omni,2010,14,2000.0,1,1,2,120000,Maruti Suzuki Omni
Maruti Suzuki,Swift-Dzire,2016,8,139546.0,0,1,1,350000,Maruti Suzuki Swift-Dzire
Volvo,S90,2017,7,92000.0,1,1,1,2450000,Volvo S90
Mercedes-Benz,C-Class,2023,1,16600.0,1,0,1,5500000,Mercedes-Benz C-Class
Hyundai,Grand i10,2016,8,62000.0,1,1,2,440000,Hyundai Grand i10
Honda,Jazz,2011,13,61000.0,0,1,0,225000,Honda Jazz
Volkswagen,VentoTest,2011,13,70000.0,1,1,2,290000,Volkswagen VentoTest
Mahindra,Thar,2021,3,60000.0,0,0,1,1350000,Mahindra Thar
Honda,City,2012,12,71000.0,0,1,0,365000,Honda City
Ford,Endeavour,2020,4,88000.0,1,1,1,2599000,Ford Endeavour
Honda,Amaze,2015,9,69000.0,0,1,2,340000,Honda Amaze
Tata,Sumo,1996,28,110000.0,0,1,1,150000,Tata Sumo
Hyundai,i10,2013,11,51500.0,1,0,0,244999,Hyundai i10
Maruti Suzuki,Swift,2008,16,100000.0,0,1,0,190000,Maruti Suzuki Swift
Datsun,GO,2014,10,225000.0,0,1,0,225000,Datsun GO
Maruti Suzuki,Wagon-R-1-0,2014,10,81616.0,0,1,2,274710,Maruti Suzuki Wagon-R-1-0
Maruti Suzuki,S-Cross,2018,6,69000.0,0,0,1,815000,Maruti Suzuki S-Cross
Hyundai,i20,2010,14,64000.0,0,1,2,139000,Hyundai i20
Honda,Brio,2015,9,50000.0,1,0,0,460000,Honda Brio
Honda,City,2015,9,73000.0,1,1,2,549000,Honda City
Renault,Duster,2014,10,110000.0,0,1,1,465000,Renault Duster
Hyundai,Creta,2020,4,120488.0,0,0,0,865000,Hyundai Creta
BMW,X3,2019,5,50000.0,1,1,1,4000000,BMW X3
Maruti Suzuki,Ertiga,2021,3,73300.0,0,0,2,1030000,Maruti Suzuki Ertiga
Maruti Suzuki,Ignis,2019,5,29770.0,1,1,0,525000,Maruti Suzuki Ignis
Maruti Suzuki,Eeco,2022,2,130000.0,1,0,2,115000,Maruti Suzuki Eeco
Honda,City,2014,10,65000.0,1,1,0,520000,Honda City
Nissan,Terrano,2017,7,80000.0,1,1,1,745000,Nissan Terrano
Honda,Amaze,2021,3,58000.0,1,0,0,680000,Honda Amaze
BMW,X1,2013,11,92048.0,1,0,1,1100000,BMW X1
Honda,BRV,2017,7,24000.0,1,1,0,745000,Honda BRV
Hyundai,i20,2016,8,79000.0,0,1,1,425000,Hyundai i20
Maruti Suzuki,Swift-Dzire,2015,9,103000.0,0,1,1,560000,Maruti Suzuki Swift-Dzire
Maruti Suzuki,Vitara-Brezza,2021,3,25000.0,0,0,0,760000,Maruti Suzuki Vitara-Brezza
Volkswagen,Virtus,2023,1,20000.0,1,1,0,1650000,Volkswagen Virtus
BMW,3 Series GT,2014,10,89000.0,1,0,1,1200000,BMW 3 Series GT
Hyundai,Elantra,2014,10,82000.0,1,1,2,490000,Hyundai Elantra
Hyundai,Xcent,2016,8,80000.0,1,1,0,365000,Hyundai Xcent
Maruti Suzuki,Ertiga,2015,9,83500.0,0,0,2,725000,Maruti Suzuki Ertiga
Maruti Suzuki,Celerio,2020,4,62000.0,0,0,0,525000,Maruti Suzuki Celerio
Skoda,Rapid,2015,9,82000.0,1,0,1,460000,Skoda Rapid
Hyundai,Verna,2017,7,68000.0,0,1,1,750000,Hyundai Verna
Toyota,Corolla Altis,2009,15,75000.0,0,1,2,235000,Toyota Corolla Altis
Hyundai,Accent,2011,13,95000.0,0,1,2,115000,Hyundai Accent
Jaguar,XE,2020,4,65000.0,1,1,0,3300000,Jaguar XE
Renault,Triber,2020,4,26000.0,1,0,0,625000,Renault Triber
Mahindra,Quanto,2013,11,50308.0,0,0,1,295000,Mahindra Quanto
Honda,Amaze,2019,5,57791.0,0,0,1,730000,Honda Amaze
Honda,WRV,2018,6,58960.0,0,0,1,750000,Honda WRV
Jeep,Compass,2017,7,74500.0,0,0,1,850000,Jeep Compass
Volkswagen,Polo,2021,3,43000.0,1,1,0,1170000,Volkswagen Polo
Maruti Suzuki,Eeco,2019,5,62000.0,0,0,2,576000,Maruti Suzuki Eeco
Maruti Suzuki,Alto,2011,13,96000.0,0,1,0,135000,Maruti Suzuki Alto
Hyundai,New Santro,2019,5,71000.0,0,0,2,390000,Hyundai New Santro
Maruti Suzuki,Eeco,2023,1,11293.0,0,0,0,575000,Maruti Suzuki Eeco
Hyundai,i10,2011,13,40000.0,1,1,0,250000,Hyundai i10
Toyota,Fortuner,2014,10,127000.0,0,1,1,1630000,Toyota Fortuner
Volvo,S60,2012,12,45500.0,1,1,1,1500000,Volvo S60
Mahindra,XUV500,2016,8,118000.0,0,0,1,725000,Mahindra XUV500
Mercedes-Benz,E-Class,2011,13,75000.0,1,1,1,1490000,Mercedes-Benz E-Class
Honda,Jazz,2017,7,63000.0,1,0,0,645000,Honda Jazz
Hyundai,Creta Facelift,2021,3,39000.0,0,0,1,1199000,Hyundai Creta Facelift
Maruti Suzuki,Celerio,2017,7,65000.0,0,1,0,375000,Maruti Suzuki Celerio
Mahindra,XUV500,2012,12,115000.0,0,1,1,425000,Mahindra XUV500
Toyota,Etios,2018,6,165256.0,0,1,1,565000,Toyota Etios
Hyundai,Creta,2021,3,27531.0,0,0,0,1295000,Hyundai Creta
Maruti Suzuki,Wagon-R-1-0,2014,10,81616.0,0,1,2,274710,Maruti Suzuki Wagon-R-1-0
Maruti Suzuki,Swift-Dzire,2022,2,105000.0,0,0,2,825000,Maruti Suzuki Swift-Dzire
Toyota,Fortuner,2017,7,115000.0,1,0,1,2795000,Toyota Fortuner
Maruti Suzuki,Ignis,2017,7,51000.0,1,1,2,400000,Maruti Suzuki Ignis
Hyundai,Grand i10,2015,9,68000.0,0,1,2,375000,Hyundai Grand i10
Volkswagen,GTI,2016,8,75000.0,1,1,0,530000,Volkswagen GTI
Maruti Suzuki,Ciaz,2015,9,61000.0,1,1,2,530000,Maruti Suzuki Ciaz
Honda,Amaze,2019,5,37100.0,1,1,2,620000,Honda Amaze
Maruti Suzuki,Ignis,2019,5,31000.0,0,0,0,500000,Maruti Suzuki Ignis
Maruti Suzuki,Wagon-R,2003,21,85000.0,0,1,2,95000,Maruti Suzuki Wagon-R
Toyota,Corolla Altis,2015,9,100000.0,0,1,1,650000,Toyota Corolla Altis
Mitsubishi,Outlander,2010,14,80000.0,1,1,0,325000,Mitsubishi Outlander
Hyundai,Santro Xing,2009,15,90000.0,0,1,0,165000,Hyundai Santro Xing
Mahindra,Thar,2021,3,65000.0,1,1,1,1315000,Mahindra Thar
Lexus,NX,2019,5,79000.0,1,0,2,5600000,Lexus NX
Maruti Suzuki,Ertiga,2017,7,68558.0,0,0,2,675000,Maruti Suzuki Ertiga
Maruti Suzuki,Celerio,2015,9,90000.0,1,0,0,358000,Maruti Suzuki Celerio
Honda,City,2015,9,121000.0,0,1,1,665000,Honda City
Datsun,GO,2020,4,54000.0,0,1,2,199999,Datsun GO
Maruti Suzuki,Eeco,2018,6,98130.0,1,1,2,390000,Maruti Suzuki Eeco
Maruti Suzuki,Alto-800,2006,18,85000.0,0,1,0,85000,Maruti Suzuki Alto-800
Maruti Suzuki,Alto-800,2013,11,35000.0,0,1,0,230000,Maruti Suzuki Alto-800
Hyundai,Eon,2014,10,54000.0,0,1,0,195000,Hyundai Eon
Maruti Suzuki,Stingray,2014,10,65000.0,1,1,2,330000,Maruti Suzuki Stingray
Tata,Safari,2022,2,46000.0,1,0,1,1660000,Tata Safari
Mercedes-Benz,GLS,2021,3,25000.0,1,1,1,10750000,Mercedes-Benz GLS
Mercedes-Benz,S-Class,2014,10,190000.0,1,1,1,2425000,Mercedes-Benz S-Class
Toyota,Innova Crysta,2018,6,250000.0,1,0,1,1799999,Toyota Innova Crysta
Maruti Suzuki,Alto-800,2018,6,310000.0,1,0,2,310000,Maruti Suzuki Alto-800
Maruti Suzuki,Swift,2010,14,90000.0,0,1,2,160000,Maruti Suzuki Swift
Toyota,Innova,2011,13,236000.0,0,1,1,995000,Toyota Innova
BMW,5 Series,2019,5,25000.0,1,1,1,5950000,BMW 5 Series
Toyota,Camry,2015,9,53350.0,1,1,0,1190000,Toyota Camry
Maruti Suzuki,Swift,2017,7,69053.0,0,1,0,600000,Maruti Suzuki Swift
Tata,Bolt,2016,8,140990.0,1,1,1,350000,Tata Bolt
Hyundai,Creta,2020,4,67000.0,0,0,1,825000,Hyundai Creta
Tata,Tiago,2020,4,5589.0,1,0,0,725000,Tata Tiago
Volkswagen,Jetta,2012,12,85000.0,1,0,1,500000,Volkswagen Jetta
Audi,Q7,2018,6,40000.0,1,0,1,5000000,Audi Q7
Ford,Fiesta,2012,12,83000.0,1,1,0,239000,Ford Fiesta
Maruti Suzuki,Omni,2014,10,150000.0,1,0,2,130000,Maruti Suzuki Omni
Toyota,Innova,2010,14,225000.0,0,0,1,450000,Toyota Innova
Nissan,Sunny,2012,12,68000.0,0,1,0,225000,Nissan Sunny
Kia,Sonet,2020,4,79000.0,1,0,1,1080000,Kia Sonet
Volvo,S90,2020,4,36000.0,1,0,1,4200000,Volvo S90
Hyundai,Xcent,2014,10,89084.0,0,0,0,249000,Hyundai Xcent
Land Rover,Range Rover Evoque,2016,8,38000.0,1,0,1,2650000,Land Rover Range Rover Evoque
Hyundai,Grand i10,2016,8,90000.0,0,0,2,395000,Hyundai Grand i10
Hyundai,Alcazar,2021,3,35000.0,1,0,1,1850000,Hyundai Alcazar
Honda,Amaze,2015,9,75000.0,0,1,1,375000,Honda Amaze
Mahindra,XUV 300,2020,4,48155.0,0,0,1,880000,Mahindra XUV 300
Maruti Suzuki,Ignis,2018,6,44500.0,1,1,0,490000,Maruti Suzuki Ignis
Hyundai,Xcent Prime,2016,8,20.0,0,0,2,150000,Hyundai Xcent Prime
Ford,Figo,2017,7,121600.0,0,1,1,319000,Ford Figo
Hyundai,i10,2011,13,82000.0,0,1,2,135000,Hyundai i10
Audi,Q7,2016,8,99000.0,1,0,1,3050000,Audi Q7
Mahindra,XUV500,2017,7,119000.0,0,1,1,900000,Mahindra XUV500
Maruti Suzuki,Baleno,2018,6,65000.0,1,1,2,565000,Maruti Suzuki Baleno
Hyundai,Aura,2024,0,1234.0,0,0,2,190000,Hyundai Aura
Toyota,Innova Hycross,2023,1,30000.0,1,1,0,2750000,Toyota Innova Hycross
Maruti Suzuki,Ritz,2012,12,125000.0,0,0,1,275000,Maruti Suzuki Ritz
Toyota,Corolla Altis,2015,9,68000.0,1,1,2,699000,Toyota Corolla Altis
Toyota,Corolla Altis,2016,8,67000.0,1,1,0,790000,Toyota Corolla Altis
Honda,Brio,2015,9,55000.0,1,1,2,300000,Honda Brio
Mercedes-Benz,E-Class,2014,10,51000.0,1,1,1,1599000,Mercedes-Benz E-Class
Volkswagen,Vento,2013,11,67000.0,0,1,1,425000,Volkswagen Vento
Maruti Suzuki,Eeco,2022,2,85000.0,0,0,2,625000,Maruti Suzuki Eeco
Honda,Amaze,2022,2,26500.0,1,0,2,825000,Honda Amaze
Skoda,Rapid,2012,12,137000.0,1,1,2,340000,Skoda Rapid
Maruti Suzuki,Swift,2010,14,42583.0,0,1,1,300000,Maruti Suzuki Swift
Honda,Civic,2010,14,85000.0,1,1,2,200000,Honda Civic
Renault,Duster,2019,5,71000.0,1,0,1,599000,Renault Duster
Maruti Suzuki,Alto,2010,14,141000.0,1,1,0,79999,Maruti Suzuki Alto
Maruti Suzuki,Ertiga,2022,2,90000.0,1,0,2,900000,Maruti Suzuki Ertiga
Maruti Suzuki,Swift,2016,8,78000.0,0,1,1,535000,Maruti Suzuki Swift
Tata,Tiago,2022,2,17200.0,0,0,0,520000,Tata Tiago
Maruti Suzuki,Celerio,2017,7,78000.0,1,0,0,425000,Maruti Suzuki Celerio
Maruti Suzuki,Swift,2006,18,66711.0,0,1,0,145000,Maruti Suzuki Swift
Hyundai,Santro Xing,2011,13,73000.0,0,1,2,110000,Hyundai Santro Xing
Nissan,Teana,2010,14,69500.0,1,1,0,649000,Nissan Teana
Honda,Amaze,2018,6,62000.0,0,1,0,665000,Honda Amaze
Volkswagen,Polo,2016,8,65000.0,1,1,1,380000,Volkswagen Polo
Volkswagen,Vento,2017,7,63000.0,0,1,1,770000,Volkswagen Vento
Land Rover,Discovery Sport,2017,7,78000.0,1,1,1,2250000,Land Rover Discovery Sport
Jeep,Compass,2019,5,46000.0,1,0,0,1390000,Jeep Compass
Maruti Suzuki,Wagon-R,2017,7,170000.0,1,0,2,240000,Maruti Suzuki Wagon-R
Volkswagen,CrossPolo,2014,10,104000.0,0,1,1,449000,Volkswagen CrossPolo
Maruti Suzuki,Alto-800,2016,8,86000.0,0,0,2,311000,Maruti Suzuki Alto-800
Skoda,Superb,2018,6,65000.0,1,0,0,1550000,Skoda Superb
Maruti Suzuki,Wagon R,2022,2,9000.0,1,0,0,650000,Maruti Suzuki Wagon R
Mini,Cooper Countryman,2015,9,76000.0,1,1,1,1850000,Mini Cooper Countryman
Ford,Endeavour,2016,8,100000.0,1,1,1,2750000,Ford Endeavour
Toyota,Innova Hycross,2023,1,13000.0,1,0,2,3600000,Toyota Innova Hycross
Toyota,Fortuner,2020,4,40700.0,1,0,1,3975000,Toyota Fortuner
Volkswagen,VentoTest,2014,10,72900.0,1,1,1,511000,Volkswagen VentoTest
Maruti Suzuki,Wagon-R-1-0,2014,10,75000.0,1,1,2,195000,Maruti Suzuki Wagon-R-1-0
Hyundai,Accent,2012,12,78000.0,0,1,2,195000,Hyundai Accent
Audi,A6,2015,9,75000.0,1,1,1,814999,Audi A6
Maruti Suzuki,Wagon R,2021,3,42000.0,0,0,2,635000,Maruti Suzuki Wagon R
Maruti Suzuki,Eeco,2015,9,73000.0,1,0,2,250000,Maruti Suzuki Eeco
Renault,KWID,2017,7,49600.0,0,1,0,299900,Renault KWID
Ford,Figo,2014,10,36000.0,1,0,1,300000,Ford Figo
Maruti Suzuki,Baleno,2019,5,47000.0,0,0,0,520000,Maruti Suzuki Baleno
Toyota,Innova Crysta,2018,6,115000.0,0,0,1,1970000,Toyota Innova Crysta
Maruti Suzuki,Celerio,2016,8,65000.0,1,1,2,365000,Maruti Suzuki Celerio
Hyundai,Verna,2010,14,150000.0,0,1,0,275000,Hyundai Verna
Hyundai,Venue,2020,4,67000.0,0,0,2,725000,Hyundai Venue
Renault,KWID,2018,6,48000.0,1,1,2,295000,Renault KWID
Mahindra,XUV500,2020,4,85000.0,0,0,1,1025000,Mahindra XUV500
Mahindra,XUV700,2024,0,13000.0,1,0,1,1985000,Mahindra XUV700
Maruti Suzuki,Wagon-R,2017,7,58000.0,1,0,2,345000,Maruti Suzuki Wagon-R
Maruti Suzuki,Eeco,2019,5,80000.0,1,0,2,535000,Maruti Suzuki Eeco
Mahindra,XUV500,2015,9,85000.0,0,0,1,745000,Mahindra XUV500
Volkswagen,Taigun,2024,0,1933.0,1,0,0,1965000,Volkswagen Taigun
Hyundai,Eon,2013,11,65000.0,0,1,0,225000,Hyundai Eon
Audi,A6,2016,8,63000.0,1,1,1,1799999,Audi A6
Mercedes-Benz,GLA Class,2015,9,53000.0,1,1,1,1695000,Mercedes-Benz GLA Class
Honda,City Hybrid eHEV,2022,2,9000.0,1,0,2,1750000,Honda City Hybrid eHEV
Mahindra,XUV500,2018,6,43900.0,0,0,1,1290000,Mahindra XUV500
Hyundai,Grand i10,2014,10,78000.0,1,0,0,425000,Hyundai Grand i10
Honda,Amaze,2017,7,250000.0,1,0,2,190000,Honda Amaze
Jeep,Compass,2017,7,71000.0,0,0,1,1099000,Jeep Compass
Maruti Suzuki,Wagon-R-1-0,2018,6,76000.0,1,1,2,330000,Maruti Suzuki Wagon-R-1-0
MG,Hector Plus,2020,4,81600.0,1,1,0,1021000,MG Hector Plus
Maruti Suzuki,Baleno,2020,4,37800.0,0,0,0,615000,Maruti Suzuki Baleno
Ford,Endeavour,2018,6,64999.0,1,0,1,2899999,Ford Endeavour
Mahindra,Scorpio Classic,2007,17,175000.0,0,1,1,240000,Mahindra Scorpio Classic
Maruti Suzuki,Alto K10,2016,8,63000.0,1,1,0,375000,Maruti Suzuki Alto K10
Maruti Suzuki,Wagon-R,2013,11,89000.0,0,0,2,290000,Maruti Suzuki Wagon-R
Audi,Q3,2017,7,65000.0,1,0,1,1689000,Audi Q3
Maruti Suzuki,Wagon-R,2017,7,78200.0,1,0,2,290000,Maruti Suzuki Wagon-R
Maruti Suzuki,Baleno,2018,6,29500.0,1,0,0,695000,Maruti Suzuki Baleno
Maruti Suzuki,maruti-suzuki-brezza,2023,1,20000.0,0,0,2,1270000,Maruti Suzuki maruti-suzuki-brezza
Honda,City ZX,2007,17,85000.0,0,1,0,170000,Honda City ZX
Tata,Indica Vista,2012,12,100000.0,1,1,1,160000,Tata Indica Vista
Maruti Suzuki,Ignis,2018,6,40000.0,1,0,2,500000,Maruti Suzuki Ignis
Tata,Nexon,2019,5,50000.0,1,0,2,625000,Tata Nexon
Ford,Ecosport,2016,8,44000.0,1,1,2,455000,Ford Ecosport
Hyundai,Aura,2024,0,10000.0,1,0,2,240000,Hyundai Aura
Maruti Suzuki,Celerio,2020,4,42000.0,0,1,0,480000,Maruti Suzuki Celerio
Toyota,Etios,2013,11,,1,1,0,320000,Toyota Etios
Hyundai,Xcent Prime,2014,10,60000.0,0,1,0,280000,Hyundai Xcent Prime
Honda,Accord,2013,11,85000.0,1,1,2,475000,Honda Accord
Maruti Suzuki,Ertiga,2020,4,40000.0,1,1,2,1000000,Maruti Suzuki Ertiga
Maruti Suzuki,Grand Vitara,2022,2,28850.0,0,0,0,1630000,Maruti Suzuki Grand Vitara
Hyundai,Venue,2019,5,82000.0,0,1,1,795000,Hyundai Venue
Audi,Q3,2016,8,45000.0,1,0,1,2150000,Audi Q3
Land Rover,Discovery Sport,2020,4,53500.0,1,1,1,4975000,Land Rover Discovery Sport
Mahindra,XUV500,2017,7,45000.0,1,0,1,1125000,Mahindra XUV500
Tata,Indica,2011,13,105000.0,0,1,1,135000,Tata Indica
Land Rover,Range Rover Sport,2020,4,30000.0,1,0,0,14500000,Land Rover Range Rover Sport
Toyota,Camry,2017,7,80000.0,1,1,2,1399000,Toyota Camry
Hyundai,Eon,2015,9,80000.0,0,0,2,249000,Hyundai Eon
Hyundai,Xcent,2014,10,90000.0,0,1,1,410000,Hyundai Xcent
Honda,City ZX,2015,9,109000.0,0,1,2,475000,Honda City ZX
Hyundai,Creta,2022,2,71000.0,0,0,1,1545000,Hyundai Creta
Maruti Suzuki,Ertiga,2020,4,24.0,1,0,2,1020000,Maruti Suzuki Ertiga
Maruti Suzuki,Wagon-R,2016,8,43000.0,0,1,2,350000,Maruti Suzuki Wagon-R
Maruti Suzuki,Ertiga,2020,4,96000.0,0,0,2,1035000,Maruti Suzuki Ertiga
Maruti Suzuki,Baleno,2018,6,66000.0,1,1,2,545000,Maruti Suzuki Baleno
Maruti Suzuki,Swift,2014,10,75000.0,0,0,0,295000,Maruti Suzuki Swift
Hyundai,Fluidic Verna,2011,13,98500.0,0,1,1,319000,Hyundai Fluidic Verna
Ford,Fiesta,2009,15,86861.0,0,1,2,148000,Ford Fiesta
Maruti Suzuki,Swift-Dzire,2019,5,116500.0,1,0,2,460000,Maruti Suzuki Swift-Dzire
Audi,A6,2019,5,98000.0,1,1,1,1900000,Audi A6
Skoda,Rapid,2014,10,59779.0,1,1,0,425000,Skoda Rapid
MG,Hector,2021,3,43000.0,1,0,0,1595000,MG Hector
Kia,Sonet,2021,3,50000.0,1,0,1,1360000,Kia Sonet
Toyota,Fortuner,2014,10,89000.0,1,0,1,1300000,Toyota Fortuner
Toyota,Innova,2013,11,114918.0,0,0,1,775000,Toyota Innova
Mahindra,Scorpio,2015,9,83455.0,0,1,1,890000,Mahindra Scorpio
Maruti Suzuki,Grand Vitara,2018,6,110000.0,0,0,1,925000,Maruti Suzuki Grand Vitara
Opel,Corsa,2002,22,45000.0,0,1,0,190000,Opel Corsa
Maruti Suzuki,Omni,2014,10,200000.0,1,0,2,110000,Maruti Suzuki Omni
Maruti Suzuki,Zen-Estilo,2006,18,130000.0,0,1,0,90000,Maruti Suzuki Zen-Estilo
Audi,A3,2019,5,59000.0,1,1,1,2200000,Audi A3
Maruti Suzuki,Eeco,2017,7,100000.0,1,1,2,340000,Maruti Suzuki Eeco
Mahindra,Bolero,2017,7,129000.0,0,0,1,720000,Mahindra Bolero
Maruti Suzuki,Ciaz,2015,9,88000.0,0,1,0,575000,Maruti Suzuki Ciaz
Maruti Suzuki,Wagon R 1.0,2019,5,52000.0,0,0,2,490000,Maruti Suzuki Wagon R 1.0
Hyundai,Creta,2018,6,91000.0,0,0,1,1080000,Hyundai Creta
Honda,Jazz,2016,8,62091.0,1,1,0,599000,Honda Jazz
Maruti Suzuki,New-gen Swift,2019,5,78000.0,1,0,0,490000,Maruti Suzuki New-gen Swift
Hyundai,Grand i10,2011,13,135000.0,1,0,2,150000,Hyundai Grand i10
Ford,Endeavour,2018,6,62000.0,1,0,1,3450000,Ford Endeavour
Maruti Suzuki,Vitara-Brezza,2016,8,84000.0,0,0,1,625001,Maruti Suzuki Vitara-Brezza
Hyundai,Venue,2019,5,128122.0,0,0,1,750000,Hyundai Venue
Nissan,Micra,2016,8,54000.0,1,1,0,490000,Nissan Micra
Maruti Suzuki,Wagon-R,2014,10,84920.0,1,1,2,260000,Maruti Suzuki Wagon-R
Kia,Seltos,2021,3,40000.0,1,0,0,1550000,Kia Seltos
Maruti Suzuki,Wagon-R,2010,14,75000.0,0,0,2,190000,Maruti Suzuki Wagon-R
Toyota,Land Cruiser,2019,5,40000.0,1,0,1,16500000,Toyota Land Cruiser
Honda,Amaze,2015,9,47000.0,1,1,0,349000,Honda Amaze
Maruti Suzuki,Swift-Dzire,2013,11,,0,1,1,245000,Maruti Suzuki Swift-Dzire
Audi,Q3,2014,10,110000.0,1,1,1,1650000,Audi Q3
Maruti Suzuki,Celerio,2017,7,80000.0,0,0,2,390000,Maruti Suzuki Celerio
Volkswagen,VentoTest,2014,10,72900.0,1,1,1,511000,Volkswagen VentoTest
Maruti Suzuki,Omni,2009,15,65000.0,0,1,2,60000,Maruti Suzuki Omni
Maruti Suzuki,Swift-Dzire-Tour,2016,8,160000.0,0,1,1,430000,Maruti Suzuki Swift-Dzire-Tour
Mahindra,XUV500,2017,7,94054.0,1,0,1,1131000,Mahindra XUV500
Renault,Fluence,2012,12,102506.0,1,1,0,315000,Renault Fluence
Hyundai,i10,2011,13,100000.0,0,1,0,230000,Hyundai i10
Volkswagen,Polo,2014,10,82000.0,0,1,0,300000,Volkswagen Polo
Honda,Amaze,2019,5,61000.0,0,1,2,530000,Honda Amaze
Kia,Seltos,2020,4,44197.0,1,0,1,1645000,Kia Seltos
Honda,Amaze,2014,10,84999.0,0,1,2,278000,Honda Amaze
Maruti Suzuki,Swift,2023,1,39000.0,0,0,2,675000,Maruti Suzuki Swift
Honda,City,2012,12,60000.0,1,1,2,321999,Honda City
Hyundai,i10,2009,15,80000.0,0,0,2,165000,Hyundai i10
Mahindra,Bolero,2020,4,53000.0,0,0,1,700000,Mahindra Bolero
Mahindra,XUV500,2018,6,61000.0,0,0,1,945000,Mahindra XUV500
Mini,Cooper S,2019,5,17000.0,1,1,0,4599999,Mini Cooper S
Maruti Suzuki,S-Presso,2020,4,54000.0,0,0,0,430000,Maruti Suzuki S-Presso
Tata,Indica,2008,16,24000.0,0,0,0,130000,Tata Indica
Honda,Jazz,2016,8,62000.0,1,1,0,400000,Honda Jazz
Ford,Fiesta,2010,14,93000.0,0,1,1,175000,Ford Fiesta
Hyundai,Xcent,2018,6,51000.0,0,0,2,476000,Hyundai Xcent
Maruti Suzuki,Swift,2019,5,57000.0,1,0,0,595000,Maruti Suzuki Swift
Maruti Suzuki,Wagon-R-1-0,2019,5,75000.0,0,0,2,515000,Maruti Suzuki Wagon-R-1-0
Mercedes-Benz,E-Class,2018,6,75000.0,1,0,1,2995000,Mercedes-Benz E-Class
Hyundai,New Santro,2021,3,48000.0,0,0,2,550000,Hyundai New Santro
Mahindra,Thar,2022,2,26000.0,1,0,1,1790000,Mahindra Thar
Maruti Suzuki,Swift,2016,8,65000.0,0,0,2,399000,Maruti Suzuki Swift
Maruti Suzuki,Vitara-Brezza,2018,6,32000.0,0,0,1,675000,Maruti Suzuki Vitara-Brezza
MG,Hector,2021,3,9000.0,1,0,0,1721000,MG Hector
Mercedes-Benz,S-Class,2001,23,95000.0,1,1,0,399000,Mercedes-Benz S-Class
Hyundai,i10,2011,13,67000.0,0,0,0,210000,Hyundai i10
Toyota,Innova,2010,14,187000.0,0,1,1,540000,Toyota Innova
Audi,A8 L,2015,9,59000.0,1,0,1,2350000,Audi A8 L
Maruti Suzuki,Wagon-R,2016,8,100000.0,1,1,2,240000,Maruti Suzuki Wagon-R
Toyota,Innova,2013,11,250000.0,0,1,1,799999,Toyota Innova
Maruti Suzuki,Swift-Dzire,2014,10,71500.0,0,1,1,499000,Maruti Suzuki Swift-Dzire
Ford,Free Style,2019,5,51000.0,0,0,1,395000,Ford Free Style
Maruti Suzuki,Ertiga,2017,7,46000.0,1,1,0,725000,Maruti Suzuki Ertiga
Tata,Tigor,2017,7,48000.0,0,0,2,445000,Tata Tigor
Honda,Jazz,2018,6,85000.0,1,0,2,575000,Honda Jazz
Nissan,Micra,2017,7,75000.0,1,1,2,290000,Nissan Micra
Audi,A3,2015,9,42000.0,1,1,1,1050000,Audi A3
Renault,KWID,2017,7,30000.0,1,1,0,375000,Renault KWID
Maruti Suzuki,Grand Vitara,2023,1,14000.0,1,0,2,2225000,Maruti Suzuki Grand Vitara
Maruti Suzuki,XL6,2024,0,11000.0,1,0,2,1324999,Maruti Suzuki XL6
Audi,A6,2015,9,93000.0,1,0,1,1090000,Audi A6
Maruti Suzuki,Swift,2016,8,65000.0,0,0,2,399000,Maruti Suzuki Swift
Hyundai,Grand i10 Nios,2019,5,59284.0,1,1,0,533000,Hyundai Grand i10 Nios
Maruti Suzuki,Wagon-R-Stingray,2017,7,55000.0,0,0,2,350000,Maruti Suzuki Wagon-R-Stingray
Skoda,Superb,2017,7,85000.0,1,0,0,1675000,Skoda Superb
Hyundai,i10,2010,14,62000.0,1,1,2,255000,Hyundai i10
Hyundai,Creta,2021,3,56000.0,0,1,1,1590000,Hyundai Creta
Renault,KWID,2018,6,70000.0,1,1,0,325000,Renault KWID
Honda,Jazz,2016,8,36000.0,1,1,0,625000,Honda Jazz
Honda,City,2015,9,68000.0,1,1,2,575000,Honda City
Hyundai,Venue,2022,2,45000.0,0,0,0,760000,Hyundai Venue
Audi,Q3,2013,11,175000.0,1,0,1,1375000,Audi Q3
Maruti Suzuki,Swift-Dzire,2017,7,115000.0,0,1,2,330000,Maruti Suzuki Swift-Dzire
Skoda,Slavia,2022,2,48000.0,0,0,0,1350000,Skoda Slavia
Hyundai,i20,2022,2,45000.0,0,0,0,725000,Hyundai i20
Toyota,Corolla Altis,2014,10,190000.0,0,0,1,945000,Toyota Corolla Altis
Toyota,Urban Cruiser Hyryder,2022,2,28000.0,1,0,2,2095000,Toyota Urban Cruiser Hyryder
Maruti Suzuki,Eeco,2014,10,79000.0,0,1,2,285000,Maruti Suzuki Eeco
Toyota,Innova Crysta,2019,5,27000.0,1,0,0,1899000,Toyota Innova Crysta
Tata,Harrier,2022,2,14000.0,1,0,1,1780000,Tata Harrier
Maruti Suzuki,Ignis,2022,2,39000.0,1,0,0,675000,Maruti Suzuki Ignis
Toyota,Corolla Altis,2010,14,85000.0,0,1,2,235000,Toyota Corolla Altis
Maruti Suzuki,Swift-Dzire,2010,14,85000.0,0,1,0,175000,Maruti Suzuki Swift-Dzire
Tata,Zest,2015,9,140000.0,0,1,1,250000,Tata Zest
Renault,Scala,2012,12,50000.0,0,1,2,229000,Renault Scala
Hyundai,Grand i10 Nios,2021,3,88000.0,0,0,2,575000,Hyundai Grand i10 Nios
BMW,X1,2017,7,57000.0,1,1,1,1799999,BMW X1
Tata,Hexa,2020,4,85000.0,0,0,1,625000,Tata Hexa
Honda,City ZX,2010,14,90000.0,1,1,2,270000,Honda City ZX
Toyota,Innova,2014,10,96760.0,0,1,1,975000,Toyota Innova
Maruti Suzuki,Wagon-R,2013,11,64000.0,0,0,2,190000,Maruti Suzuki Wagon-R
Tata,Tiago,2017,7,52000.0,1,1,0,400000,Tata Tiago
Toyota,Innova Crysta,2018,6,151000.0,1,0,1,1650000,Toyota Innova Crysta
Maruti Suzuki,Swift,2018,6,68364.0,0,0,0,685000,Maruti Suzuki Swift
Mercedes-Benz,E-Class,2012,12,74000.0,1,1,1,1295000,Mercedes-Benz E-Class
Honda,Amaze,2015,9,71000.0,0,0,0,275000,Honda Amaze
Maruti Suzuki,Eeco,2021,3,75000.0,0,0,2,515000,Maruti Suzuki Eeco
Kia,Sonet,2022,2,27000.0,0,0,1,1175000,Kia Sonet
Maruti Suzuki,Wagon-R,2018,6,80000.0,1,1,2,351000,Maruti Suzuki Wagon-R
Hyundai,Creta,2021,3,32000.0,0,0,1,975000,Hyundai Creta
Hyundai,Santro Xing,2009,15,86000.0,0,1,2,125000,Hyundai Santro Xing
Maruti Suzuki,Wagon-R,2015,9,62000.0,0,1,2,125000,Maruti Suzuki Wagon-R
Hyundai,Xcent,2014,10,72000.0,1,1,2,445000,Hyundai Xcent
Maruti Suzuki,Baleno,2016,8,31000.0,1,1,0,4999000,Maruti Suzuki Baleno
Ford,Ecosport,2013,11,119000.0,0,1,1,450000,Ford Ecosport
Toyota,Fortuner,2012,12,168554.0,0,1,1,985000,Toyota Fortuner
Maruti Suzuki,Swift-Dzire,2009,15,98000.0,0,1,1,245000,Maruti Suzuki Swift-Dzire
Mercedes-Benz,GLA,2016,8,50000.0,1,1,0,1585000,Mercedes-Benz GLA
Maruti Suzuki,800,2009,15,97000.0,1,1,1,120000,Maruti Suzuki 800
Maruti Suzuki,Baleno,2016,8,60837.0,0,0,0,467000,Maruti Suzuki Baleno
Maruti Suzuki,Celerio,2014,10,60000.0,1,0,0,290000,Maruti Suzuki Celerio
Honda,WRV,2017,7,41000.0,0,0,1,775000,Honda WRV
Tata,Nano,2014,10,74000.0,0,0,2,140000,Tata Nano
Maruti Suzuki,Ertiga,2018,6,76000.0,0,1,2,695000,Maruti Suzuki Ertiga
Land Rover,Range Rover,2019,5,110000.0,1,1,1,14000000,Land Rover Range Rover
Toyota,Innova,2013,11,130000.0,0,0,1,700000,Toyota Innova
Maruti Suzuki,Sx4,2010,14,123000.0,0,1,0,210000,Maruti Suzuki Sx4
Hyundai,Verna,2020,4,49500.0,1,0,0,1099000,Hyundai Verna
Renault,Triber,2021,3,58000.0,1,1,0,475000,Renault Triber
Hyundai,EON,2015,9,3586.0,0,0,0,160000,Hyundai EON
Mahindra,Marazzo,2019,5,40000.0,1,0,1,850000,Mahindra Marazzo
Ford,Endeavour,2016,8,99000.0,1,1,1,1650000,Ford Endeavour
Nissan,Sunny,2011,13,52000.0,0,0,0,199000,Nissan Sunny
Mercedes-Benz,G,2011,13,45000.0,1,1,1,7500000,Mercedes-Benz G
Toyota,Fortuner,2018,6,90000.0,1,1,1,3485000,Toyota Fortuner
Maruti Suzuki,Wagon-R-1-0,2021,3,28000.0,0,0,2,485000,Maruti Suzuki Wagon-R-1-0
Ford,Endeavour,2021,3,45000.0,1,0,1,3583000,Ford Endeavour
Fiat,Linea,2010,14,112000.0,0,1,1,290000,Fiat Linea
Hyundai,i20,2011,13,64000.0,0,1,2,255000,Hyundai i20
Volkswagen,Tiguan,2018,6,74656.0,1,0,1,1850000,Volkswagen Tiguan
Hyundai,Creta,2016,8,75000.0,0,1,1,985000,Hyundai Creta
Maruti Suzuki,Swift-Dzire,2016,8,61000.0,0,1,1,565000,Maruti Suzuki Swift-Dzire
Maruti Suzuki,Alto-800,2017,7,72000.0,0,1,0,260000,Maruti Suzuki Alto-800
Toyota,Innova Crysta,2020,4,62000.0,0,0,1,2645000,Toyota Innova Crysta
Maruti Suzuki,Gypsy,2014,10,120000.0,0,1,0,420000,Maruti Suzuki Gypsy
Maruti Suzuki,Wagon-R,2020,4,73500.0,0,0,2,550000,Maruti Suzuki Wagon-R
Toyota,Etios,2015,9,203000.0,0,1,1,450000,Toyota Etios
Maruti Suzuki,Baleno,2016,8,77000.0,1,1,2,489999,Maruti Suzuki Baleno
Maruti Suzuki,Alto-800,2022,2,140000.0,1,0,2,400000,Maruti Suzuki Alto-800
Toyota,Corolla Altis,2009,15,84000.0,0,1,2,145000,Toyota Corolla Altis
Hyundai,Venue,2022,2,39000.0,0,1,0,955000,Hyundai Venue
Hyundai,Creta,2016,8,78000.0,0,1,1,825000,Hyundai Creta
Maruti Suzuki,Ertiga,2021,3,64000.0,1,0,2,950000,Maruti Suzuki Ertiga
Hyundai,Accent,2008,16,102000.0,0,0,0,125000,Hyundai Accent
Hyundai,Verna,2018,6,48000.0,1,1,0,899999,Hyundai Verna
Maruti Suzuki,Wagon-R,2020,4,40000.0,0,1,2,525000,Maruti Suzuki Wagon-R
Audi,A6,2016,8,63000.0,1,1,0,1735000,Audi A6
Hyundai,Aura,2023,1,40000.0,0,0,2,730000,Hyundai Aura
Honda,City,2009,15,73000.0,1,1,2,290000,Honda City
Toyota,Innova,2014,10,50999.0,0,1,1,1350000,Toyota Innova
Maruti Suzuki,Baleno,2017,7,66500.0,0,0,0,665000,Maruti Suzuki Baleno
Hyundai,Verna,2018,6,63000.0,0,0,1,870000,Hyundai Verna
BMW,5 Series,2022,2,17000.0,1,0,1,6250000,BMW 5 Series
Maruti Suzuki,Baleno,2020,4,17500.0,1,0,0,595000,Maruti Suzuki Baleno
Hyundai,Santro Xing,2009,15,102000.0,0,1,2,159000,Hyundai Santro Xing
Mercedes-Benz,C-Class,2016,8,53000.0,1,0,1,3800000,Mercedes-Benz C-Class
Hyundai,i20,2016,8,37200.0,0,1,0,590000,Hyundai i20
Maruti Suzuki,Alto-800,2012,12,85000.0,0,1,2,100000,Maruti Suzuki Alto-800
Maruti Suzuki,Sx4,2011,13,68538.0,0,1,2,175000,Maruti Suzuki Sx4
BMW,3 Series GT,2015,9,61000.0,1,1,1,1500000,BMW 3 Series GT
Maruti Suzuki,Celerio,2017,7,710000.0,1,0,0,425000,Maruti Suzuki Celerio
Audi,Q7,2014,10,45000.0,1,1,1,1200000,Audi Q7
Maruti Suzuki,Ertiga,2021,3,110000.0,0,0,2,1051000,Maruti Suzuki Ertiga
Hyundai,Grand i10 Nios,2021,3,40000.0,1,0,0,625000,Hyundai Grand i10 Nios
Kia,Sonet,2022,2,69726.0,0,0,1,1050000,Kia Sonet
Maruti Suzuki,S-Presso,2020,4,52000.0,1,0,0,490000,Maruti Suzuki S-Presso
Kia,Carnival,2022,2,39000.0,1,0,1,3100000,Kia Carnival
Maruti Suzuki,XL6,2019,5,71000.0,1,0,0,925000,Maruti Suzuki XL6
Maruti Suzuki,Ritz,2010,14,74000.0,0,0,2,145000,Maruti Suzuki Ritz
Maruti Suzuki,Eeco,2018,6,0.0,0,1,2,350000,Maruti Suzuki Eeco
Maruti Suzuki,Eeco,2014,10,720000.0,0,0,2,350000,Maruti Suzuki Eeco
Maruti Suzuki,Wagon-R,2021,3,113707.0,0,0,0,485000,Maruti Suzuki Wagon-R
Maruti Suzuki,Ritz,2016,8,66000.0,0,0,1,290000,Maruti Suzuki Ritz
Maruti Suzuki,Wagon-R,2010,14,58888.0,0,1,2,199000,Maruti Suzuki Wagon-R
Honda,Civic,2010,14,86000.0,1,1,0,238000,Honda Civic
Hyundai,Creta,2018,6,50480.0,1,0,1,1250001,Hyundai Creta
Maruti Suzuki,Swift,2012,12,77000.0,0,0,1,299000,Maruti Suzuki Swift
Audi,A4,2015,9,76000.0,1,1,0,1450000,Audi A4
Maruti Suzuki,Zen-Estilo,1998,26,,0,1,0,27000,Maruti Suzuki Zen-Estilo
Renault,Duster,2015,9,138624.0,0,0,1,420000,Renault Duster
Hyundai,Fluidic Verna,2014,10,43000.0,0,1,0,550000,Hyundai Fluidic Verna
Honda,Amaze,2015,9,82000.0,0,1,2,299000,Honda Amaze
Mahindra,Verito,2011,13,220000.0,0,1,1,235000,Mahindra Verito
Maruti Suzuki,Wagon-R,2022,2,16000.0,0,0,2,560000,Maruti Suzuki Wagon-R
Mahindra,XUV500,2012,12,73000.0,0,1,1,365000,Mahindra XUV500
Toyota,Urban Cruiser Hyryder,2022,2,38000.0,1,0,2,1550000,Toyota Urban Cruiser Hyryder
Skoda,Rapid,2016,8,80000.0,1,0,1,651000,Skoda Rapid
Maruti Suzuki,Baleno,2023,1,27164.0,1,0,2,905000,Maruti Suzuki Baleno
Honda,City,2011,13,174988.0,1,1,2,199500,Honda City
Ford,Ecosport,2013,11,65000.0,0,1,1,400000,Ford Ecosport
Hyundai,Verna,2013,11,90000.0,0,1,1,529000,Hyundai Verna
Tata,Indica V2,2003,21,80000.0,0,1,1,49000,Tata Indica V2
Tata,Nexon,2018,6,62000.0,1,1,0,675000,Tata Nexon
Tata,Safari,2012,12,79800.0,0,1,1,285000,Tata Safari
Tata,Hexa,2017,7,99000.0,1,0,1,999000,Tata Hexa
Maruti Suzuki,Ertiga,2016,8,74000.0,1,0,2,689000,Maruti Suzuki Ertiga
Jaguar,XF,2011,13,98000.0,1,0,1,1250000,Jaguar XF
Maruti Suzuki,Vitara-Brezza,2016,8,128000.0,0,0,1,765000,Maruti Suzuki Vitara-Brezza
Toyota,Corolla Altis,2015,9,68000.0,1,1,2,777777,Toyota Corolla Altis
Maruti Suzuki,Alto,2013,11,72000.0,0,1,2,160000,Maruti Suzuki Alto
BMW,X5,2018,6,55000.0,1,0,1,4400000,BMW X5
Maruti Suzuki,Omni,2005,19,91000.0,0,1,0,130000,Maruti Suzuki Omni
Ford,Endeavour,2017,7,200000.0,1,0,1,1990000,Ford Endeavour
Honda,CRV,2014,10,65000.0,1,0,0,750000,Honda CRV
Maruti Suzuki,Celerio,2015,9,52000.0,1,1,2,330000,Maruti Suzuki Celerio
Maruti Suzuki,Celerio,2016,8,34000.0,1,1,0,399999,Maruti Suzuki Celerio
Maruti Suzuki,Alto,2012,12,90000.0,0,1,2,85000,Maruti Suzuki Alto
BMW,6 Series GT,2019,5,85000.0,1,0,0,3400000,BMW 6 Series GT
Skoda,Rapid,2019,5,77873.0,0,0,0,640000,Skoda Rapid
Mahindra,Thar,2022,2,98000.0,1,0,1,1600000,Mahindra Thar
Toyota,Camry,2016,8,65000.0,1,0,2,1650000,Toyota Camry
Hyundai,i20,2019,5,48000.0,0,0,2,660000,Hyundai i20
Ford,Figo Aspire,2016,8,45000.0,0,1,0,345000,Ford Figo Aspire
Maruti Suzuki,Ertiga,2020,4,780000.0,1,0,2,949999,Maruti Suzuki Ertiga
Volkswagen,VentoTest,2018,6,68000.0,1,1,1,799999,Volkswagen VentoTest
Maruti Suzuki,Eeco,2019,5,88000.0,1,0,2,455000,Maruti Suzuki Eeco
Maruti Suzuki,Swift-Dzire,2015,9,81000.0,0,1,2,525000,Maruti Suzuki Swift-Dzire
Honda,Jazz,2016,8,66000.0,1,1,0,490000,Honda Jazz
Maruti Suzuki,Ritz,2014,10,145999.0,0,0,1,375000,Maruti Suzuki Ritz
Toyota,Innova Crysta,2018,6,188000.0,0,0,1,1500000,Toyota Innova Crysta
Maruti Suzuki,Swift-Dzire,2018,6,210000.0,0,1,1,500000,Maruti Suzuki Swift-Dzire
Ford,Fiesta,2011,13,175000.0,0,1,1,250000,Ford Fiesta
Maruti Suzuki,Ciaz,2016,8,62982.0,0,1,0,625000,Maruti Suzuki Ciaz
Hyundai,Grand i10 Nios,2021,3,19500.0,0,1,0,575000,Hyundai Grand i10 Nios
Hyundai,Grand i10 Nios,2020,4,47523.0,0,0,0,495000,Hyundai Grand i10 Nios
Maruti Suzuki,Swift-Dzire,2018,6,130000.0,0,0,0,600000,Maruti Suzuki Swift-Dzire
Mini,Countryman,2012,12,7400.0,1,1,0,1250000,Mini Countryman
Tata,Indigo Cs,2010,14,164000.0,0,1,1,125000,Tata Indigo Cs
Hyundai,New Santro,2006,18,20.0,1,1,2,90000,Hyundai New Santro
Maruti Suzuki,Swift,2015,9,74000.0,0,1,0,390000,Maruti Suzuki Swift
Maruti Suzuki,Wagon-R,2022,2,63000.0,0,0,2,590000,Maruti Suzuki Wagon-R
Jeep,Wrangler,2022,2,15000.0,1,0,0,7000000,Jeep Wrangler
Maruti Suzuki,800,2009,15,40.0,1,0,0,62000,Maruti Suzuki 800
Toyota,Innova Crysta,2019,5,55000.0,1,0,1,2230000,Toyota Innova Crysta
Hyundai,Grand i10,2017,7,82000.0,1,0,2,475000,Hyundai Grand i10
Honda,City,2016,8,52000.0,0,0,0,499000,Honda City
Maruti Suzuki,Wagon R,2017,7,52000.0,0,0,2,350000,Maruti Suzuki Wagon R
Mercedes-Benz,S-Class,2011,13,42000.0,1,1,0,3000000,Mercedes-Benz S-Class
Mercedes-Benz,GLE Class,2020,4,19000.0,1,0,1,8050000,Mercedes-Benz GLE Class
Maruti Suzuki,Wagon-R,2022,2,22000.0,1,0,0,600000,Maruti Suzuki Wagon-R
Volvo,XC60,2023,1,9700.0,1,0,0,6000000,Volvo XC60
Hyundai,Verna,2016,8,55000.0,1,1,0,280000,Hyundai Verna
BMW,7 Series,2017,7,58900.0,1,1,1,4850000,BMW 7 Series
Kia,Seltos,2022,2,48000.0,0,1,1,1190000,Kia Seltos
BMW,5 Series,2016,8,47000.0,1,1,1,2500000,BMW 5 Series
Mahindra,Scorpio,2022,2,69120.0,0,0,1,1595000,Mahindra Scorpio
Hyundai,Verna,2019,5,29000.0,1,1,0,1000000,Hyundai Verna
Renault,KWID,2022,2,17000.0,0,0,0,400000,Renault KWID
Volkswagen,VentoTest,2012,12,68000.0,0,1,1,390000,Volkswagen VentoTest
Mercedes-Benz,GLA,2022,2,25700.0,1,0,1,4700000,Mercedes-Benz GLA
Maruti Suzuki,Ertiga,2024,0,28.0,1,0,2,1320000,Maruti Suzuki Ertiga
Tata,Nexon,2019,5,70000.0,0,0,1,575000,Tata Nexon
Maruti Suzuki,Ritz,2010,14,75000.0,0,1,0,240000,Maruti Suzuki Ritz
Hyundai,Grand i10,2019,5,54252.0,1,0,0,525000,Hyundai Grand i10
Toyota,Corolla Altis,2014,10,78000.0,1,1,2,575000,Toyota Corolla Altis
Hyundai,Santa Fe,2015,9,95000.0,1,1,1,850000,Hyundai Santa Fe
Tata,Nano Genx,2015,9,26000.0,1,0,0,250000,Tata Nano Genx
Mercedes-Benz,C-Class,2011,13,60000.0,1,0,0,1150000,Mercedes-Benz C-Class
Ford,Ecosport,2014,10,110000.0,0,1,0,350000,Ford Ecosport
Maruti Suzuki,Ciaz,2018,6,50000.0,1,0,2,599000,Maruti Suzuki Ciaz
Hyundai,i20,2010,14,82487.0,1,1,0,279999,Hyundai i20
Maruti Suzuki,Ciaz,2018,6,35000.0,1,0,2,945000,Maruti Suzuki Ciaz
Maruti Suzuki,Swift-Dzire,2017,7,85000.0,1,1,1,560000,Maruti Suzuki Swift-Dzire
Honda,City,2010,14,96000.0,1,1,2,299000,Honda City
Audi,Q7,2014,10,45000.0,1,1,1,1200000,Audi Q7
Maruti Suzuki,Wagon-R,2019,5,44000.0,1,0,2,430000,Maruti Suzuki Wagon-R
Volkswagen,Polo,2014,10,90000.0,0,1,0,398888,Volkswagen Polo
Maruti Suzuki,Omni,2010,14,100000.0,0,1,2,110000,Maruti Suzuki Omni
Maruti Suzuki,Ertiga,2015,9,75000.0,0,1,2,650000,Maruti Suzuki Ertiga
Renault,KWID,2018,6,60000.0,1,0,0,405000,Renault KWID
Mahindra,Scorpio,2021,3,59642.0,0,0,1,1170000,Mahindra Scorpio
Nissan,Sunny,2013,11,56850.0,1,1,2,185000,Nissan Sunny
Renault,Duster,2018,6,100000.0,0,0,1,835000,Renault Duster
Hyundai,Verna,2019,5,72000.0,0,1,1,777000,Hyundai Verna
Toyota,Innova Crysta,2017,7,110000.0,1,1,1,1563000,Toyota Innova Crysta
Maruti Suzuki,Baleno,2016,8,68000.0,1,1,2,489999,Maruti Suzuki Baleno
Tata,Altroz,2020,4,26000.0,0,0,0,759000,Tata Altroz
Hyundai,Grand i10,2018,6,75000.0,0,1,2,399000,Hyundai Grand i10
Maruti Suzuki,Alto,2010,14,76000.0,0,1,0,208000,Maruti Suzuki Alto
BMW,X1,2020,4,45000.0,1,0,0,3700000,BMW X1
Maruti Suzuki,Ritz,2015,9,64000.0,0,1,0,295000,Maruti Suzuki Ritz
Hyundai,Creta,2018,6,76500.0,0,0,1,800000,Hyundai Creta
Porsche,Cayenne,2011,13,56000.0,1,1,1,1320000,Porsche Cayenne
Mahindra,XUV 300,2022,2,12000.0,0,0,0,949000,Mahindra XUV 300
Maruti Suzuki,Wagon R,2020,4,36230.0,1,0,0,625000,Maruti Suzuki Wagon R
Toyota,Innova Hycross,2022,2,35000.0,1,0,0,2200000,Toyota Innova Hycross
Mahindra,Xylo,2013,11,10.0,0,1,1,198000,Mahindra Xylo
Honda,Amaze,2013,11,99000.0,0,0,1,395000,Honda Amaze
Maruti Suzuki,Celerio,2018,6,73000.0,1,0,0,475000,Maruti Suzuki Celerio
Hyundai,Santro Xing,2012,12,97000.0,0,1,0,150000,Hyundai Santro Xing
Toyota,Fortuner,2017,7,63000.0,1,1,1,3300000,Toyota Fortuner
Honda,Brio,2012,12,90000.0,0,0,0,290000,Honda Brio
Honda,City,2015,9,41000.0,1,1,0,645000,Honda City
Toyota,Land Cruiser,2009,15,120000.0,1,1,1,4200000,Toyota Land Cruiser
Kia,Seltos,2019,5,22000.0,1,1,0,1195000,Kia Seltos
Hyundai,Creta,2017,7,45000.0,1,0,0,869000,Hyundai Creta
Honda,City,2017,7,29000.0,1,1,0,775000,Honda City
Maruti Suzuki,Swift,2019,5,30000.0,0,0,0,610000,Maruti Suzuki Swift
Renault,Triber,2024,0,12000.0,0,0,0,625000,Renault Triber
Maruti Suzuki,Ciaz,2016,8,83000.0,0,1,2,450000,Maruti Suzuki Ciaz
Mahindra,Thar,2022,2,7500.0,1,0,0,1250000,Mahindra Thar
Hyundai,Creta,2016,8,84000.0,1,0,1,725000,Hyundai Creta
Toyota,2.8 Legender 4X2,2024,0,6000.0,1,0,1,5495000,Toyota 2.8 Legender 4X2
Honda,City,2012,12,74000.0,1,1,2,310000,Honda City
Kia,Sonet,2021,3,34000.0,1,0,2,899000,Kia Sonet
Maruti Suzuki,Sx4,2012,12,67000.0,0,1,2,290000,Maruti Suzuki Sx4
Maruti Suzuki,Swift,2019,5,71000.0,1,0,0,649000,Maruti Suzuki Swift
Chevrolet,Spark,2011,13,68892.0,0,0,0,92000,Chevrolet Spark
Maruti Suzuki,Ertiga,2022,2,14000.0,0,0,2,1109000,Maruti Suzuki Ertiga
Tata,Indica V2,2015,9,96000.0,0,1,1,149000,Tata Indica V2
Maruti Suzuki,Omni,2016,8,36000.0,0,0,2,275000,Maruti Suzuki Omni
Maruti Suzuki,S-Presso,2019,5,55000.0,1,0,2,395000,Maruti Suzuki S-Presso
BMW,5 Series,2020,4,65000.0,1,1,1,4800000,BMW 5 Series
Honda,City,2014,10,86000.0,1,1,2,469000,Honda City
Mercedes-Benz,B Class,2014,10,79000.0,1,1,1,599000,Mercedes-Benz B Class
Toyota,Innova Crysta,2020,4,55000.0,1,0,1,2600000,Toyota Innova Crysta
Maruti Suzuki,Fronx ,2024,0,8000.0,0,0,0,100000,Maruti Suzuki Fronx 
Maruti Suzuki,Wagon-R,2015,9,80000.0,1,0,2,280000,Maruti Suzuki Wagon-R
Volkswagen,VentoTest,2017,7,78000.0,1,1,0,565000,Volkswagen VentoTest
Skoda,Fabia,2012,12,67000.0,0,0,1,150000,Skoda Fabia
BMW,3 Series,2014,10,48000.0,1,0,1,1425000,BMW 3 Series
BMW,3 Series GT,2015,9,61000.0,1,1,1,1500000,BMW 3 Series GT
Hyundai,Creta,2018,6,110000.0,0,0,1,1125000,Hyundai Creta
Toyota,Fortuner,2013,11,110000.0,0,1,1,1353000,Toyota Fortuner
Maruti Suzuki,Baleno,2016,8,90000.0,0,1,1,540000,Maruti Suzuki Baleno
Mercedes-Benz,CLS-Class,2013,11,129000.0,1,1,1,1750000,Mercedes-Benz CLS-Class
Maruti Suzuki,Wagon-R-1-0,2011,13,72000.0,0,1,2,140000,Maruti Suzuki Wagon-R-1-0
Ford,Endeavour,2016,8,56000.0,1,1,1,2250000,Ford Endeavour
Hyundai,Grand i10 Nios,2020,4,46000.0,1,0,2,590000,Hyundai Grand i10 Nios
Maruti Suzuki,Swift-Dzire,2013,11,102000.0,0,1,0,360000,Maruti Suzuki Swift-Dzire
Hyundai,Grand i10,2018,6,57000.0,0,1,2,399999,Hyundai Grand i10
Maruti Suzuki,Celerio,2017,7,80000.0,1,1,2,450000,Maruti Suzuki Celerio
Maruti Suzuki,Wagon-R-1-0,2011,13,78000.0,0,0,2,221000,Maruti Suzuki Wagon-R-1-0
Hyundai,i20,2011,13,80000.0,1,1,2,220000,Hyundai i20
Hyundai,i10,2013,11,85200.0,1,1,2,321000,Hyundai i10
Toyota,Camry,2014,10,122000.0,1,1,0,899000,Toyota Camry
Tata,Punch ,2022,2,7900.0,1,1,0,890000,Tata Punch 
Honda,Amaze,2019,5,72000.0,0,0,2,451000,Honda Amaze
Mini,3 DOOR,2019,5,39000.0,1,1,0,3900000,Mini 3 DOOR
Maruti Suzuki,Baleno,2018,6,108000.0,0,1,1,550000,Maruti Suzuki Baleno
Maruti Suzuki,800,1986,38,68000.0,0,1,0,120000,Maruti Suzuki 800
Toyota,Urban Cruiser Hyryder,2022,2,36240.0,0,0,0,1550000,Toyota Urban Cruiser Hyryder
Hyundai,Accent Hatchback,2005,19,150000.0,0,0,0,95000,Hyundai Accent Hatchback
Renault,Triber,2019,5,39892.0,0,0,0,560000,Renault Triber
Mahindra,Xylo,2016,8,220000.0,0,1,1,465000,Mahindra Xylo
Tata,Nexon,2020,4,105800.0,1,0,0,675000,Tata Nexon
Maruti Suzuki,Eeco,2017,7,85000.0,1,1,2,460000,Maruti Suzuki Eeco
Maruti Suzuki,Swift-Dzire,2024,0,15000.0,0,0,2,280000,Maruti Suzuki Swift-Dzire
Honda,City,2016,8,64000.0,0,0,2,585000,Honda City
Toyota,Innova Crysta,2017,7,46000.0,1,1,1,2300000,Toyota Innova Crysta
Maruti Suzuki,Baleno,2020,4,37000.0,0,0,0,665000,Maruti Suzuki Baleno
Honda,City,2021,3,20000.0,1,1,0,1325000,Honda City
Volkswagen,VentoTest,2011,13,67000.0,1,1,2,450000,Volkswagen VentoTest
Toyota,Etios Liva,2019,5,112500.0,0,1,1,850000,Toyota Etios Liva
Hyundai,Aura,2020,4,94000.0,1,1,1,750000,Hyundai Aura
Maruti Suzuki,Baleno,2016,8,72000.0,1,1,0,545000,Maruti Suzuki Baleno
Mercedes-Benz,C-Class,2003,21,87000.0,1,1,0,265000,Mercedes-Benz C-Class
Maruti Suzuki,Alto,2010,14,141000.0,1,1,0,79999,Maruti Suzuki Alto
Maruti Suzuki,Omni,2019,5,1.0,0,1,1,365000,Maruti Suzuki Omni
Audi,A4,2013,11,25000.0,0,0,1,950000,Audi A4
Honda,City,2010,14,189000.0,0,0,2,300000,Honda City
Renault,KWID,2016,8,38000.0,0,1,0,235000,Renault KWID
Hyundai,Verna,2017,7,63000.0,0,1,2,515000,Hyundai Verna
Tata,Manza,2012,12,75000.0,0,1,2,145000,Tata Manza
Maruti Suzuki,Invicto,2023,1,6100.0,1,1,2,2800000,Maruti Suzuki Invicto
Maruti Suzuki,Ertiga,2021,3,64000.0,0,0,2,899000,Maruti Suzuki Ertiga
Honda,CRV,2008,16,95000.0,1,1,2,250000,Honda CRV
Maruti Suzuki,Wagon-R-1-0,2018,6,150000.0,1,0,2,220000,Maruti Suzuki Wagon-R-1-0
Renault,Lodgy,2016,8,86000.0,0,0,1,375001,Renault Lodgy
Hyundai,Verna,2012,12,120000.0,1,1,1,450000,Hyundai Verna
Hyundai,EON,2012,12,48449.0,0,1,0,210000,Hyundai EON
Mercedes-Benz,SL-Class,2024,0,1400.0,1,0,0,24500000,Mercedes-Benz SL-Class
Maruti Suzuki,Wagon-R,2014,10,123000.0,0,1,0,350000,Maruti Suzuki Wagon-R
Hyundai,i20,2012,12,74000.0,0,0,1,295000,Hyundai i20
Skoda,Slavia,2022,2,84000.0,1,0,0,1030000,Skoda Slavia
Toyota,Fortuner,2015,9,95000.0,0,1,1,1145000,Toyota Fortuner
Hyundai,Elite i20,2020,4,64259.0,0,1,2,636000,Hyundai Elite i20
Maruti Suzuki,Celerio,2019,5,85000.0,0,1,2,449000,Maruti Suzuki Celerio
Honda,Amaze,2018,6,68000.0,1,0,2,550000,Honda Amaze
Maruti Suzuki,Ertiga,2016,8,90000.0,0,1,2,689000,Maruti Suzuki Ertiga
Maruti Suzuki,Alto-800,2019,5,17405.0,0,0,0,325000,Maruti Suzuki Alto-800
Maruti Suzuki,Baleno,2019,5,75000.0,1,1,0,650000,Maruti Suzuki Baleno
Ford,Ecosport,2021,3,42850.0,0,0,1,900000,Ford Ecosport
Toyota,Fortuner,2018,6,50200.0,1,1,1,2400000,Toyota Fortuner
Audi,A4,2012,12,68000.0,1,1,1,750000,Audi A4
Kia,Seltos,2022,2,39000.0,1,0,1,1825000,Kia Seltos
Maruti Suzuki,Wagon-R,2017,7,58670.0,0,0,0,365000,Maruti Suzuki Wagon-R
Maruti Suzuki,Ciaz,2019,5,43000.0,1,1,2,520000,Maruti Suzuki Ciaz
Tata,Vista Tech,2011,13,138000.0,0,0,1,222200,Tata Vista Tech
Maruti Suzuki,Wagon-R,2016,8,62000.0,1,1,0,365000,Maruti Suzuki Wagon-R
Maruti Suzuki,Wagon-R-1-0,2009,15,72000.0,0,1,2,115000,Maruti Suzuki Wagon-R-1-0
Hyundai,Grand i10,2017,7,39510.0,1,1,0,425100,Hyundai Grand i10
Toyota,2.8 Legender 4X2,2024,0,6000.0,1,0,1,5495000,Toyota 2.8 Legender 4X2
Maruti Suzuki,Wagon-R,2016,8,42000.0,1,0,0,311000,Maruti Suzuki Wagon-R
Hyundai,EON,2016,8,45000.0,0,0,2,275000,Hyundai EON
Honda,Amaze,2015,9,50000.0,0,0,0,249991,Honda Amaze
Maruti Suzuki,Ertiga,2019,5,59000.0,1,0,2,1150000,Maruti Suzuki Ertiga
Toyota,Innova Crysta,2022,2,55000.0,1,0,1,2050000,Toyota Innova Crysta
Honda,Amaze,2017,7,85500.0,0,1,2,295000,Honda Amaze
Toyota,Fortuner,2018,6,38000.0,1,0,1,2975000,Toyota Fortuner
Maruti Suzuki,Eeco,2021,3,47000.0,1,0,2,505000,Maruti Suzuki Eeco
Chevrolet,Beat,2015,9,61000.0,0,1,1,184000,Chevrolet Beat
Volkswagen,VentoTest,2016,8,65000.0,1,1,0,499999,Volkswagen VentoTest
Maruti Suzuki,Ignis,2017,7,48125.0,0,0,0,435000,Maruti Suzuki Ignis
Honda,Amaze,2021,3,119000.0,1,0,1,900000,Honda Amaze
Maruti Suzuki,Brezza,2017,7,56000.0,0,1,1,620000,Maruti Suzuki Brezza
Honda,CRV,2013,11,57000.0,1,1,0,715000,Honda CRV
Toyota,Innova Crysta,2018,6,99500.0,1,1,1,1949000,Toyota Innova Crysta
Hyundai,Tucson,2017,7,55000.0,1,0,1,1190000,Hyundai Tucson
Chevrolet,Captiva,2012,12,175300.0,1,1,1,395000,Chevrolet Captiva
MG,Hector,2020,4,96000.0,0,0,1,1275000,MG Hector
Hyundai,i20,2018,6,43000.0,0,0,0,595000,Hyundai i20
Honda,City,2015,9,90200.0,1,1,2,475000,Honda City
Hyundai,Xcent Prime,2018,6,130000.0,0,1,2,195000,Hyundai Xcent Prime
Maruti Suzuki,Ertiga,2021,3,64035.0,0,0,2,975000,Maruti Suzuki Ertiga
Hyundai,Verna,2007,17,79000.0,0,1,2,190000,Hyundai Verna
Hyundai,Creta,2018,6,54000.0,1,1,1,899000,Hyundai Creta
Mercedes-Benz,GLA,2016,8,41000.0,1,1,1,2225000,Mercedes-Benz GLA
Maruti Suzuki,Wagon R,2011,13,68000.0,0,1,2,190000,Maruti Suzuki Wagon R
Tata,Hexa,2017,7,77652.0,1,1,1,725000,Tata Hexa
Honda,Amaze,2022,2,25000.0,1,0,0,805000,Honda Amaze
Tata,Tiago,2016,8,110818.0,0,1,0,325000,Tata Tiago
BMW,3 Series,2014,10,50000.0,1,0,1,1425000,BMW 3 Series
Datsun,GO Plus,2017,7,50000.0,1,0,2,330000,Datsun GO Plus
Hyundai,i10,2011,13,75000.0,1,1,2,325000,Hyundai i10
Maruti Suzuki,Swift-Dzire,2016,8,68000.0,0,0,2,365000,Maruti Suzuki Swift-Dzire
MG,Hector Plus,2023,1,10300.0,1,1,0,2125000,MG Hector Plus
Hyundai,i10,2009,15,115000.0,1,1,2,170000,Hyundai i10
Hyundai,Grand i10,2017,7,45000.0,0,0,2,375000,Hyundai Grand i10
Honda,Jazz,2019,5,62000.0,1,0,0,650000,Honda Jazz
Hyundai,Creta,2019,5,110000.0,1,0,1,1290000,Hyundai Creta
Maruti Suzuki,Baleno,2019,5,38032.0,1,1,0,690000,Maruti Suzuki Baleno
Maruti Suzuki,Wagon-R,2014,10,56000.0,1,1,2,260000,Maruti Suzuki Wagon-R
Ford,Endeavour,2020,4,85000.0,1,0,1,2985000,Ford Endeavour
Skoda,Kushaq,2022,2,24000.0,0,0,0,1250000,Skoda Kushaq
Toyota,Innova Crysta,2021,3,90000.0,1,0,1,1975000,Toyota Innova Crysta
Volvo,S90,2018,6,76000.0,1,0,1,2750000,Volvo S90
Toyota,Fortuner,2015,9,84000.0,1,0,1,1175000,Toyota Fortuner
Maruti Suzuki,Eeco,2020,4,36000.0,1,0,2,475000,Maruti Suzuki Eeco
Maruti Suzuki,Swift-Dzire,2016,8,108000.0,0,0,1,565000,Maruti Suzuki Swift-Dzire
Hyundai,Eon,2017,7,24200.0,1,1,2,300000,Hyundai Eon
Audi,A3 Cabriolet,2016,8,37909.0,1,1,0,2899999,Audi A3 Cabriolet
Hyundai,i20,2012,12,65606.0,0,1,2,211000,Hyundai i20
Ashok,Leyland Stile,2024,0,0.0,1,0,2,32000,Ashok Leyland Stile
Mahindra,XUV500,2014,10,70000.0,0,0,1,799000,Mahindra XUV500
Hyundai,i10,2009,15,55000.0,1,1,0,225000,Hyundai i10
Renault,Duster,2016,8,72000.0,1,1,1,400000,Renault Duster
Audi,A6,2022,2,50000.0,1,1,0,4500000,Audi A6
Maruti Suzuki,Wagon-R,2023,1,85000.0,1,0,2,210000,Maruti Suzuki Wagon-R
Maruti Suzuki,Swift,2022,2,40000.0,1,0,0,765000,Maruti Suzuki Swift
Volkswagen,Polo,2017,7,70677.0,0,0,0,549000,Volkswagen Polo
Maruti Suzuki,Ciaz,2014,10,63079.0,0,0,0,261000,Maruti Suzuki Ciaz
Honda,City ZX,2005,19,105000.0,0,1,0,130000,Honda City ZX
Maruti Suzuki,Swift-Dzire,2021,3,56000.0,0,0,0,625000,Maruti Suzuki Swift-Dzire
Maruti Suzuki,Estilo,2009,15,72000.0,0,1,0,159000,Maruti Suzuki Estilo
Jeep,Wrangler,2023,1,7000.0,1,0,0,6090000,Jeep Wrangler
Mercedes-Benz,CLA,2019,5,42000.0,1,0,0,2800000,Mercedes-Benz CLA
BMW,X5,2016,8,71000.0,1,1,1,3000000,BMW X5
Volkswagen,Jetta,2012,12,175000.0,0,1,1,400000,Volkswagen Jetta
Hyundai,Tucson,2017,7,85000.0,1,1,1,999999,Hyundai Tucson
Maruti Suzuki,Wagon R,2013,11,80000.0,0,1,2,235000,Maruti Suzuki Wagon R
Hyundai,Grand i10 Nios,2021,3,30941.0,0,1,2,625000,Hyundai Grand i10 Nios
Maruti Suzuki,Wagon-R,2016,8,55962.0,0,1,2,215500,Maruti Suzuki Wagon-R
Maruti Suzuki,Alto-800,2017,7,78000.0,1,0,2,290000,Maruti Suzuki Alto-800
Mahindra,Thar,2022,2,14000.0,1,1,2,1600000,Mahindra Thar
Toyota,Innova,2012,12,98000.0,0,1,1,850000,Toyota Innova
Toyota,Corolla Altis,2015,9,74000.0,1,1,0,649000,Toyota Corolla Altis
Toyota,Fortuner,2015,9,155000.0,1,1,1,1275000,Toyota Fortuner
Kia,Seltos,2022,2,17000.0,1,0,0,1575000,Kia Seltos
Kia,Sonet,2021,3,17451.0,1,0,0,1265000,Kia Sonet
Maruti Suzuki,S-Presso,2022,2,12000.0,1,0,0,520000,Maruti Suzuki S-Presso
Toyota,Urban Cruiser Hyryder,2023,1,18246.0,1,0,2,1950000,Toyota Urban Cruiser Hyryder
Datsun,Redi Go,2016,8,53000.0,0,1,2,290000,Datsun Redi Go
Hyundai,i20,2014,10,68000.0,0,1,2,385000,Hyundai i20
Toyota,Innova,2016,8,215000.0,0,1,1,1245000,Toyota Innova
Hyundai,Creta,2017,7,54000.0,1,0,1,1250000,Hyundai Creta
Honda,Amaze,2013,11,85000.0,0,1,1,299000,Honda Amaze
Hyundai,Xcent,2018,6,134286.0,0,1,1,365000,Hyundai Xcent
BMW,5 Series,2017,7,88000.0,1,0,1,2375000,BMW 5 Series
Toyota,Etios,2018,6,87600.0,0,1,1,455000,Toyota Etios
Tata,Nexon,2021,3,26000.0,1,0,2,895000,Tata Nexon
Honda,City,2015,9,138753.0,0,1,1,330000,Honda City
Maruti Suzuki,S-Cross1,2018,6,167000.0,0,1,1,715999,Maruti Suzuki S-Cross1
Hyundai,i20,2018,6,77665.0,0,0,0,599000,Hyundai i20
Hyundai,i20,2019,5,40000.0,0,0,2,545000,Hyundai i20
Hyundai,Fluidic Verna,2011,13,98500.0,0,1,1,319000,Hyundai Fluidic Verna
Maruti Suzuki,Ciaz,2019,5,53000.0,1,0,2,825000,Maruti Suzuki Ciaz
Honda,Amaze,2015,9,83000.0,0,1,2,325000,Honda Amaze
Hyundai,Eon,2013,11,65000.0,0,1,0,225000,Hyundai Eon
Mercedes-Benz,A-Class Limousine,2023,1,6700.0,1,0,0,3825000,Mercedes-Benz A-Class Limousine
Hyundai,Creta,2018,6,68000.0,1,0,0,850000,Hyundai Creta
Kia,Sonet,2021,3,65000.0,1,0,1,975000,Kia Sonet
Chevrolet,Beat,2012,12,82098.0,0,1,1,165000,Chevrolet Beat
Honda,City,2021,3,60180.0,1,0,0,1170000,Honda City
BMW,5 Series,2018,6,37000.0,1,0,1,4800000,BMW 5 Series
Honda,Civic,2019,5,20000.0,1,1,0,1773000,Honda Civic
Hyundai,i10,2010,14,42000.0,0,0,0,172000,Hyundai i10
Maruti Suzuki,Wagon-R,2012,12,65000.0,0,0,2,285000,Maruti Suzuki Wagon-R
Honda,Amaze,2015,9,82000.0,1,0,0,390000,Honda Amaze
Mahindra,XUV500,2015,9,75000.0,0,0,1,545000,Mahindra XUV500
Maruti Suzuki,Celerio,2018,6,75698.0,0,1,0,430000,Maruti Suzuki Celerio
Toyota,Innova,2014,10,324900.0,0,0,1,829999,Toyota Innova
Land Rover,Discovery Sport,2018,6,93000.0,1,1,1,2750000,Land Rover Discovery Sport
Toyota,Fortuner,2017,7,95000.0,1,1,1,2625000,Toyota Fortuner
Maruti Suzuki,Swift,2012,12,75211.0,0,1,0,325000,Maruti Suzuki Swift
Maruti Suzuki,Wagon-R,2012,12,120000.0,1,1,2,155000,Maruti Suzuki Wagon-R
Maruti Suzuki,Wagon-R,2021,3,60000.0,0,1,2,570000,Maruti Suzuki Wagon-R
Jeep,Compass,2018,6,68000.0,1,0,0,1049999,Jeep Compass
Maruti Suzuki,Eeco,2018,6,82000.0,1,1,2,350000,Maruti Suzuki Eeco
Jeep,Compass,2018,6,40000.0,1,1,0,1150000,Jeep Compass
Hyundai,i20,2018,6,88250.0,0,0,1,825000,Hyundai i20
Hyundai,i10,2016,8,74156.0,0,1,2,295000,Hyundai i10
Toyota,Etios Liva,2011,13,90000.0,0,1,2,295000,Toyota Etios Liva
Volkswagen,Beetle,2009,15,38000.0,1,1,0,2800000,Volkswagen Beetle
Maruti Suzuki,Ignis,2022,2,38000.0,0,0,0,490000,Maruti Suzuki Ignis
Hyundai,i20,2023,1,4431.0,0,0,0,1090000,Hyundai i20
Maruti Suzuki,Wagon-R-1-0,2017,7,85000.0,0,1,2,340000,Maruti Suzuki Wagon-R-1-0
Ford,Fiesta,2006,18,80000.0,0,1,2,110000,Ford Fiesta
Hyundai,Creta,2015,9,74000.0,0,1,1,649000,Hyundai Creta
Toyota,Innova Crysta,2021,3,7500.0,1,0,1,3310000,Toyota Innova Crysta
Toyota,Innova,2012,12,65000.0,0,1,1,680000,Toyota Innova
Maruti Suzuki,Swift-Dzire,2015,9,1000.0,1,0,2,150000,Maruti Suzuki Swift-Dzire
Isuzu,D-Max V-Cross,2020,4,66658.0,0,0,1,1695000,Isuzu D-Max V-Cross
Maruti Suzuki,Wagon R,2009,15,72000.0,0,1,0,129999,Maruti Suzuki Wagon R
Toyota,Corolla Altis,2011,13,75000.0,1,0,2,250000,Toyota Corolla Altis
Mahindra,KUV 100,2016,8,70000.0,0,0,0,269000,Mahindra KUV 100
Maruti Suzuki,maruti-suzuki-dzire,2020,4,33759.0,0,1,0,622000,Maruti Suzuki maruti-suzuki-dzire
Hyundai,i10,2010,14,86000.0,1,1,2,180000,Hyundai i10
Maruti Suzuki,Swift,2022,2,23000.0,0,0,0,698000,Maruti Suzuki Swift
Nissan,Kicks,2019,5,54000.0,0,0,0,645000,Nissan Kicks
Toyota,Camry,2015,9,68000.0,1,1,0,1185000,Toyota Camry
Toyota,Corolla Altis,2014,10,68000.0,1,0,2,585000,Toyota Corolla Altis
Honda,Jazz,2019,5,6585.0,0,0,0,300000,Honda Jazz
Hyundai,Aura,2024,0,3500.0,0,0,2,700000,Hyundai Aura
Hyundai,Creta,2020,4,120488.0,0,0,0,865000,Hyundai Creta
Renault,KWID,2018,6,53000.0,1,1,2,375000,Renault KWID
Skoda,Rapid,2015,9,72000.0,1,1,1,474000,Skoda Rapid
Maruti Suzuki,Alto-800,2010,14,87000.0,0,1,2,95000,Maruti Suzuki Alto-800
Hyundai,Elantra,2012,12,71000.0,1,1,0,445000,Hyundai Elantra
Maruti Suzuki,Swift-Dzire,2012,12,156300.0,0,1,0,300000,Maruti Suzuki Swift-Dzire
Mercedes-Benz,C-Class,2021,3,6000.0,1,0,1,4650000,Mercedes-Benz C-Class
Hyundai,Venue,2020,4,18000.0,1,0,0,950000,Hyundai Venue
Maruti Suzuki,Sx4,2011,13,90000.0,1,1,2,240000,Maruti Suzuki Sx4
Honda,City,2015,9,61000.0,1,0,2,530000,Honda City
Mercedes-Benz,AMG C 43,2016,8,35000.0,1,1,0,4850000,Mercedes-Benz AMG C 43
Maruti Suzuki,Alto-800,2011,13,95000.0,1,1,2,135000,Maruti Suzuki Alto-800
Maruti Suzuki,Swift,2013,11,150000.0,0,1,0,320000,Maruti Suzuki Swift
Kia,Seltos,2020,4,50000.0,1,0,1,1350000,Kia Seltos
BMW,X6,2015,9,49000.0,1,1,0,6800000,BMW X6
Maruti Suzuki,Wagon-R,2021,3,65000.0,0,0,2,450000,Maruti Suzuki Wagon-R
Audi,A4,2022,2,28000.0,1,0,0,4200000,Audi A4
Bentley,Flying Spur,2017,7,22000.0,1,0,0,18500000,Bentley Flying Spur
Maruti Suzuki,Eeco,2020,4,75000.0,0,1,2,411000,Maruti Suzuki Eeco
Maruti Suzuki,Wagon-R-1-0,2017,7,63000.0,0,0,2,345000,Maruti Suzuki Wagon-R-1-0
Volkswagen,Taigun,2021,3,19000.0,1,1,0,1180000,Volkswagen Taigun
Maruti Suzuki,Ertiga,2019,5,62000.0,1,1,2,820000,Maruti Suzuki Ertiga
Toyota,Corolla Altis,2013,11,28001.0,0,0,1,575000,Toyota Corolla Altis
Maruti Suzuki,Celerio,2014,10,77000.0,1,0,0,260000,Maruti Suzuki Celerio
Mahindra,Jeep,1994,30,0.0,0,1,1,295000,Mahindra Jeep
Audi,Q3,2014,10,84000.0,1,1,1,850000,Audi Q3
Maruti Suzuki,Celerio,2018,6,70000.0,0,1,2,395000,Maruti Suzuki Celerio
Honda,City,2019,5,32500.0,0,1,2,725000,Honda City
Toyota,Innova Crysta,2018,6,162000.0,1,1,1,1875000,Toyota Innova Crysta
Maruti Suzuki,Wagon-R-1-0,2012,12,67000.0,0,1,2,240000,Maruti Suzuki Wagon-R-1-0
Chevrolet,Tavera,2015,9,120000.0,0,1,1,560000,Chevrolet Tavera
Mahindra,Alturas G4,2019,5,60000.0,1,0,1,1900000,Mahindra Alturas G4
Honda,Brio,2016,8,64000.0,0,1,2,285000,Honda Brio
Maruti Suzuki,Eeco,2015,9,64000.0,0,0,2,435000,Maruti Suzuki Eeco
Honda,Amaze,2021,3,78000.0,1,1,1,1075000,Honda Amaze
Hyundai,Santro Xing,2009,15,128000.0,1,0,2,60000,Hyundai Santro Xing
Maruti Suzuki,Wagon-R,2020,4,6000.0,0,0,0,550000,Maruti Suzuki Wagon-R
Maruti Suzuki,Baleno,2017,7,58000.0,0,0,1,651000,Maruti Suzuki Baleno
Hyundai,Creta,2021,3,63000.0,1,0,1,1550000,Hyundai Creta
Maruti Suzuki,800,2006,18,26500.0,0,1,0,125000,Maruti Suzuki 800
Maruti Suzuki,Omni,2013,11,72000.0,0,1,2,235000,Maruti Suzuki Omni
Renault,Duster,2014,10,128000.0,0,1,1,378000,Renault Duster
Toyota,Innova,2015,9,145500.0,0,0,1,1240000,Toyota Innova
Hyundai,Grand i10,2016,8,62000.0,1,1,2,440000,Hyundai Grand i10
Renault,KWID,2019,5,90000.0,0,1,0,325000,Renault KWID
Volvo,XC 90,2019,5,40000.0,1,0,1,6900000,Volvo XC 90
Tata,Tiago,2018,6,56000.0,0,0,0,260000,Tata Tiago
Mahindra,TUV,2016,8,78000.0,1,1,1,585000,Mahindra TUV
Mercedes-Benz,C Class,2011,13,96500.0,1,1,1,580000,Mercedes-Benz C Class
Renault,Duster,2013,11,87000.0,0,1,1,435000,Renault Duster
Maruti Suzuki,Baleno,2015,9,87000.0,0,1,1,550000,Maruti Suzuki Baleno
Maruti Suzuki,Celerio,2014,10,51000.0,0,1,0,370000,Maruti Suzuki Celerio
Hyundai,Creta,2018,6,120000.0,0,0,2,726000,Hyundai Creta
Hyundai,i10,2013,11,64000.0,1,1,0,329000,Hyundai i10
BMW,3 Series,2010,14,150000.0,1,1,1,650000,BMW 3 Series
Maruti Suzuki,Alto-K10,2008,16,82000.0,1,1,0,180000,Maruti Suzuki Alto-K10
Tata,Nexon,2021,3,67000.0,0,0,1,890000,Tata Nexon
Hyundai,Creta,2022,2,27000.0,1,1,0,1425000,Hyundai Creta
Maruti Suzuki,Omni,2018,6,50000.0,1,0,2,250000,Maruti Suzuki Omni
Renault,KWID,2017,7,71000.0,0,0,0,245000,Renault KWID
Maruti Suzuki,Swift,2015,9,40000.0,1,1,2,350000,Maruti Suzuki Swift
Toyota,Etios,2014,10,95000.0,0,0,1,695000,Toyota Etios
Maruti Suzuki,Wagon-R,2015,9,85000.0,0,0,0,450000,Maruti Suzuki Wagon-R
Hyundai,i10,2013,11,102091.0,1,1,2,300000,Hyundai i10
Hyundai,Verna,2014,10,76000.0,1,1,1,465000,Hyundai Verna
Tata,Tiago,2022,2,19300.0,0,0,2,684000,Tata Tiago
Maruti Suzuki,Wagon-R-1-0,2010,14,63000.0,0,0,0,210000,Maruti Suzuki Wagon-R-1-0
Hyundai,Verna,2014,10,71900.0,1,1,2,450000,Hyundai Verna
Maruti Suzuki,Vitara-Brezza,2019,5,89500.0,1,1,1,669300,Maruti Suzuki Vitara-Brezza
Toyota,Corolla Altis,2015,9,98000.0,0,0,0,498888,Toyota Corolla Altis
Honda,City,2009,15,68000.0,1,0,2,315000,Honda City
Maruti Suzuki,SX4,2010,14,21000.0,0,1,2,199000,Maruti Suzuki SX4
Mahindra,Bolero Power Plus,2017,7,129000.0,0,0,1,725000,Mahindra Bolero Power Plus
Chevrolet,Cruze,2011,13,53000.0,1,1,1,295000,Chevrolet Cruze
Maruti Suzuki,Zen-Estilo,2011,13,45000.0,0,1,2,120000,Maruti Suzuki Zen-Estilo
MG,Hector,2020,4,90000.0,0,0,1,1375000,MG Hector
Skoda,Fabia,2010,14,45000.0,0,1,0,165000,Skoda Fabia
Nissan,Micra,2020,4,16330.0,1,0,0,575000,Nissan Micra
Hyundai,Eon,2015,9,81000.0,0,1,0,210000,Hyundai Eon
Volkswagen,Polo,2015,9,50000.0,0,1,1,650000,Volkswagen Polo
Kia,Carnival,2021,3,25000.0,1,1,1,2395000,Kia Carnival
Honda,City,2013,11,85000.0,1,1,0,400000,Honda City
Mercedes-Benz,S-Class,2013,11,85000.0,1,1,1,1150000,Mercedes-Benz S-Class
Tata,Indica V2,2009,15,31000.0,1,1,1,105000,Tata Indica V2
Mahindra,XUV500,2014,10,180000.0,0,0,1,850000,Mahindra XUV500
Maruti Suzuki,Swift,2007,17,135767.0,0,0,0,150000,Maruti Suzuki Swift
Maruti Suzuki,Ertiga,2022,2,38000.0,0,0,2,1100000,Maruti Suzuki Ertiga
Mercedes-Benz,GL-Class,2013,11,100000.0,1,1,1,2400000,Mercedes-Benz GL-Class
Mercedes-Benz,GLS,2023,1,25000.0,1,0,1,12500000,Mercedes-Benz GLS
Maruti Suzuki,Vitara-Brezza,2018,6,78000.0,0,0,1,750000,Maruti Suzuki Vitara-Brezza
Chevrolet,Spark,2011,13,90450.0,1,1,2,85000,Chevrolet Spark
Ford,Figo Aspire,2017,7,56500.0,0,1,1,488000,Ford Figo Aspire
Maruti Suzuki,Eeco,2015,9,182000.0,1,0,2,330000,Maruti Suzuki Eeco
Mahindra,KUV 100,2017,7,66000.0,1,1,2,270000,Mahindra KUV 100
Maruti Suzuki,Eeco,2020,4,93000.0,0,0,2,575000,Maruti Suzuki Eeco
Toyota,Innova Crysta,2019,5,53000.0,0,0,1,1650000,Toyota Innova Crysta
Maruti Suzuki,Eeco,2018,6,59000.0,0,0,2,390000,Maruti Suzuki Eeco
Renault,KWID,2015,9,53000.0,0,1,2,210000,Renault KWID
Hyundai,i10,2013,11,53416.0,0,1,0,285000,Hyundai i10
Toyota,Urban Cruiser Hyryder,2024,0,1900.0,1,0,2,2125000,Toyota Urban Cruiser Hyryder
Honda,City,2009,15,77000.0,1,1,2,290000,Honda City
Hyundai,Grand i10,2017,7,49000.0,0,0,2,391000,Hyundai Grand i10
Toyota,Camry,2015,9,53350.0,1,1,0,1190000,Toyota Camry
Skoda,Superb,2014,10,96000.0,1,0,1,850000,Skoda Superb
Volvo,XC40,2018,6,226350.0,1,0,1,2475000,Volvo XC40
Chevrolet,Beat,2013,11,21000.0,0,0,0,195000,Chevrolet Beat
Honda,BRV,2018,6,82502.0,0,0,0,700000,Honda BRV
Mahindra,KUV 100,2018,6,67000.0,0,0,2,388888,Mahindra KUV 100
Ford,Ecosport,2017,7,105000.0,0,1,1,649000,Ford Ecosport
Maruti Suzuki,Alto-800,2011,13,40000.0,0,1,0,211000,Maruti Suzuki Alto-800
Hyundai,Eon,2015,9,58122.0,0,1,0,280000,Hyundai Eon
Skoda,Octavia,2022,2,23000.0,1,1,0,2290000,Skoda Octavia
Honda,City,2016,8,71000.0,1,0,0,675000,Honda City
Maruti Suzuki,Wagon-R,2018,6,51000.0,0,1,2,395000,Maruti Suzuki Wagon-R
Maruti Suzuki,Swift Dzire,2017,7,69000.0,0,0,1,685000,Maruti Suzuki Swift Dzire
Jeep,Compass,2018,6,46300.0,0,1,1,990000,Jeep Compass
Hyundai,Verna,2014,10,82000.0,1,1,0,390000,Hyundai Verna
Maruti Suzuki,Swift-Dzire,2017,7,38000.0,0,0,0,530000,Maruti Suzuki Swift-Dzire
Honda,City ZX,2008,16,119000.0,1,1,2,145800,Honda City ZX
Mercedes-Benz,GLE,2017,7,57000.0,1,1,1,3050000,Mercedes-Benz GLE
Mahindra,Alturas G4,2020,4,50000.0,1,1,1,1560000,Mahindra Alturas G4
Mahindra,XUV500,2017,7,118000.0,1,1,1,699000,Mahindra XUV500
Kia,Sonet,2022,2,23000.0,1,0,0,1150000,Kia Sonet
Volkswagen,Polo,2016,8,75000.0,1,1,0,530000,Volkswagen Polo
Volkswagen,Polo,2013,11,113000.0,0,0,1,299000,Volkswagen Polo
Maruti Suzuki,Ciaz,2014,10,63079.0,0,0,0,261000,Maruti Suzuki Ciaz
Honda,City,2019,5,43000.0,0,1,2,750000,Honda City
BMW,X3,2012,12,75000.0,1,1,1,1975000,BMW X3
Hyundai,Santro,2003,21,65804.0,0,1,2,50000,Hyundai Santro
Hyundai,Accent,2010,14,77000.0,0,1,2,145000,Hyundai Accent
Audi,A6,2019,5,60000.0,1,1,1,2350000,Audi A6
Honda,City,2017,7,69000.0,0,1,0,610000,Honda City
Toyota,Innova,2013,11,132000.0,0,1,1,693999,Toyota Innova
Maruti Suzuki,Alto,2011,13,81000.0,0,1,2,165000,Maruti Suzuki Alto
Hyundai,Santro,2006,18,50000.0,0,1,0,75000,Hyundai Santro
Volkswagen,Polo,2016,8,144.0,0,1,1,565000,Volkswagen Polo
Tata,Nexon,2019,5,55000.0,0,1,2,480000,Tata Nexon
Maruti Suzuki,Wagon-R-1-0,2021,3,90000.0,0,0,2,565000,Maruti Suzuki Wagon-R-1-0
Maruti Suzuki,Ciaz,2017,7,79000.0,1,1,0,600000,Maruti Suzuki Ciaz
Mercedes-Benz,GLE,2019,5,30000.0,1,0,1,4900000,Mercedes-Benz GLE
Chevrolet,Cruze,2012,12,950000.0,1,1,1,350000,Chevrolet Cruze
Honda,Amaze,2017,7,55000.0,0,0,0,395000,Honda Amaze
Toyota,Innova Crysta,2017,7,68000.0,1,1,1,1260000,Toyota Innova Crysta
Skoda,Fabia,2012,12,80000.0,0,0,1,325000,Skoda Fabia
BMW,3 Series,2012,12,35000.0,1,1,1,1250000,BMW 3 Series
Mahindra,Scorpio,2015,9,81000.0,0,0,1,650000,Mahindra Scorpio
Audi,A4,2015,9,72000.0,1,1,1,1221000,Audi A4
Hyundai,i20,2016,8,55000.0,0,0,2,450000,Hyundai i20
Volkswagen,Tiguan,2018,6,52000.0,1,0,1,1915000,Volkswagen Tiguan
Maruti Suzuki,Alto,2009,15,85000.0,0,1,2,60000,Maruti Suzuki Alto
Hyundai,Verna,2017,7,130000.0,1,1,1,799000,Hyundai Verna
Maruti Suzuki,Alto-K10,2011,13,95500.0,0,1,0,190000,Maruti Suzuki Alto-K10
Renault,Triber,2020,4,27500.0,0,0,0,520000,Renault Triber
Maruti Suzuki,Ertiga,2019,5,54000.0,0,0,2,971000,Maruti Suzuki Ertiga
Honda,Accord,2013,11,67100.0,1,1,0,511000,Honda Accord
Hyundai,Creta,2018,6,54000.0,1,1,1,899000,Hyundai Creta
Honda,City,2014,10,116000.0,0,1,1,650000,Honda City
Maruti Suzuki,Celerio-X,2020,4,142000.0,1,1,2,320000,Maruti Suzuki Celerio-X
Renault,Lodgy,2016,8,150000.0,0,1,1,450000,Renault Lodgy
Maruti Suzuki,Vitara-Brezza,2016,8,88000.0,0,1,1,665000,Maruti Suzuki Vitara-Brezza
Tata,Harrier,2022,2,33000.0,0,0,1,1450000,Tata Harrier
BMW,7 Series,2010,14,86000.0,1,1,1,1025000,BMW 7 Series
Maruti Suzuki,Wagon-R,2022,2,30500.0,0,0,2,580000,Maruti Suzuki Wagon-R
Hyundai,Santro Xing,2012,12,65165.0,0,1,2,155000,Hyundai Santro Xing
Maruti Suzuki,Ertiga,2014,10,97694.0,0,1,2,665000,Maruti Suzuki Ertiga
Toyota,Land Cruiser,1999,25,30000.0,1,0,0,2100000,Toyota Land Cruiser
Hyundai,Aura,2021,3,40000.0,0,0,0,700000,Hyundai Aura
Hyundai,i20,2014,10,80000.0,1,1,0,355000,Hyundai i20
MG,Hector,2019,5,46000.0,1,0,2,1250000,MG Hector
Honda,City ZX,2008,16,119000.0,1,1,2,145000,Honda City ZX
Tata,Zest,2014,10,85000.0,1,1,0,250000,Tata Zest
Honda,City,2019,5,49500.0,0,0,1,899000,Honda City
Maruti Suzuki,Fronx ,2024,0,8254.0,0,0,0,825000,Maruti Suzuki Fronx 
BMW,3 Series,2012,12,135000.0,1,0,1,750000,BMW 3 Series
Ssangyong,Rexton,2013,11,120000.0,1,1,1,240000,Ssangyong Rexton
Hyundai,Grand i10,2018,6,53300.0,1,1,2,525111,Hyundai Grand i10
Mahindra,Scorpio Classic,2016,8,55000.0,0,1,1,720000,Mahindra Scorpio Classic
Honda,Jazz,2010,14,65000.0,1,0,2,180000,Honda Jazz
Hyundai,Eon,2016,8,56000.0,0,1,0,240000,Hyundai Eon
Mahindra,Rexton,2013,11,105000.0,1,1,1,461000,Mahindra Rexton
Maruti Suzuki,Wagon-R,2012,12,134000.0,0,0,0,320000,Maruti Suzuki Wagon-R
Audi,A4,2013,11,102000.0,1,1,1,1020000,Audi A4
Toyota,Camry,2024,0,6500.0,1,0,2,4050000,Toyota Camry
Maruti Suzuki,Swift-Dzire,2018,6,90000.0,0,1,2,621000,Maruti Suzuki Swift-Dzire
Maruti Suzuki,Wagon-R-1-0,2017,7,42000.0,1,0,2,385000,Maruti Suzuki Wagon-R-1-0
Hyundai,i10,2016,8,44103.0,1,1,0,465000,Hyundai i10
Maruti Suzuki,Eeco,2011,13,69000.0,0,0,0,245000,Maruti Suzuki Eeco
Hyundai,Xcent,2016,8,123913.0,0,1,2,333333,Hyundai Xcent
Volkswagen,VentoTest,2017,7,62000.0,1,1,0,490000,Volkswagen VentoTest
Mercedes-Benz,AMG GLE Coupe,2021,3,28000.0,1,1,0,11500000,Mercedes-Benz AMG GLE Coupe
Maruti Suzuki,Swift-Dzire,2009,15,58000.0,1,1,2,200000,Maruti Suzuki Swift-Dzire
Maruti Suzuki,Wagon-R,2014,10,35188.0,0,0,2,365000,Maruti Suzuki Wagon-R
Audi,A6,2016,8,52000.0,1,1,1,1650000,Audi A6
Honda,Jazz,2021,3,34000.0,1,0,0,790000,Honda Jazz
Hyundai,New i20,2022,2,12214.0,1,0,0,953000,Hyundai New i20
Maruti Suzuki,Wagon-R,2010,14,36836.0,1,0,0,240000,Maruti Suzuki Wagon-R
Honda,City,2017,7,54000.0,1,1,0,715000,Honda City
Maruti Suzuki,Grand Vitara,2023,1,9000.0,0,0,0,1450000,Maruti Suzuki Grand Vitara
Maruti Suzuki,Swift,2014,10,89000.0,0,1,1,510000,Maruti Suzuki Swift
Honda,City,2015,9,77000.0,1,1,0,595000,Honda City
Mahindra,Xylo,2015,9,267000.0,0,1,1,310000,Mahindra Xylo
Maruti Suzuki,Wagon-R,2019,5,42000.0,1,0,2,415000,Maruti Suzuki Wagon-R
Maruti Suzuki,S-Presso,2020,4,28000.0,0,0,0,445000,Maruti Suzuki S-Presso
Maruti Suzuki,Swift,2014,10,85000.0,0,0,1,365000,Maruti Suzuki Swift
Mitsubishi,Outlander,2011,13,130000.0,1,1,0,250000,Mitsubishi Outlander
Tata,Curvv,2019,5,22000.0,1,1,0,7200000,Tata Curvv
Hyundai,i10,2014,10,80000.0,1,1,0,350000,Hyundai i10
Maruti Suzuki,Swift-Dzire,2017,7,75000.0,0,1,0,450000,Maruti Suzuki Swift-Dzire
Toyota,Corolla Altis,2013,11,76000.0,1,0,2,450000,Toyota Corolla Altis
Toyota,Estima,2012,12,45000.0,1,0,0,2300000,Toyota Estima
Renault,KWID,2017,7,39000.0,1,0,0,270000,Renault KWID
Mahindra,XUV500,2014,10,110000.0,0,0,1,875000,Mahindra XUV500
Hyundai,i10,2009,15,66000.0,1,1,0,275000,Hyundai i10
Maruti Suzuki,Celerio,2017,7,59968.0,0,0,0,385000,Maruti Suzuki Celerio
Audi,Q7,2020,4,44000.0,1,0,1,7174999,Audi Q7
Maruti Suzuki,Eeco,2018,6,51000.0,1,0,2,365000,Maruti Suzuki Eeco
Hyundai,i20,2019,5,47000.0,0,0,2,575000,Hyundai i20
Toyota,Innova Crysta,2021,3,24000.0,1,0,1,3150000,Toyota Innova Crysta
Maruti Suzuki,1000,2023,1,20000.0,1,0,2,400000,Maruti Suzuki 1000
Honda,City,2017,7,71000.0,1,0,2,725000,Honda City
Opel,Corsa,2004,20,70000.0,0,1,0,68000,Opel Corsa
Hyundai,i10,2008,16,105000.0,0,1,0,249000,Hyundai i10
Skoda,Superb,2014,10,50000.0,1,1,0,1000000,Skoda Superb
Volkswagen,Virtus,2022,2,40000.0,0,1,0,1199900,Volkswagen Virtus
Ford,Ikon,2009,15,95000.0,0,1,1,150000,Ford Ikon
Mercedes-Benz,C-Class,2014,10,64000.0,1,1,1,1474000,Mercedes-Benz C-Class
Toyota,Innova Crysta,2018,6,85000.0,1,0,1,1690000,Toyota Innova Crysta
Maruti Suzuki,Ciaz,2016,8,58000.0,0,0,2,575000,Maruti Suzuki Ciaz
Hyundai,Verna,2023,1,24600.0,1,0,0,1599000,Hyundai Verna
Hyundai,i20,2012,12,95000.0,0,1,0,351000,Hyundai i20
Maruti Suzuki,Ignis,2020,4,28000.0,1,1,0,649999,Maruti Suzuki Ignis
MG,Gloster,2022,2,52000.0,1,1,1,3800000,MG Gloster
Skoda,Slavia,2022,2,20000.0,1,0,0,1100000,Skoda Slavia
Hyundai,Verna,2018,6,52536.0,1,1,2,780000,Hyundai Verna
Honda,BRV,2016,8,38000.0,1,1,0,750000,Honda BRV
Honda,Amaze,2019,5,52400.0,0,1,0,540000,Honda Amaze
Toyota,Innova Crysta,2020,4,22000.0,0,1,1,2300000,Toyota Innova Crysta
BMW,3 Series,2013,11,58000.0,1,1,1,2399000,BMW 3 Series
Volkswagen,VentoTest,2012,12,100000.0,0,1,1,375000,Volkswagen VentoTest
Hyundai,Elite i20,2017,7,26000.0,0,0,0,585000,Hyundai Elite i20
Maruti Suzuki,Ertiga,2020,4,185000.0,0,0,2,720000,Maruti Suzuki Ertiga
Lexus,NX,2018,6,71767.0,1,0,2,3275000,Lexus NX
Hyundai,Santro Xing,2013,11,80000.0,0,1,2,199999,Hyundai Santro Xing
Volkswagen,Polo,2018,6,82886.0,1,0,1,785000,Volkswagen Polo
Maruti Suzuki,Baleno,2017,7,90000.0,0,0,1,650000,Maruti Suzuki Baleno
Tata,Tiago,2024,0,3500.0,1,0,2,820000,Tata Tiago
Maruti Suzuki,Ertiga,2012,12,98580.0,0,0,1,260000,Maruti Suzuki Ertiga
Honda,Amaze,2018,6,52000.0,1,1,2,590000,Honda Amaze
Honda,Amaze,2020,4,64000.0,1,1,2,550000,Honda Amaze
Maruti Suzuki,Baleno,2017,7,31235.0,1,0,2,555000,Maruti Suzuki Baleno
Maruti Suzuki,Alto-800,2013,11,82743.0,0,0,0,215000,Maruti Suzuki Alto-800
Honda,City,2014,10,70000.0,1,1,0,525000,Honda City
Honda,City ZX,2015,9,83000.0,1,1,0,560000,Honda City ZX
Maruti Suzuki,Celerio,2014,10,17000.0,1,1,0,345000,Maruti Suzuki Celerio
Honda,Civic,2007,17,120000.0,1,1,2,145000,Honda Civic
BMW,5 Series Gt,2010,14,80000.0,1,1,1,933000,BMW 5 Series Gt
Maruti Suzuki,Ritz,2016,8,135000.0,0,1,1,299000,Maruti Suzuki Ritz
Honda,City Hybrid eHEV,2022,2,32000.0,1,0,2,1825000,Honda City Hybrid eHEV
Maruti Suzuki,Alto K10,2018,6,11000.0,1,1,0,378000,Maruti Suzuki Alto K10
Maruti Suzuki,Baleno,2017,7,53000.0,0,0,2,595000,Maruti Suzuki Baleno
Kia,Seltos,2021,3,89000.0,1,0,1,1665000,Kia Seltos
Maruti Suzuki,Wagon-R,2015,9,75000.0,0,1,2,299999,Maruti Suzuki Wagon-R
Hyundai,Creta,2020,4,74000.0,1,0,1,1499999,Hyundai Creta
Tata,Nexon,2018,6,61000.0,1,0,2,599000,Tata Nexon
Maruti Suzuki,Alto-800,2022,2,3350.0,0,1,0,390000,Maruti Suzuki Alto-800
Tata,Nexon,2018,6,80000.0,1,1,1,760000,Tata Nexon
Toyota,Etios,2018,6,90000.0,0,0,1,830000,Toyota Etios
Maruti Suzuki,Celerio,2017,7,43000.0,0,0,2,375000,Maruti Suzuki Celerio
Kia,Seltos,2021,3,16.0,0,0,0,800000,Kia Seltos
Maruti Suzuki,Eeco,2015,9,,1,1,2,260000,Maruti Suzuki Eeco
Hyundai,Creta,2018,6,87695.0,0,0,1,799999,Hyundai Creta
Maruti Suzuki,Celerio X,2019,5,59000.0,0,0,2,475000,Maruti Suzuki Celerio X
Hyundai,Grand i10,2018,6,21000.0,1,0,0,465000,Hyundai Grand i10
BMW,3 Series GT,2015,9,61000.0,1,1,1,1500000,BMW 3 Series GT
Mahindra,Alturas G4,2019,5,30700.0,1,0,1,2390000,Mahindra Alturas G4
Hyundai,i20 Active,2017,7,69000.0,0,0,0,470000,Hyundai i20 Active
Maruti Suzuki,Alto,2010,14,100000.0,0,1,0,225000,Maruti Suzuki Alto
Maruti Suzuki,Swift,2016,8,117592.0,0,0,0,550000,Maruti Suzuki Swift
Mahindra,Bolero,2016,8,112000.0,0,0,1,760000,Mahindra Bolero
Nissan,Sunny,2013,11,111519.0,0,1,1,185000,Nissan Sunny
Maruti Suzuki,Dzire,2018,6,25000.0,1,1,0,630000,Maruti Suzuki Dzire
Maruti Suzuki,Wagon-R,2022,2,42000.0,0,0,2,575000,Maruti Suzuki Wagon-R
Hyundai,Creta,2021,3,83000.0,0,0,1,1290000,Hyundai Creta
Maruti Suzuki,Ignis,2019,5,82123.0,1,0,2,455000,Maruti Suzuki Ignis
Volkswagen,Ameo,2018,6,106901.0,1,0,1,725000,Volkswagen Ameo
Maruti Suzuki,Alto-K10,2015,9,68000.0,0,1,2,275000,Maruti Suzuki Alto-K10
Maruti Suzuki,Celerio,2018,6,25193.0,0,0,0,370000,Maruti Suzuki Celerio
Maruti Suzuki,Celerio,2015,9,61479.0,1,0,0,365000,Maruti Suzuki Celerio
Hyundai,Grand i10,2015,9,69000.0,0,1,0,440000,Hyundai Grand i10
Maruti Suzuki,Wagon-R-1-0,2021,3,38000.0,0,0,2,559000,Maruti Suzuki Wagon-R-1-0
Tata,Nexon,2021,3,31000.0,0,1,2,650000,Tata Nexon
Nissan,Terrano,2014,10,150000.0,0,1,1,570000,Nissan Terrano
Hyundai,i20,2011,13,82000.0,0,0,0,240000,Hyundai i20
Hyundai,i20,2016,8,80000.0,0,0,0,505000,Hyundai i20
Mahindra,Marazzo,2018,6,95000.0,0,0,1,875000,Mahindra Marazzo
Hyundai,Grand i10 Nios,2019,5,59284.0,1,1,0,533000,Hyundai Grand i10 Nios
Toyota,2.8 Legender 4X2,2021,3,33000.0,1,0,1,3950000,Toyota 2.8 Legender 4X2
BMW,X3,2012,12,100000.0,1,1,1,950000,BMW X3
Mahindra,Xylo,2013,11,16.0,0,0,1,250000,Mahindra Xylo
Fiat,Avventura,2016,8,63000.0,0,1,1,410000,Fiat Avventura
Maruti Suzuki,Wagon-R-1-0,2024,0,10000.0,1,0,2,830000,Maruti Suzuki Wagon-R-1-0
Renault,KWID,2017,7,100000.0,0,0,0,200000,Renault KWID
Hyundai,Eon,2011,13,33000.0,0,1,0,220000,Hyundai Eon
Maruti Suzuki,Ignis,2017,7,53000.0,1,0,0,550000,Maruti Suzuki Ignis
Volkswagen,Tiguan,2018,6,52000.0,1,0,1,1915000,Volkswagen Tiguan
Nissan,Terrano,2013,11,99000.0,0,1,1,420000,Nissan Terrano
Maruti Suzuki,Wagon-R,2015,9,,0,1,2,215000,Maruti Suzuki Wagon-R
Maruti Suzuki,Celerio,2016,8,65000.0,1,1,2,365000,Maruti Suzuki Celerio
Maruti Suzuki,Swift-Dzire,2011,13,190000.0,0,1,2,145000,Maruti Suzuki Swift-Dzire
Toyota,Camry,2019,5,16000.0,1,0,2,3550000,Toyota Camry
Maruti Suzuki,Celerio,2016,8,90000.0,1,0,2,360000,Maruti Suzuki Celerio
Maruti Suzuki,Baleno,2017,7,33555.0,1,0,2,499555,Maruti Suzuki Baleno
Hyundai,Elite i20,2019,5,70000.0,0,1,1,730000,Hyundai Elite i20
Maruti Suzuki,Swift-Dzire,2009,15,43256.0,0,1,0,290000,Maruti Suzuki Swift-Dzire
Kia,Seltos,2023,1,23000.0,1,0,1,1845000,Kia Seltos
Maruti Suzuki,Ertiga,2022,2,53000.0,0,0,2,1121000,Maruti Suzuki Ertiga
Maruti Suzuki,Swift,2010,14,99000.0,0,1,1,285000,Maruti Suzuki Swift
Land Rover,Range Rover Evoque,2021,3,31527.0,1,1,1,5600000,Land Rover Range Rover Evoque
BMW,3 Series GT,2014,10,68000.0,1,1,1,1549000,BMW 3 Series GT
Toyota,Fortuner,2014,10,175000.0,1,1,1,1225000,Toyota Fortuner
Maruti Suzuki,Alto,2008,16,89000.0,1,0,2,120000,Maruti Suzuki Alto
Honda,Amaze,2018,6,29295.0,1,1,0,530000,Honda Amaze
Honda,City,2015,9,63007.0,0,0,0,650000,Honda City
Maruti Suzuki,Celerio,2014,10,61000.0,1,0,0,380000,Maruti Suzuki Celerio
Mercedes-Benz,GLS,2018,6,45000.0,1,1,1,6999999,Mercedes-Benz GLS
Maruti Suzuki,Celerio,2018,6,89124.0,1,1,0,485000,Maruti Suzuki Celerio
Hyundai,i10,2012,12,76000.0,0,1,2,190000,Hyundai i10
Hyundai,Santro Xing,2012,12,83000.0,0,1,0,149000,Hyundai Santro Xing
Hyundai,i20,2014,10,73000.0,0,1,0,530000,Hyundai i20
Maruti Suzuki,Wagon-R,2016,8,91000.0,0,1,2,421000,Maruti Suzuki Wagon-R
Toyota,Corolla Altis,2017,7,46868.0,1,1,0,724999,Toyota Corolla Altis
Mahindra,Scorpio,2017,7,71000.0,0,1,1,870000,Mahindra Scorpio
Maruti Suzuki,Swift,2018,6,62000.0,1,1,0,615000,Maruti Suzuki Swift
Hyundai,i10,2009,15,28.0,1,1,2,105000,Hyundai i10
Mercedes-Benz,E-Class,2014,10,80000.0,1,1,1,1395000,Mercedes-Benz E-Class
Maruti Suzuki,Wagon-R,2014,10,92000.0,0,0,2,295000,Maruti Suzuki Wagon-R
Maruti Suzuki,Wagon-R,2014,10,79000.0,0,1,2,325000,Maruti Suzuki Wagon-R
Mitsubishi,Pajero Sport,2015,9,80000.0,1,1,1,1340000,Mitsubishi Pajero Sport
Toyota,Fortuner,2022,2,34000.0,1,0,1,4400000,Toyota Fortuner
Mahindra,Scorpio,2020,4,153058.0,0,0,1,995000,Mahindra Scorpio
Tata,Nexon,2020,4,69000.0,0,0,2,675000,Tata Nexon
Hyundai,Verna,2019,5,44500.0,1,1,2,820000,Hyundai Verna
Jaguar,Others,2014,10,74000.0,1,0,1,2250000,Jaguar Others
Volkswagen,Polo,2019,5,40000.0,0,0,0,765000,Volkswagen Polo
Toyota,Innova,2015,9,111000.0,0,1,1,750000,Toyota Innova
Renault,Triber,2021,3,70000.0,0,0,0,615000,Renault Triber
Chevrolet,Cruze,2017,7,64000.0,1,1,1,585000,Chevrolet Cruze
Honda,Amaze,2019,5,42000.0,0,1,2,555000,Honda Amaze
Maruti Suzuki,Celerio,2015,9,60000.0,1,1,2,325000,Maruti Suzuki Celerio
Honda,Jazz,2021,3,31000.0,1,1,0,840000,Honda Jazz
Tata,Tiago,2023,1,27000.0,1,0,2,670000,Tata Tiago
Maruti Suzuki,Ertiga,2020,4,120000.0,0,1,2,875000,Maruti Suzuki Ertiga
Tata,Harrier,2021,3,47000.0,1,0,1,1175000,Tata Harrier
Hyundai,i20,2011,13,30.0,1,0,2,195000,Hyundai i20
Honda,Mobilio,2014,10,90000.0,0,1,1,515000,Honda Mobilio
Hyundai,Grand i10 Nios,2021,3,55000.0,0,0,2,621000,Hyundai Grand i10 Nios
Mercedes-Benz,GLA Class,2015,9,72000.0,1,0,1,1651000,Mercedes-Benz GLA Class
Hyundai,i10,2009,15,50000.0,1,0,2,35000,Hyundai i10
Maruti Suzuki,Omni,2011,13,20.0,1,1,0,150000,Maruti Suzuki Omni
Renault,Triber,2021,3,40000.0,1,0,0,625000,Renault Triber
Toyota,Innova Crysta,2018,6,133000.0,1,0,1,1650000,Toyota Innova Crysta
Maruti Suzuki,Wagon-R,2020,4,80000.0,1,0,2,560000,Maruti Suzuki Wagon-R
Hyundai,Grand i10,2014,10,70000.0,1,0,0,390000,Hyundai Grand i10
Ford,Endeavour,2019,5,63988.0,1,0,1,3100000,Ford Endeavour
Volkswagen,Vento,2013,11,52000.0,1,0,0,440000,Volkswagen Vento
Audi,A6,2017,7,43000.0,1,1,1,2950000,Audi A6
Hyundai,Verna,2016,8,65000.0,1,0,0,695000,Hyundai Verna
Toyota,Corolla,2007,17,80000.0,1,0,2,165000,Toyota Corolla
Maruti Suzuki,Alto-800,2013,11,80000.0,0,0,2,245000,Maruti Suzuki Alto-800
Tata,Nano,2016,8,80000.0,0,1,0,125000,Tata Nano
Mercedes-Benz,GLA,2019,5,33500.0,1,0,1,1850000,Mercedes-Benz GLA
Honda,City,2010,14,96000.0,1,1,2,275000,Honda City
Maruti Suzuki,Swift-Dzire,2012,12,74000.0,0,0,0,320000,Maruti Suzuki Swift-Dzire
BMW,3 Series GT,2015,9,61000.0,1,1,1,1500000,BMW 3 Series GT
Hyundai,Elite i20,2014,10,107000.0,0,1,1,400000,Hyundai Elite i20
Ssangyong,Rexton,2013,11,85000.0,1,1,1,575000,Ssangyong Rexton
Maruti Suzuki,Vitara-Brezza,2019,5,98250.0,0,1,1,550000,Maruti Suzuki Vitara-Brezza
Hyundai,Venue,2019,5,90208.0,0,0,1,800000,Hyundai Venue
Honda,Amaze,2021,3,69052.0,0,1,0,577000,Honda Amaze
Renault,Triber,2020,4,69000.0,0,1,2,475000,Renault Triber
Maruti Suzuki,Alto-K10,2018,6,70150.0,1,1,2,281111,Maruti Suzuki Alto-K10
Hyundai,Creta,2023,1,21000.0,1,0,0,1699999,Hyundai Creta
Toyota,Fortuner,2010,14,140000.0,0,1,1,773000,Toyota Fortuner
Tata,Tiago,2022,2,65000.0,1,0,2,498000,Tata Tiago
Maruti Suzuki,Omni,2010,14,80000.0,0,1,2,125000,Maruti Suzuki Omni
Honda,City,2015,9,75000.0,1,1,0,585000,Honda City
Maruti Suzuki,Eeco,2020,4,62000.0,0,0,2,410000,Maruti Suzuki Eeco
Maruti Suzuki,Swift,2011,13,90401.0,0,1,0,330000,Maruti Suzuki Swift
Kia,Sonet,2023,1,20600.0,0,0,1,1250000,Kia Sonet
Mahindra,Scorpio,2017,7,60000.0,0,0,1,885000,Mahindra Scorpio
Maruti Suzuki,Alto,2012,12,128835.0,0,0,0,155000,Maruti Suzuki Alto
Honda,WRV,2018,6,83000.0,0,0,0,670000,Honda WRV
Maruti Suzuki,Wagon-R,2018,6,0.0,1,0,2,449999,Maruti Suzuki Wagon-R
Volkswagen,Polo,2016,8,152000.0,0,1,1,499999,Volkswagen Polo
Hyundai,i20,2011,13,100000.0,0,1,1,295000,Hyundai i20
Hyundai,i10,2011,13,56000.0,0,0,0,175000,Hyundai i10
Hyundai,Xcent,2016,8,59000.0,1,1,0,279000,Hyundai Xcent
Toyota,Innova,2015,9,295000.0,0,0,1,1330000,Toyota Innova
Volkswagen,Tiguan,2017,7,68000.0,1,0,1,1499999,Volkswagen Tiguan
Fiat,Grand Punto,2012,12,90000.0,0,1,0,135000,Fiat Grand Punto
Mahindra,Scorpio,2017,7,78197.0,0,0,1,950000,Mahindra Scorpio
Toyota,Corolla Altis,2009,15,75000.0,1,1,2,450000,Toyota Corolla Altis
Chevrolet,Cruze,2010,14,75000.0,0,1,1,290000,Chevrolet Cruze
Honda,Civic,2010,14,85000.0,1,1,2,160000,Honda Civic
Mahindra,Bolero Neo,2021,3,65000.0,0,1,1,875000,Mahindra Bolero Neo
Tata,Indica Vista,2011,13,48000.0,0,1,1,95000,Tata Indica Vista
Hyundai,Grand i10,2017,7,53000.0,0,1,2,450000,Hyundai Grand i10
Hyundai,i20,2023,1,22000.0,0,0,0,775000,Hyundai i20
Volvo,XC 90,2017,7,98000.0,1,1,1,3000000,Volvo XC 90
Jeep,Wrangler,2022,2,39000.0,1,0,0,5800000,Jeep Wrangler
Maruti Suzuki,Ertiga,2022,2,80000.0,1,1,2,1125000,Maruti Suzuki Ertiga
Mahindra,Thar,2020,4,76108.0,1,0,1,1345000,Mahindra Thar
Hyundai,Aura,2021,3,89500.0,1,1,2,551521,Hyundai Aura
Maruti Suzuki,S-Cross1,2018,6,90000.0,0,0,1,525000,Maruti Suzuki S-Cross1
BMW,X5,2020,4,60000.0,1,0,1,6891000,BMW X5
Volkswagen,Tiguan,2018,6,52000.0,1,0,1,1915000,Volkswagen Tiguan
Maruti Suzuki,Wagon-R,2014,10,106000.0,0,1,2,280000,Maruti Suzuki Wagon-R
Hyundai,Verna,2018,6,70000.0,1,0,1,949999,Hyundai Verna
Mahindra,Scorpio,2018,6,90000.0,0,0,1,1299000,Mahindra Scorpio
Mahindra,Thar,2022,2,7000.0,1,0,1,1620000,Mahindra Thar
Hyundai,Grand i10,2018,6,10000.0,0,1,0,421000,Hyundai Grand i10
Maruti Suzuki,Alto-800,2016,8,86000.0,0,0,2,230000,Maruti Suzuki Alto-800
Hyundai,i10,2011,13,65000.0,0,0,2,240000,Hyundai i10
Maruti Suzuki,Baleno,2021,3,22000.0,0,0,0,660000,Maruti Suzuki Baleno
Volkswagen,Ameo,2018,6,85400.0,1,0,1,470000,Volkswagen Ameo
Tata,Tiago,2017,7,82010.0,0,1,2,370000,Tata Tiago
Jeep,Compass,2019,5,59000.0,1,1,0,1350000,Jeep Compass
Maruti Suzuki,Ertiga,2014,10,75666.0,0,1,2,590000,Maruti Suzuki Ertiga
Honda,City,2015,9,138753.0,0,1,1,330000,Honda City
Maruti Suzuki,Wagon-R,2020,4,63000.0,0,1,2,475000,Maruti Suzuki Wagon-R
Mahindra,KUV 100,2016,8,107000.0,0,0,1,420000,Mahindra KUV 100
Maruti Suzuki,Eeco,2021,3,37000.0,1,0,2,430000,Maruti Suzuki Eeco
Maruti Suzuki,Ertiga,2022,2,88392.0,0,1,2,920000,Maruti Suzuki Ertiga
Maruti Suzuki,Swift,2018,6,91000.0,1,0,1,660000,Maruti Suzuki Swift
Maruti Suzuki,Celerio,2015,9,114000.0,1,1,0,375000,Maruti Suzuki Celerio
Mercedes-Benz,C-Class,2011,13,68000.0,1,1,0,900000,Mercedes-Benz C-Class
Maruti Suzuki,Wagon-R-1-0,2012,12,84000.0,0,0,2,270000,Maruti Suzuki Wagon-R-1-0
Mercedes-Benz,C-Class,2018,6,51000.0,1,1,1,2850000,Mercedes-Benz C-Class
Toyota,Fortuner,2014,10,90220.0,1,0,1,1099999,Toyota Fortuner
Audi,A4,2012,12,1.0,1,1,1,1075000,Audi A4
Maruti Suzuki,Alto,2011,13,106000.0,1,0,2,160000,Maruti Suzuki Alto
Volkswagen,Jetta,2013,11,,0,1,1,310000,Volkswagen Jetta
Mercedes-Benz,E-Class,2013,11,68000.0,1,1,0,1275000,Mercedes-Benz E-Class
Volkswagen,Polo,2015,9,40200.0,0,0,0,499000,Volkswagen Polo
Hyundai,Creta,2016,8,90500.0,1,0,1,799999,Hyundai Creta
Maruti Suzuki,Swift,2008,16,86000.0,0,1,2,145000,Maruti Suzuki Swift
Maruti Suzuki,Baleno,2018,6,67000.0,1,1,0,525000,Maruti Suzuki Baleno
Maruti Suzuki,Ciaz,2016,8,67000.0,0,0,0,449000,Maruti Suzuki Ciaz
Ford,Ecosport,2019,5,40860.0,1,0,2,775000,Ford Ecosport
Volkswagen,VentoTest,2012,12,90000.0,0,0,0,290000,Volkswagen VentoTest
Maruti Suzuki,Eeco,2019,5,81520.0,1,0,2,360000,Maruti Suzuki Eeco
Maruti Suzuki,Wagon-R-1-0,2016,8,59000.0,1,0,0,415000,Maruti Suzuki Wagon-R-1-0
Hyundai,Verna,2019,5,52000.0,0,1,2,695000,Hyundai Verna
Hyundai,i20,2013,11,68000.0,0,1,2,379000,Hyundai i20
Mercedes-Benz,C-Class,2016,8,43000.0,1,0,0,2900000,Mercedes-Benz C-Class
Honda,City,2012,12,60000.0,1,1,2,321000,Honda City
Maruti Suzuki,Swift,2023,1,30000.0,0,0,2,765000,Maruti Suzuki Swift
Volkswagen,VentoTest,2013,11,65000.0,1,0,0,349000,Volkswagen VentoTest
Maruti Suzuki,Ciaz,2017,7,93000.0,0,1,1,600000,Maruti Suzuki Ciaz
Tata,Zest,2018,6,190000.0,0,0,1,250000,Tata Zest
Mercedes-Benz,S-Class,2008,16,70000.0,1,1,1,1000000,Mercedes-Benz S-Class
Maruti Suzuki,Eeco,2023,1,35000.0,1,1,2,510000,Maruti Suzuki Eeco
Maruti Suzuki,Wagon-R-1-0,2017,7,84127.0,0,0,0,375000,Maruti Suzuki Wagon-R-1-0
Honda,City,2019,5,37000.0,1,1,0,935000,Honda City
Honda,Jazz,2017,7,63000.0,1,0,0,645000,Honda Jazz
Renault,Duster,2017,7,58000.0,0,0,1,555000,Renault Duster
Tata,Tigor,2020,4,61000.0,1,0,2,561000,Tata Tigor
Maruti Suzuki,Wagon-R-1-0,2013,11,70000.0,0,1,0,220000,Maruti Suzuki Wagon-R-1-0
Maruti Suzuki,Eeco,2012,12,50000.0,0,1,2,275000,Maruti Suzuki Eeco
Maruti Suzuki,800,2002,22,51000.0,0,0,0,78000,Maruti Suzuki 800
Mahindra,Jeep,1997,27,225897.0,0,1,1,190000,Mahindra Jeep
Nissan,Magnite,2022,2,17000.0,0,0,0,745000,Nissan Magnite
Maruti Suzuki,Celerio,2015,9,72000.0,1,1,0,367000,Maruti Suzuki Celerio
Tata,Indica V2,2010,14,82000.0,0,0,1,135000,Tata Indica V2
Hyundai,Grand i10 Nios,2021,3,20121.0,0,1,0,665000,Hyundai Grand i10 Nios
Maruti Suzuki,Eeco,2019,5,95000.0,1,0,2,430000,Maruti Suzuki Eeco
Toyota,Fortuner,2015,9,168000.0,0,0,1,1551000,Toyota Fortuner
Mahindra,XUV 300,2021,3,17000.0,0,1,0,925000,Mahindra XUV 300
Audi,A4,2016,8,43715.0,1,1,1,1770000,Audi A4
Maruti Suzuki,Ertiga,2023,1,62000.0,0,0,2,1260000,Maruti Suzuki Ertiga
Hyundai,i10,2011,13,45000.0,0,1,0,315000,Hyundai i10
MG,Hector,2023,1,17000.0,1,0,0,2025000,MG Hector
Maruti Suzuki,Ertiga,2020,4,47000.0,1,0,2,995000,Maruti Suzuki Ertiga
Maruti Suzuki,Swift,2010,14,130000.0,0,0,1,370000,Maruti Suzuki Swift
Mahindra,Bolero,2018,6,48248.0,0,1,1,750000,Mahindra Bolero
Mahindra,Bolero Neo,2022,2,42000.0,0,0,1,905000,Mahindra Bolero Neo
Honda,City,2015,9,71800.0,0,1,2,470000,Honda City
Toyota,Innova Crysta,2019,5,71000.0,0,0,1,1625000,Toyota Innova Crysta
Maruti Suzuki,Wagon-R,2015,9,85000.0,0,1,0,298000,Maruti Suzuki Wagon-R
Maruti Suzuki,Swift-Dzire,2013,11,41000.0,1,0,2,385000,Maruti Suzuki Swift-Dzire
Renault,Duster,2013,11,86000.0,0,1,1,225000,Renault Duster
Maruti Suzuki,Celerio,2017,7,64000.0,1,1,2,390000,Maruti Suzuki Celerio
Maruti Suzuki,Swift-Dzire,2010,14,150549.0,0,0,1,380000,Maruti Suzuki Swift-Dzire
Honda,City,2014,10,65000.0,1,0,0,380000,Honda City
Honda,City,2017,7,45000.0,1,1,0,775000,Honda City
Hyundai,Creta,2019,5,68000.0,1,1,0,1175000,Hyundai Creta
Maruti Suzuki,Swift,2015,9,45000.0,0,0,2,345000,Maruti Suzuki Swift
Maruti Suzuki,Eeco,2022,2,56000.0,1,0,2,500000,Maruti Suzuki Eeco
Maruti Suzuki,Eeco,2021,3,50000.0,1,1,0,480000,Maruti Suzuki Eeco
Maruti Suzuki,XL6,2019,5,68738.0,0,0,2,900000,Maruti Suzuki XL6
Maruti Suzuki,800,2016,8,75000.0,1,1,2,200000,Maruti Suzuki 800
Mahindra,Ssangyong Rexton,2013,11,65000.0,1,1,1,575000,Mahindra Ssangyong Rexton
Hyundai,Creta,2017,7,69000.0,1,1,0,785000,Hyundai Creta
BMW,X5,2020,4,60000.0,1,0,1,6891000,BMW X5
Maruti Suzuki,Swift-Dzire,2014,10,43000.0,1,1,0,395000,Maruti Suzuki Swift-Dzire
Maruti Suzuki,Ertiga,2015,9,56800.0,0,1,2,699999,Maruti Suzuki Ertiga
BMW,5 Series,2013,11,54000.0,1,0,1,1100000,BMW 5 Series
Toyota,Corolla,2008,16,55000.0,1,1,0,295000,Toyota Corolla
Maruti Suzuki,Alto-800,2016,8,59521.0,0,0,0,245000,Maruti Suzuki Alto-800
Hyundai,Santro,2011,13,100000.0,0,1,2,125000,Hyundai Santro
Ford,Ecosport,2019,5,126353.0,0,1,1,780000,Ford Ecosport
Hyundai,New i20,2020,4,48298.0,1,1,0,945000,Hyundai New i20
Maruti Suzuki,Alto-K10,2018,6,27000.0,1,0,0,365000,Maruti Suzuki Alto-K10
Hyundai,Creta,2017,7,58212.0,1,0,1,825000,Hyundai Creta
Maruti Suzuki,Wagon-R,2017,7,59000.0,0,1,2,320000,Maruti Suzuki Wagon-R
Maruti Suzuki,Eeco,2018,6,180000.0,1,0,2,351000,Maruti Suzuki Eeco
Mercedes-Benz,E-Class,2017,7,60000.0,1,0,1,2250000,Mercedes-Benz E-Class
Tata,tata-punch,2022,2,43000.0,0,0,2,695000,Tata tata-punch
Maruti Suzuki,Eeco,2019,5,49000.0,0,1,2,450000,Maruti Suzuki Eeco
Mahindra,Bolero,2013,11,57450.0,0,0,1,385000,Mahindra Bolero
Ford,Endeavour,2017,7,75000.0,1,1,1,1900000,Ford Endeavour
Maruti Suzuki,Wagon-R,2013,11,808.0,1,1,2,240000,Maruti Suzuki Wagon-R
BMW,X1,2017,7,65000.0,1,1,1,1450000,BMW X1
Honda,City Hybrid eHEV,2022,2,14000.0,1,0,2,900000,Honda City Hybrid eHEV
Maruti Suzuki,Wagon-R,2011,13,79.0,0,1,0,275000,Maruti Suzuki Wagon-R
Lexus,ES,2022,2,8000.0,1,0,2,6700000,Lexus ES
Lexus,ES,2022,2,30000.0,1,0,0,6000000,Lexus ES
Tata,Nano,2016,8,72000.0,0,1,2,200000,Tata Nano
Mahindra,TUV 300,2015,9,79900.0,1,0,1,575000,Mahindra TUV 300
Maruti Suzuki,Ertiga,2023,1,32000.0,0,0,2,1171000,Maruti Suzuki Ertiga
Maruti Suzuki,Wagon-R-1-0,2021,3,42000.0,0,0,2,515000,Maruti Suzuki Wagon-R-1-0
Toyota,Innova Hycross,2023,1,38100.0,1,0,2,3799000,Toyota Innova Hycross
Maruti Suzuki,Ritz,2014,10,86000.0,0,1,2,335000,Maruti Suzuki Ritz
Maruti Suzuki,Swift,2015,9,32000.0,0,0,0,495000,Maruti Suzuki Swift
Hyundai,EON,2016,8,23000.0,0,0,0,270000,Hyundai EON
Toyota,Innova,2013,11,250000.0,0,1,1,799999,Toyota Innova
Hyundai,Verna,2012,12,77000.0,0,0,0,390000,Hyundai Verna
Volvo,S60,2012,12,45000.0,1,1,1,1300000,Volvo S60
Hyundai,Elite i20,2019,5,75000.0,0,0,2,595000,Hyundai Elite i20
Maruti Suzuki,Vitara-Brezza,2019,5,70737.0,1,1,1,811000,Maruti Suzuki Vitara-Brezza
Maruti Suzuki,Eeco,2015,9,71455.0,0,0,2,365000,Maruti Suzuki Eeco
Mercedes-Benz,GLA Class,2019,5,40000.0,1,1,1,2000000,Mercedes-Benz GLA Class
Mahindra,XUV500,2018,6,71000.0,0,0,1,945000,Mahindra XUV500
Hyundai,Verna,2010,14,18.0,1,1,2,105000,Hyundai Verna
Jeep,Compass,2018,6,80000.0,0,0,1,980000,Jeep Compass
Honda,City,2013,11,90000.0,0,0,0,375000,Honda City
Audi,A6,2013,11,125000.0,1,1,1,900000,Audi A6
Volkswagen,Vento,2016,8,110000.0,1,1,1,649999,Volkswagen Vento
Honda,Amaze,2018,6,42000.0,0,1,1,375000,Honda Amaze
Maruti Suzuki,Celerio,2017,7,75000.0,1,1,2,300000,Maruti Suzuki Celerio
Honda,Amaze,2018,6,77000.0,0,0,1,550000,Honda Amaze
Maruti Suzuki,Celerio,2019,5,68000.0,1,1,0,425000,Maruti Suzuki Celerio
Tata,Tiago,2018,6,32000.0,0,0,1,545000,Tata Tiago
Land Rover,Discovery Sport,2019,5,97000.0,1,1,1,3000000,Land Rover Discovery Sport
Hyundai,Elantra,2017,7,16000.0,1,1,0,1050000,Hyundai Elantra
BMW,X3,2022,2,11000.0,1,0,0,6700000,BMW X3
Maruti Suzuki,Eeco,2018,6,77738.0,0,1,2,490000,Maruti Suzuki Eeco
Maruti Suzuki,Swift-Dzire,2019,5,106000.0,0,0,1,580000,Maruti Suzuki Swift-Dzire
Kia,Sonet,2021,3,81236.0,1,0,0,970000,Kia Sonet
Hyundai,Creta,2016,8,71000.0,0,0,2,690000,Hyundai Creta
Maruti Suzuki,Wagon-R,2015,9,90000.0,1,1,2,275000,Maruti Suzuki Wagon-R
Mercedes-Benz,AMG GLE Coupe,2020,4,50000.0,1,1,0,9900000,Mercedes-Benz AMG GLE Coupe
Maruti Suzuki,Baleno,2017,7,102000.0,0,1,0,540000,Maruti Suzuki Baleno
BMW,3 Series,2012,12,80000.0,1,1,1,650000,BMW 3 Series
Maruti Suzuki,Swift-Dzire,2013,11,98000.0,0,0,1,385000,Maruti Suzuki Swift-Dzire
Jaguar,F-Pace,2021,3,19000.0,1,0,0,6175000,Jaguar F-Pace
Volkswagen,Tiguan,2018,6,93173.0,1,0,1,1950000,Volkswagen Tiguan
Honda,City,2003,21,102300.0,0,1,0,125000,Honda City
Force,Motors FM Force One Test,2016,8,700000.0,1,0,2,560000,Force Motors FM Force One Test
Ford,Endeavour,2017,7,144000.0,1,0,1,2200000,Ford Endeavour
Honda,Brio,2013,11,81000.0,1,0,2,320000,Honda Brio
Maruti Suzuki,Celerio,2019,5,71000.0,0,1,2,450000,Maruti Suzuki Celerio
Toyota,Innova,2010,14,288000.0,0,1,1,699000,Toyota Innova
Tata,Nano,2011,13,29.0,1,1,0,45000,Tata Nano
Maruti Suzuki,Wagon-R,2015,9,72147.0,1,1,2,210000,Maruti Suzuki Wagon-R
Maruti Suzuki,Ertiga,2019,5,59000.0,1,0,2,1150000,Maruti Suzuki Ertiga
Toyota,Innova,2013,11,125000.0,0,1,1,1075000,Toyota Innova
Maruti Suzuki,Ertiga,2020,4,65846.0,0,0,2,870000,Maruti Suzuki Ertiga
Maruti Suzuki,Swift,2018,6,36000.0,1,0,0,665000,Maruti Suzuki Swift
Maruti Suzuki,Celerio,2017,7,35000.0,1,0,2,450000,Maruti Suzuki Celerio
Hyundai,Verna,2010,14,18.0,1,1,2,105000,Hyundai Verna
Land Rover,Discovery,2019,5,28000.0,1,0,0,4375000,Land Rover Discovery
Honda,Brio,2014,10,76000.0,0,1,2,233000,Honda Brio
Ford,Fiesta,2008,16,158000.0,1,1,0,120000,Ford Fiesta
Mahindra,XUV700,2023,1,25000.0,1,0,0,2275000,Mahindra XUV700
Maruti Suzuki,Swift,2022,2,40000.0,1,0,0,775000,Maruti Suzuki Swift
Honda,City,2016,8,141000.0,0,1,1,610000,Honda City
Mahindra,Verito,2012,12,220000.0,0,1,1,240000,Mahindra Verito
Skoda,Laura,2010,14,82000.0,0,0,1,475000,Skoda Laura
Hyundai,Grand i10,2016,8,58000.0,0,0,2,435000,Hyundai Grand i10
Honda,Brio,2014,10,67000.0,1,0,0,290000,Honda Brio
Maruti Suzuki,Wagon-R,2012,12,95000.0,0,1,2,225000,Maruti Suzuki Wagon-R
Mahindra,Thar,2021,3,70000.0,0,0,1,1350000,Mahindra Thar
Hyundai,i20,2012,12,46000.0,0,1,0,321000,Hyundai i20
Renault,KWID,2020,4,52000.0,1,0,2,350000,Renault KWID
Tata,Tiago,2020,4,70716.0,0,0,0,490000,Tata Tiago
Audi,Q3,2018,6,55000.0,1,1,1,1400000,Audi Q3
Maruti Suzuki,Baleno,2017,7,75000.0,0,0,2,580000,Maruti Suzuki Baleno
Kia,Carnival,2022,2,25000.0,1,1,1,3599000,Kia Carnival
Maruti Suzuki,Ciaz,2016,8,81000.0,1,1,0,615000,Maruti Suzuki Ciaz
Maruti Suzuki,Alto-800,2020,4,46000.0,0,0,0,365000,Maruti Suzuki Alto-800
Lexus,ES,2016,8,109000.0,1,1,2,2800000,Lexus ES
Hyundai,i10,2013,11,63000.0,0,1,0,185000,Hyundai i10
Maruti Suzuki,Swift,2018,6,55000.0,1,1,0,565000,Maruti Suzuki Swift
Hyundai,Grand i10 Nios,2022,2,35000.0,1,0,0,685000,Hyundai Grand i10 Nios
Hyundai,i20 Active,2016,8,63000.0,0,1,2,425000,Hyundai i20 Active
Maruti Suzuki,Wagon-R,2014,10,73000.0,0,1,2,355000,Maruti Suzuki Wagon-R
Maruti Suzuki,Swift,2020,4,67850.0,1,0,2,675000,Maruti Suzuki Swift
Hyundai,i10,2012,12,53000.0,0,1,2,275000,Hyundai i10
Hyundai,Grand i10 Nios,2021,3,22000.0,0,0,0,549000,Hyundai Grand i10 Nios
Toyota,Fortuner,2017,7,30000.0,1,1,1,3495000,Toyota Fortuner
Renault,Duster,2016,8,82000.0,0,0,1,575000,Renault Duster
Mahindra,XUV700,2021,3,23883.0,1,1,0,2245000,Mahindra XUV700
BMW,5 Series,2016,8,47000.0,1,1,1,2500000,BMW 5 Series
Hyundai,Verna,2015,9,52000.0,1,1,2,445000,Hyundai Verna
Chevrolet,Enjoy,2014,10,90000.0,0,1,1,330000,Chevrolet Enjoy
Volkswagen,VentoTest,2012,12,32000.0,1,1,0,450000,Volkswagen VentoTest
Maruti Suzuki,800,2004,20,56000.0,0,1,0,50000,Maruti Suzuki 800
Maruti Suzuki,Swift-Dzire,2016,8,95000.0,0,1,0,510000,Maruti Suzuki Swift-Dzire
Toyota,Fortuner,2013,11,150000.0,1,1,1,1390000,Toyota Fortuner
Mahindra,Scorpio,2014,10,113000.0,1,1,1,795000,Mahindra Scorpio
Tata,Indigo Ecs,2012,12,98000.0,0,1,0,145000,Tata Indigo Ecs
Mercedes-Benz,C-Class,2018,6,70000.0,1,0,1,2250000,Mercedes-Benz C-Class
Hyundai,Santro Xing,2008,16,89127.0,0,1,2,115000,Hyundai Santro Xing
BMW,X7,2020,4,25700.0,1,1,0,10900000,BMW X7
Maruti Suzuki,Swift-Dzire,2016,8,65000.0,0,1,2,335399,Maruti Suzuki Swift-Dzire
Chevrolet,Enjoy,2013,11,136000.0,0,1,1,440000,Chevrolet Enjoy
BMW,3 Series,2015,9,70000.0,1,0,1,915000,BMW 3 Series
Land Rover,Range Rover Sport,2021,3,37000.0,1,0,0,9600000,Land Rover Range Rover Sport
Toyota,VELLFIRE,2021,3,30000.0,1,0,2,9800000,Toyota VELLFIRE
Mercedes-Benz,M-Class,2012,12,90000.0,1,1,1,1650000,Mercedes-Benz M-Class
Volkswagen,Polo,2017,7,55200.0,1,0,0,590000,Volkswagen Polo
Tata,Tigor,2022,2,29000.0,1,0,2,700000,Tata Tigor
Hyundai,i10,2015,9,79000.0,0,0,0,340000,Hyundai i10
Toyota,Innova Crysta,2020,4,36000.0,1,1,1,2390000,Toyota Innova Crysta
Honda,Amaze,2019,5,67000.0,1,1,0,575000,Honda Amaze
Hyundai,i10,2012,12,78000.0,0,0,2,250000,Hyundai i10
Datsun,GO Plus,2018,6,50002.0,0,0,0,270000,Datsun GO Plus
Maruti Suzuki,Baleno,2021,3,40022.0,0,0,0,640000,Maruti Suzuki Baleno
Renault,KWID,2019,5,16000.0,1,0,0,420000,Renault KWID
Tata,Nano,2015,9,,0,1,0,114999,Tata Nano
Nissan,Terrano,2014,10,80000.0,0,1,1,379000,Nissan Terrano
Honda,City,2015,9,58000.0,1,1,2,500000,Honda City
Tata,Altroz,2022,2,10000.0,1,0,0,990000,Tata Altroz
Toyota,Innova Crysta,2017,7,115000.0,1,1,1,1685000,Toyota Innova Crysta
Hyundai,Santro,2019,5,50000.0,1,0,2,490000,Hyundai Santro
Hyundai,Elite i20,2019,5,24000.0,1,0,0,725000,Hyundai Elite i20
Kia,Sonet,2020,4,38271.0,1,1,0,1045000,Kia Sonet
Maruti Suzuki,Ertiga,2024,0,1234.0,0,0,2,360000,Maruti Suzuki Ertiga
Hyundai,i20,2014,10,86000.0,0,1,1,445000,Hyundai i20
Maruti Suzuki,Swift-Dzire,2023,1,79650.0,1,0,2,710000,Maruti Suzuki Swift-Dzire
Honda,City,2010,14,69500.0,1,1,2,286000,Honda City
Kia,Sonet,2020,4,35000.0,0,0,1,950000,Kia Sonet
Tata,Nexon,2019,5,47000.0,0,0,0,599999,Tata Nexon
Maruti Suzuki,Ertiga,2013,11,90000.0,0,1,2,560000,Maruti Suzuki Ertiga
Mahindra,Thar,2021,3,28000.0,0,0,1,1445000,Mahindra Thar
Renault,KWID,2019,5,36000.0,0,1,0,310000,Renault KWID
Maruti Suzuki,Wagon-R,2009,15,72000.0,0,1,0,129000,Maruti Suzuki Wagon-R
Volkswagen,Polo,2013,11,61000.0,1,0,0,410000,Volkswagen Polo
Maruti Suzuki,Wagon-R,2018,6,66000.0,0,0,2,390000,Maruti Suzuki Wagon-R
Land Rover,Range Rover,2012,12,23102.0,1,1,1,4795000,Land Rover Range Rover
Maruti Suzuki,Swift,2015,9,67729.0,0,0,2,455000,Maruti Suzuki Swift
Maruti Suzuki,Wagon R,2019,5,34000.0,0,0,2,565000,Maruti Suzuki Wagon R
Maruti Suzuki,Vitara-Brezza,2020,4,51421.0,0,0,0,785000,Maruti Suzuki Vitara-Brezza
Maruti Suzuki,Swift,2018,6,66000.0,1,0,2,530000,Maruti Suzuki Swift
Mercedes-Benz,E-Class,2010,14,85000.0,1,1,0,599000,Mercedes-Benz E-Class
Honda,Amaze,2016,8,85000.0,0,1,2,310000,Honda Amaze
Maruti Suzuki,Grand Vitara,2022,2,21000.0,1,0,2,1300000,Maruti Suzuki Grand Vitara
Honda,Jazz,2015,9,68001.0,0,1,0,444000,Honda Jazz
Maruti Suzuki,Ertiga,2024,0,35.0,1,1,2,1250000,Maruti Suzuki Ertiga
Maruti Suzuki,A-Star,2013,11,26263.0,1,0,0,365000,Maruti Suzuki A-Star
Mahindra,Scorpio,2019,5,42000.0,0,1,1,1400000,Mahindra Scorpio
Maruti Suzuki,Eeco,2023,1,15000.0,0,0,0,600000,Maruti Suzuki Eeco
Toyota,Fortuner,2015,9,163000.0,0,0,1,1550000,Toyota Fortuner
Volkswagen,VentoTest,2011,13,110000.0,1,1,2,188000,Volkswagen VentoTest
Honda,Civic,2009,15,76000.0,1,1,0,240000,Honda Civic
Maruti Suzuki,S-Cross,2018,6,94000.0,0,0,1,839999,Maruti Suzuki S-Cross
Maruti Suzuki,Ertiga,2021,3,90000.0,1,0,2,950000,Maruti Suzuki Ertiga
Mahindra,XUV500,2019,5,120000.0,0,0,1,995000,Mahindra XUV500
Maruti Suzuki,Wagon-R,2023,1,28.0,0,0,2,615000,Maruti Suzuki Wagon-R
Hyundai,i10,2010,14,120000.0,1,1,2,160000,Hyundai i10
Maruti Suzuki,Baleno,2018,6,32000.0,1,0,0,690000,Maruti Suzuki Baleno
Mahindra,XUV500,2016,8,122000.0,1,1,1,850000,Mahindra XUV500
Honda,Amaze,2013,11,77000.0,0,0,2,299000,Honda Amaze
Maruti Suzuki,Baleno,2020,4,40000.0,0,0,0,650000,Maruti Suzuki Baleno
Maruti Suzuki,Swift,2020,4,38000.0,1,0,2,580000,Maruti Suzuki Swift
Jeep,Compass,2018,6,52000.0,0,0,1,1049000,Jeep Compass
Maruti Suzuki,Ciaz,2017,7,86000.0,0,0,1,550000,Maruti Suzuki Ciaz
Hyundai,Grand i10,2016,8,96290.0,0,1,0,377000,Hyundai Grand i10
Mahindra,Bolero,2013,11,61000.0,0,1,1,450000,Mahindra Bolero
Kia,Carnival,2021,3,80500.0,1,0,1,2651000,Kia Carnival
Maruti Suzuki,Swift-Dzire,2018,6,80000.0,0,1,1,750000,Maruti Suzuki Swift-Dzire
Maruti Suzuki,Omni,2015,9,100000.0,0,1,2,260000,Maruti Suzuki Omni
Mahindra,Scorpio,2015,9,140000.0,1,1,1,749000,Mahindra Scorpio
BMW,3 Series Gran Limousine,2021,3,18800.0,1,0,0,4950000,BMW 3 Series Gran Limousine
Hyundai,Verna,2018,6,50000.0,0,1,1,580000,Hyundai Verna
Tata,Tiago,2024,0,3800.0,1,0,2,850000,Tata Tiago
Toyota,Innova,2014,10,174000.0,0,1,1,895000,Toyota Innova
Volkswagen,Polo,2009,15,112000.0,1,1,2,150000,Volkswagen Polo
Maruti Suzuki,Wagon-R,2015,9,82000.0,0,1,2,235000,Maruti Suzuki Wagon-R
Renault,Duster,2014,10,100000.0,0,1,1,360000,Renault Duster
Maruti Suzuki,Alto,2011,13,61000.0,1,1,2,191000,Maruti Suzuki Alto
Hyundai,Creta,2019,5,90000.0,0,0,1,1120000,Hyundai Creta
Hyundai,i10,2010,14,66000.0,1,1,0,295000,Hyundai i10
Lexus,NX,2019,5,57000.0,1,1,0,3900000,Lexus NX
Audi,A6,2014,10,69.0,1,1,1,1600000,Audi A6
Maruti Suzuki,Swift-Dzire-Tour,2016,8,160000.0,0,1,1,430000,Maruti Suzuki Swift-Dzire-Tour
Toyota,Innova Crysta,2018,6,140000.0,0,0,1,1751000,Toyota Innova Crysta
Hyundai,Fluidic Verna,2018,6,77000.0,1,0,1,875000,Hyundai Fluidic Verna
Maruti Suzuki,Wagon R 1.0,2018,6,32000.0,0,1,0,395000,Maruti Suzuki Wagon R 1.0
Hyundai,Accent,2009,15,212023.0,1,1,2,145000,Hyundai Accent
Toyota,Corolla Altis,2016,8,61000.0,1,1,0,845000,Toyota Corolla Altis
Mahindra,Bolero,2010,14,71000.0,0,1,1,295000,Mahindra Bolero
Hyundai,i10,2013,11,63000.0,0,1,0,220000,Hyundai i10
Hyundai,Venue,2019,5,28000.0,1,0,0,925000,Hyundai Venue
Maruti Suzuki,Eeco,2022,2,71200.0,0,0,2,472000,Maruti Suzuki Eeco
Maruti Suzuki,Swift,2016,8,80000.0,0,0,0,453000,Maruti Suzuki Swift
Mahindra,Scorpio,2006,18,132884.0,0,1,1,230000,Mahindra Scorpio
Mahindra,XUV500,2017,7,55000.0,1,0,1,1450000,Mahindra XUV500
Toyota,Yaris,2018,6,80000.0,1,1,2,649999,Toyota Yaris
Hyundai,Eon,2014,10,30000.0,0,0,0,210000,Hyundai Eon
Ford,Ecosport,2015,9,58000.0,0,0,1,337000,Ford Ecosport
Ford,Endeavour,2017,7,0.0,0,0,1,2000000,Ford Endeavour
Volkswagen,Vento,2016,8,136000.0,1,0,1,625000,Volkswagen Vento
Toyota,Innova,2006,18,200000.0,0,1,1,220000,Toyota Innova
Maruti Suzuki,Swift,2016,8,72000.0,0,1,2,390000,Maruti Suzuki Swift
Honda,City,2017,7,75000.0,1,1,0,765000,Honda City
Maruti Suzuki,Baleno,2016,8,74000.0,1,1,2,445000,Maruti Suzuki Baleno
Tata,Nano,2014,10,66000.0,1,1,0,105000,Tata Nano
Maruti Suzuki,Wagon-R,2013,11,130000.0,0,1,0,265000,Maruti Suzuki Wagon-R
Mahindra,Thar,2024,0,7000.0,1,0,1,1575000,Mahindra Thar
Hyundai,Santro Xing,2012,12,64000.0,0,0,2,245000,Hyundai Santro Xing
Kia,Sonet,2020,4,87000.0,0,1,1,1030000,Kia Sonet
Mahindra,KUV 100,2017,7,55000.0,0,0,1,435000,Mahindra KUV 100
Hyundai,Grand i10,2009,15,120000.0,0,0,0,170000,Hyundai Grand i10
Hyundai,Creta,2019,5,66651.0,1,1,1,1021000,Hyundai Creta
Hyundai,i20,2011,13,108000.0,0,1,0,300000,Hyundai i20
Maruti Suzuki,Ertiga,2016,8,70000.0,0,0,2,445000,Maruti Suzuki Ertiga
Toyota,Innova,2014,10,135000.0,0,1,1,1095000,Toyota Innova
Honda,Jazz,2015,9,95000.0,1,0,2,450000,Honda Jazz
Honda,Jazz,2017,7,52000.0,1,0,2,585000,Honda Jazz
Maruti Suzuki,800,2005,19,20000.0,1,0,2,50000,Maruti Suzuki 800
Ford,Ecosport,2015,9,52500.0,1,0,0,559999,Ford Ecosport
Hyundai,i10,2011,13,86000.0,0,1,0,180000,Hyundai i10
Honda,Mobilio,2016,8,125000.0,0,1,2,400000,Honda Mobilio
Maruti Suzuki,Wagon-R,2011,13,33600.0,0,1,0,225000,Maruti Suzuki Wagon-R
Mahindra,TUV,2017,7,103000.0,1,1,1,595000,Mahindra TUV
Volkswagen,VentoTest,2016,8,24000.0,1,0,0,525000,Volkswagen VentoTest
Honda,Jazz,2015,9,95000.0,1,0,2,450000,Honda Jazz
Maruti Suzuki,Swift-Dzire,2019,5,65000.0,0,0,2,360000,Maruti Suzuki Swift-Dzire
Maruti Suzuki,Eeco,2020,4,68000.0,0,1,2,485000,Maruti Suzuki Eeco
Mercedes-Benz,C-Class,2016,8,95000.0,1,0,1,1795000,Mercedes-Benz C-Class
Maruti Suzuki,S-Cross,2020,4,62000.0,0,0,2,831000,Maruti Suzuki S-Cross
Chevrolet,Spark,2008,16,38319.0,0,1,0,139000,Chevrolet Spark
Mahindra,XUV300,2024,0,0.0,0,0,0,749000,Mahindra XUV300
Maruti Suzuki,Swift,2006,18,100000.0,0,1,0,210000,Maruti Suzuki Swift
Maruti Suzuki,Swift,2014,10,100000.0,0,1,1,490000,Maruti Suzuki Swift
Maruti Suzuki,XL6,2021,3,40000.0,0,1,0,935000,Maruti Suzuki XL6
Maruti Suzuki,Sx4,2007,17,60000.0,0,1,0,125000,Maruti Suzuki Sx4
Isuzu,MUX,2017,7,75000.0,1,0,1,1450000,Isuzu MUX
Hyundai,New i20,2014,10,55000.0,0,1,0,465000,Hyundai New i20
Volkswagen,VentoTest,2011,13,78000.0,0,1,1,290000,Volkswagen VentoTest
Maruti Suzuki,Swift-Dzire,2017,7,101000.0,0,0,1,650000,Maruti Suzuki Swift-Dzire
Maruti Suzuki,Alto,2005,19,,0,1,0,40000,Maruti Suzuki Alto
Mahindra,Jeep,2008,16,9350.0,0,1,1,400000,Mahindra Jeep
Maruti Suzuki,Swift-Dzire,2015,9,67000.0,0,1,0,349999,Maruti Suzuki Swift-Dzire
Volkswagen,Polo,2015,9,90000.0,0,1,1,390000,Volkswagen Polo
Tata,Safari Storme,2017,7,81000.0,0,1,1,725000,Tata Safari Storme
Maruti Suzuki,Wagon-R,2011,13,72000.0,0,1,2,265000,Maruti Suzuki Wagon-R
Maruti Suzuki,Wagon-R,2012,12,28000.0,0,1,2,299000,Maruti Suzuki Wagon-R
Volkswagen,VentoTest,2016,8,65000.0,1,1,0,499999,Volkswagen VentoTest
Mahindra,Scorpio Classic,2021,3,64000.0,0,1,1,1231000,Mahindra Scorpio Classic
Mahindra,Scorpio,2015,9,93000.0,0,0,1,675000,Mahindra Scorpio
Tata,Nexon,2019,5,41000.0,1,1,0,525000,Tata Nexon
Honda,Amaze,2019,5,56000.0,0,0,2,555000,Honda Amaze
Toyota,Etios Liva,2017,7,45669.0,0,1,0,590000,Toyota Etios Liva
Volkswagen,VentoTest,2019,5,28000.0,0,0,0,850000,Volkswagen VentoTest
Honda,City,2010,14,93500.0,0,1,0,209999,Honda City
Hyundai,Santro Xing,2007,17,95000.0,0,0,0,60000,Hyundai Santro Xing
Volkswagen,Polo,2016,8,75000.0,1,1,0,530000,Volkswagen Polo
Audi,A3,2015,9,140000.0,1,1,1,1275000,Audi A3
Honda,WRV,2018,6,80000.0,0,1,1,630000,Honda WRV
Maruti Suzuki,XL6,2021,3,64000.0,0,0,0,925000,Maruti Suzuki XL6
Renault,Duster,2016,8,84000.0,0,1,2,450000,Renault Duster
Mercedes-Benz,GLC,2019,5,30000.0,1,1,1,4990000,Mercedes-Benz GLC
Skoda,Octavia,2018,6,94425.0,1,0,1,1300000,Skoda Octavia
Toyota,Corolla Altis,2010,14,72000.0,0,1,0,225000,Toyota Corolla Altis
Chevrolet,Optra Magnum,2010,14,56700.0,1,1,0,135000,Chevrolet Optra Magnum
Audi,A4,2017,7,29600.0,1,1,1,2049000,Audi A4
Audi,A4,2017,7,95000.0,1,0,1,1700000,Audi A4
Toyota,Corolla Altis,2014,10,89000.0,1,1,2,550000,Toyota Corolla Altis
Maruti Suzuki,Wagon-R,2015,9,100000.0,1,1,2,250000,Maruti Suzuki Wagon-R
Maruti Suzuki,maruti-suzuki-dzire,2012,12,47259.0,0,1,2,325000,Maruti Suzuki maruti-suzuki-dzire
Honda,City,2011,13,78000.0,0,1,0,215000,Honda City
Maruti Suzuki,Wagon-R,2017,7,53000.0,1,0,2,465000,Maruti Suzuki Wagon-R
Hyundai,Venue,2019,5,60000.0,0,0,1,745000,Hyundai Venue
Maruti Suzuki,Omni,2016,8,111000.0,1,1,2,200000,Maruti Suzuki Omni
Hyundai,Grand i10,2015,9,43000.0,0,1,0,349000,Hyundai Grand i10
Hyundai,Venue,2022,2,17000.0,0,0,0,830000,Hyundai Venue
Hyundai,Grand i10,2015,9,48000.0,0,0,0,365000,Hyundai Grand i10
Toyota,2.8 Legender 4X2,2024,0,6000.0,1,0,1,5500000,Toyota 2.8 Legender 4X2
Maruti Suzuki,Ertiga,2016,8,62000.0,0,0,2,619000,Maruti Suzuki Ertiga
Honda,Amaze,2021,3,32000.0,1,0,0,590000,Honda Amaze
Tata,Harrier,2021,3,71000.0,1,0,1,1750000,Tata Harrier
Chevrolet,Spark,2010,14,93000.0,0,1,0,169000,Chevrolet Spark
Hyundai,Santro,2019,5,34000.0,0,0,2,489000,Hyundai Santro
Toyota,Yaris,2021,3,32000.0,1,0,0,1025000,Toyota Yaris
Honda,Brio,2016,8,90000.0,0,0,0,350000,Honda Brio
Maruti Suzuki,Eeco,2018,6,65000.0,1,0,2,450000,Maruti Suzuki Eeco
Maruti Suzuki,Eeco,2016,8,77718.0,0,0,2,360000,Maruti Suzuki Eeco
Toyota,Urban Cruiser,2024,0,11000.0,1,0,2,1800000,Toyota Urban Cruiser
Mahindra,Scorpio Classic,2023,1,31500.0,0,0,1,1690000,Mahindra Scorpio Classic
Mercedes-Benz,GL-Class,2015,9,115000.0,1,1,1,2490000,Mercedes-Benz GL-Class
Honda,City,2010,14,51000.0,1,0,2,192000,Honda City
Audi,A6,2012,12,67000.0,1,1,1,1100000,Audi A6
Maruti Suzuki,Eeco,2017,7,120000.0,1,1,2,280000,Maruti Suzuki Eeco
Hyundai,i10,2011,13,59800.0,0,0,2,165999,Hyundai i10
Skoda,Rapid,2015,9,39500.0,0,1,0,349000,Skoda Rapid
Mahindra,Scorpio,2013,11,87000.0,0,1,1,575000,Mahindra Scorpio
Maruti Suzuki,Wagon-R-1-0,2021,3,59000.0,0,1,2,515000,Maruti Suzuki Wagon-R-1-0
Honda,City ZX,2008,16,90000.0,0,1,0,145000,Honda City ZX
Maruti Suzuki,Baleno,2021,3,47000.0,0,1,0,575000,Maruti Suzuki Baleno
Maruti Suzuki,Swift,2009,15,65000.0,1,1,2,72000,Maruti Suzuki Swift
Maruti Suzuki,Ertiga,2020,4,62000.0,0,0,2,975000,Maruti Suzuki Ertiga
Hyundai,Verna,2017,7,89410.0,0,0,1,790000,Hyundai Verna
Honda,City ZX,2010,14,100000.0,1,1,2,180000,Honda City ZX
Honda,Amaze,2021,3,52689.0,1,0,0,710000,Honda Amaze
Maruti Suzuki,Baleno,2017,7,60000.0,0,1,0,500000,Maruti Suzuki Baleno
Jaguar,XF,2014,10,68000.0,1,1,1,1025000,Jaguar XF
Honda,City,2009,15,91000.0,1,1,2,96000,Honda City
Maruti Suzuki,Alto-800,2009,15,76000.0,0,1,2,175000,Maruti Suzuki Alto-800
Volkswagen,Ameo,2019,5,92000.0,1,1,1,640000,Volkswagen Ameo
Maruti Suzuki,Baleno,2018,6,54000.0,0,0,1,670000,Maruti Suzuki Baleno
Volkswagen,VentoTest,2015,9,66000.0,0,1,1,490000,Volkswagen VentoTest
Hyundai,i20,2019,5,45000.0,1,0,0,725000,Hyundai i20
Audi,A6,2012,12,86310.0,0,0,1,950000,Audi A6
BMW,3 Series GT,2015,9,61000.0,1,1,1,1500000,BMW 3 Series GT
Hyundai,Eon,2013,11,58836.0,0,1,0,235000,Hyundai Eon
Toyota,Corolla Altis,2017,7,100000.0,1,1,0,895000,Toyota Corolla Altis
Mahindra,XUV 300,2021,3,69846.0,1,0,1,1090000,Mahindra XUV 300
Maruti Suzuki,Alto-800,2015,9,150000.0,1,1,0,170000,Maruti Suzuki Alto-800
Hyundai,Creta,2018,6,95000.0,0,0,1,899000,Hyundai Creta
Mercedes-Benz,GLC Class,2021,3,28000.0,1,0,1,6850000,Mercedes-Benz GLC Class
Toyota,Corolla Altis,2012,12,56000.0,1,1,2,365000,Toyota Corolla Altis
Maruti Suzuki,Alto-800,2019,5,26000.0,0,0,0,330000,Maruti Suzuki Alto-800
Toyota,Corolla Altis,2012,12,115000.0,0,1,1,415000,Toyota Corolla Altis
Maruti Suzuki,Grand Vitara,2021,3,31000.0,0,0,0,745000,Maruti Suzuki Grand Vitara
Tata,Tiago,2018,6,77400.0,0,0,1,495000,Tata Tiago
Mercedes-Benz,GLA,2016,8,35300.0,1,1,1,1875000,Mercedes-Benz GLA
Mahindra,Marazzo,2020,4,52000.0,1,0,1,950000,Mahindra Marazzo
Ford,Endeavour,2017,7,91000.0,1,1,1,2050000,Ford Endeavour
Ford,Endeavour,2018,6,49000.0,1,0,1,2490000,Ford Endeavour
Maruti Suzuki,Swift,2017,7,72000.0,0,1,0,540000,Maruti Suzuki Swift
Maruti Suzuki,Wagon-R,2016,8,185000.0,1,0,2,205000,Maruti Suzuki Wagon-R
Maruti Suzuki,Alto,2012,12,90000.0,0,1,2,125000,Maruti Suzuki Alto
Maruti Suzuki,Alto,2005,19,250000.0,0,1,0,75000,Maruti Suzuki Alto
Toyota,Innova,2011,13,105000.0,0,1,1,421000,Toyota Innova
Maruti Suzuki,Celerio,2018,6,54553.0,0,1,0,325000,Maruti Suzuki Celerio
Kia,Sonet,2021,3,77000.0,0,0,1,1151000,Kia Sonet
Tata,Nexon,2022,2,55000.0,1,0,1,1290000,Tata Nexon
Mercedes-Benz,A-class Limousine,2023,1,15000.0,1,0,1,3800000,Mercedes-Benz A-class Limousine
Toyota,Innova Crysta,2017,7,99000.0,0,1,1,1875000,Toyota Innova Crysta
Honda,City,2011,13,90000.0,1,1,2,150000,Honda City
Maruti Suzuki,Ertiga,2023,1,120000.0,1,0,2,950000,Maruti Suzuki Ertiga
Maruti Suzuki,Ciaz,2016,8,114000.0,0,0,0,499000,Maruti Suzuki Ciaz
Chevrolet,Sail,2016,8,120000.0,0,1,1,245000,Chevrolet Sail
Maruti Suzuki,Swift-Dzire,2017,7,51000.0,0,1,2,490000,Maruti Suzuki Swift-Dzire
BMW,X5,2020,4,60000.0,1,0,1,6891000,BMW X5
Mahindra,Xylo,2015,9,123000.0,0,1,1,725000,Mahindra Xylo
Honda,CRV,2010,14,94000.0,1,1,0,475000,Honda CRV
Honda,City,2016,8,69000.0,0,1,2,575000,Honda City
Renault,Duster,2014,10,96500.0,0,1,1,270000,Renault Duster
Mercedes-Benz,C-Class,2020,4,29000.0,1,1,1,4000000,Mercedes-Benz C-Class
Lexus,RX,2016,8,11000.0,1,0,2,6000000,Lexus RX
Tata,Nano,2015,9,47000.0,1,1,0,265000,Tata Nano
Ford,Ecosport,2015,9,68530.0,0,1,1,325000,Ford Ecosport
Kia,Sonet,2022,2,26793.0,0,0,0,821000,Kia Sonet
Honda,Jazz,2017,7,52639.0,1,0,0,474000,Honda Jazz
Honda,Amaze,2013,11,66000.0,0,1,2,285000,Honda Amaze
Tata,Harrier,2023,1,7500.0,0,0,1,1675000,Tata Harrier
Porsche,Panamera,2020,4,20000.0,1,0,0,15000000,Porsche Panamera
BMW,5 Series,2012,12,50000.0,1,0,1,1250000,BMW 5 Series
Maruti Suzuki,Wagon-R,2004,20,110000.0,0,1,0,100000,Maruti Suzuki Wagon-R
Skoda,Rapid,2013,11,107316.0,0,0,1,435000,Skoda Rapid
Toyota,Corolla,2006,18,114831.0,1,1,0,225000,Toyota Corolla
Mahindra,XUV500,2016,8,80000.0,0,1,1,450000,Mahindra XUV500
Hyundai,Creta,2016,8,63500.0,0,0,2,735000,Hyundai Creta
Maruti Suzuki,Omni,2011,13,55000.0,0,1,0,255000,Maruti Suzuki Omni
Tata,Nexon,2018,6,98000.0,0,0,1,525000,Tata Nexon
Ford,Endeavour,2018,6,93000.0,1,0,1,1999000,Ford Endeavour
BMW,X3,2017,7,156000.0,1,0,1,2000000,BMW X3
Tata,Altroz,2021,3,27999.0,0,0,0,660000,Tata Altroz
Maruti Suzuki,S-Presso,2020,4,19000.0,1,0,0,485000,Maruti Suzuki S-Presso
Tata,Tiago,2021,3,25000.0,1,0,0,650000,Tata Tiago
Kia,Seltos,2021,3,43123.0,1,0,0,1445000,Kia Seltos
Maruti Suzuki,Estilo,2012,12,85000.0,1,1,2,110000,Maruti Suzuki Estilo
Toyota,Corolla Altis,2015,9,65000.0,1,1,2,624999,Toyota Corolla Altis
Renault,KWID,2017,7,55000.0,1,1,2,219000,Renault KWID
Toyota,Corolla Altis,2008,16,10000.0,1,1,2,230000,Toyota Corolla Altis
Mercedes-Benz,GLA,2016,8,57000.0,1,0,1,1290000,Mercedes-Benz GLA
Hyundai,Santro Xing,2010,14,84500.0,0,1,0,180000,Hyundai Santro Xing
Maruti Suzuki,Eeco,2016,8,25.0,1,1,2,280000,Maruti Suzuki Eeco
Mercedes-Benz,GLC,2020,4,38000.0,1,1,1,4700000,Mercedes-Benz GLC
Toyota,Corolla Altis,2010,14,80000.0,0,1,2,325000,Toyota Corolla Altis
Nissan,Sunny,2014,10,78500.0,1,1,2,470000,Nissan Sunny
Maruti Suzuki,Wagon-R-Stingray,2016,8,24000.0,1,0,2,320000,Maruti Suzuki Wagon-R-Stingray
Maruti Suzuki,Wagon-R,2022,2,23000.0,0,0,2,595000,Maruti Suzuki Wagon-R
Maruti Suzuki,Ertiga,2024,0,5000.0,0,0,2,1225000,Maruti Suzuki Ertiga
Audi,Q7,2014,10,45000.0,1,1,1,1200000,Audi Q7
Kia,Carens,2022,2,39000.0,0,1,1,1350000,Kia Carens
Maruti Suzuki,Swift-Dzire,2011,13,73422.0,0,1,2,225000,Maruti Suzuki Swift-Dzire
Hyundai,Xcent,2020,4,172000.0,0,1,1,545000,Hyundai Xcent
Maruti Suzuki,Celerio,2017,7,47000.0,0,1,0,390000,Maruti Suzuki Celerio
Maruti Suzuki,Vitara-Brezza,2018,6,72000.0,0,0,1,575000,Maruti Suzuki Vitara-Brezza
BMW,5 Series,2016,8,47000.0,1,1,1,2500000,BMW 5 Series
Toyota,Corolla Altis,2009,15,75000.0,0,1,2,235000,Toyota Corolla Altis
Maruti Suzuki,Wagon-R-1-0,2017,7,23109.0,1,0,2,425000,Maruti Suzuki Wagon-R-1-0
Hyundai,i20,2010,14,72000.0,1,1,0,275000,Hyundai i20
Maruti Suzuki,Ritz,2016,8,128069.0,0,0,1,325000,Maruti Suzuki Ritz
Hyundai,i20 Active,2015,9,47000.0,0,0,1,649999,Hyundai i20 Active
Hyundai,Creta,2023,1,70000.0,1,0,1,1800000,Hyundai Creta
Renault,KWID,2016,8,17000.0,0,1,0,295000,Renault KWID
Maruti Suzuki,Ciaz,2018,6,93500.0,1,0,2,550000,Maruti Suzuki Ciaz
Honda,City,2010,14,126000.0,0,1,0,375000,Honda City
Maruti Suzuki,Alto-800,2011,13,0.0,0,1,0,140000,Maruti Suzuki Alto-800
Maruti Suzuki,Wagon-R,2012,12,83000.0,0,1,0,210000,Maruti Suzuki Wagon-R
Maruti Suzuki,Swift,2016,8,47884.0,0,0,0,450000,Maruti Suzuki Swift
Land Rover,Range Rover Sport,2019,5,64000.0,1,0,1,7900000,Land Rover Range Rover Sport
Hyundai,Santro,2019,5,29000.0,1,1,0,425000,Hyundai Santro
Kia,Carnival,2021,3,23000.0,1,0,1,2695000,Kia Carnival
Toyota,Fortuner,2021,3,31500.0,1,0,1,3699000,Toyota Fortuner
Maruti Suzuki,Wagon-R,2021,3,75000.0,0,0,2,499000,Maruti Suzuki Wagon-R
Maruti Suzuki,Baleno,2019,5,65000.0,1,1,0,585000,Maruti Suzuki Baleno
Hyundai,Grand i10,2018,6,28000.0,1,0,2,650000,Hyundai Grand i10
Maruti Suzuki,Swift-Dzire,2015,9,87419.0,0,1,0,520000,Maruti Suzuki Swift-Dzire
Hyundai,Grand i10,2018,6,65000.0,0,0,1,445000,Hyundai Grand i10
Volkswagen,VentoTest,2015,9,69000.0,1,1,0,525000,Volkswagen VentoTest
Mercedes-Benz,C-Class,2010,14,130000.0,1,1,1,750000,Mercedes-Benz C-Class
Maruti Suzuki,Wagon-R,2009,15,90000.0,0,1,0,120000,Maruti Suzuki Wagon-R
Hyundai,Creta,2016,8,58000.0,1,1,0,745000,Hyundai Creta
Audi,A6,2021,3,8000.0,1,0,0,5900000,Audi A6
BMW,5 Series,2023,1,7000.0,1,0,1,6600000,BMW 5 Series
Maruti Suzuki,Wagon-R,2012,12,35.0,1,1,2,140000,Maruti Suzuki Wagon-R
Hyundai,Creta,2018,6,80000.0,1,1,1,1300000,Hyundai Creta
Ford,Ecosport,2016,8,69000.0,0,0,1,499000,Ford Ecosport
Maruti Suzuki,Alto-800,2017,7,75000.0,1,0,2,230000,Maruti Suzuki Alto-800
Maruti Suzuki,Zen-Estilo,2012,12,75000.0,0,1,2,210000,Maruti Suzuki Zen-Estilo
Toyota,Glanza,2023,1,49000.0,0,0,2,830000,Toyota Glanza
Toyota,Fortuner,2019,5,55000.0,1,1,1,3475000,Toyota Fortuner
Maruti Suzuki,Baleno,2023,1,22000.0,0,0,0,939999,Maruti Suzuki Baleno
Maruti Suzuki,Ritz,2016,8,85000.0,0,0,2,260000,Maruti Suzuki Ritz
Renault,Duster,2017,7,102500.0,1,1,1,600000,Renault Duster
Maruti Suzuki,Swift,2012,12,112.0,0,1,1,399000,Maruti Suzuki Swift
Maruti Suzuki,Baleno,2017,7,57500.0,1,0,2,565000,Maruti Suzuki Baleno
Maruti Suzuki,Swift-Dzire,2018,6,68000.0,0,0,1,430000,Maruti Suzuki Swift-Dzire
Volvo,S60,2012,12,45000.0,1,1,1,1300000,Volvo S60
Maruti Suzuki,Ignis,2018,6,46000.0,1,0,2,500000,Maruti Suzuki Ignis
Skoda,Octavia,2014,10,78000.0,1,1,1,610000,Skoda Octavia
Land Rover,Range Rover Velar,2020,4,54000.0,1,1,0,7500000,Land Rover Range Rover Velar
Maruti Suzuki,Ertiga,2014,10,86000.0,0,1,2,585000,Maruti Suzuki Ertiga
Toyota,Fortuner,2014,10,96000.0,1,1,1,1995000,Toyota Fortuner
Toyota,Innova Crysta,2017,7,35000.0,1,1,1,2500000,Toyota Innova Crysta
Hyundai,Elite i20,2017,7,40000.0,0,0,0,449000,Hyundai Elite i20
Hyundai,Elantra,2015,9,70000.0,1,1,0,575000,Hyundai Elantra
Maruti Suzuki,Swift-Dzire,2011,13,103000.0,0,1,0,295000,Maruti Suzuki Swift-Dzire
Hyundai,Grand i10,2019,5,42000.0,0,0,2,450000,Hyundai Grand i10
Hyundai,Santro,2003,21,0.0,0,1,2,52000,Hyundai Santro
Hyundai,Creta,2018,6,57000.0,1,0,0,1075000,Hyundai Creta
Honda,City,2009,15,120000.0,0,1,0,225000,Honda City
Hyundai,Xcent Prime,2022,2,105000.0,1,0,2,170000,Hyundai Xcent Prime
BMW,3 Series GT,2015,9,61000.0,1,1,1,1500000,BMW 3 Series GT
Chevrolet,Cruze,2014,10,60000.0,1,1,1,450000,Chevrolet Cruze
BMW,3 Series GT,2015,9,61000.0,1,1,1,1500000,BMW 3 Series GT
Maruti Suzuki,Wagon-R,2012,12,150000.0,1,1,2,210000,Maruti Suzuki Wagon-R
Honda,Civic,2010,14,75000.0,0,1,2,250000,Honda Civic
Chevrolet,OptraSRV,2006,18,90000.0,0,1,0,149000,Chevrolet OptraSRV
Maruti Suzuki,Baleno,2017,7,57000.0,0,0,1,650000,Maruti Suzuki Baleno
Hyundai,New Santro,2019,5,82000.0,0,0,2,455000,Hyundai New Santro
Maruti Suzuki,Wagon-R-1-0,2022,2,27100.0,0,0,2,645000,Maruti Suzuki Wagon-R-1-0
Hyundai,Creta,2020,4,75000.0,1,1,1,1675000,Hyundai Creta
Tata,Altroz,2023,1,20000.0,1,0,2,655000,Tata Altroz
Hyundai,Grand i10 Nios,2020,4,62000.0,0,0,0,580000,Hyundai Grand i10 Nios
Honda,Amaze,2015,9,82000.0,1,0,0,390000,Honda Amaze
Mercedes-Benz,C Class,2019,5,9000.0,1,0,0,3500000,Mercedes-Benz C Class
Maruti Suzuki,Swift-Dzire,2017,7,170000.0,1,0,2,275000,Maruti Suzuki Swift-Dzire
Hyundai,i10,2009,15,103000.0,0,1,2,95000,Hyundai i10
Tata,Nexon,2018,6,76209.0,1,1,0,666000,Tata Nexon
Maruti Suzuki,Ciaz,2018,6,68000.0,1,0,2,749000,Maruti Suzuki Ciaz
Volkswagen,Passat,2019,5,70450.0,1,0,1,2200000,Volkswagen Passat
Mahindra,XUV700,2022,2,13000.0,1,0,0,2150000,Mahindra XUV700
Hyundai,Creta,2022,2,38000.0,0,0,0,1175000,Hyundai Creta
Audi,A3,2015,9,44000.0,1,0,1,1670000,Audi A3
Honda,City,2011,13,77000.0,1,1,0,419999,Honda City
Maruti Suzuki,Eeco,2015,9,,1,1,2,260000,Maruti Suzuki Eeco
Skoda,Kushaq,2021,3,8600.0,1,0,0,1700000,Skoda Kushaq
Hyundai,i10,2011,13,85000.0,0,1,0,300000,Hyundai i10
BMW,3 Series GT,2018,6,70000.0,1,0,1,2090000,BMW 3 Series GT
Hyundai,Verna,2016,8,60000.0,1,0,1,545000,Hyundai Verna
Maruti Suzuki,A-Star,2011,13,112000.0,1,1,2,240000,Maruti Suzuki A-Star
Toyota,Innova,2015,9,150000.0,0,0,1,975000,Toyota Innova
Maruti Suzuki,Wagon-R,2022,2,58000.0,0,0,2,590000,Maruti Suzuki Wagon-R
Renault,Duster,2019,5,55234.0,0,1,2,550000,Renault Duster
Toyota,Camry,2014,10,100000.0,1,0,2,1150000,Toyota Camry
Toyota,Etios,2016,8,119830.0,0,1,1,535000,Toyota Etios
Maruti Suzuki,Wagon-R-1-0,2014,10,82000.0,0,1,2,315000,Maruti Suzuki Wagon-R-1-0
Maruti Suzuki,Celerio,2019,5,111000.0,1,0,2,525000,Maruti Suzuki Celerio
Audi,2.9 Sportback,2018,6,44000.0,1,1,0,7500000,Audi 2.9 Sportback
Maruti Suzuki,Swift-Dzire,2020,4,64000.0,1,0,0,785000,Maruti Suzuki Swift-Dzire
Audi,Q5,2014,10,95000.0,1,0,1,840000,Audi Q5
Mahindra,XUV500,2015,9,98000.0,0,1,1,650000,Mahindra XUV500
Hyundai,i20,2019,5,39000.0,0,0,2,540000,Hyundai i20
Maruti Suzuki,Wagon-R,2018,6,66000.0,0,0,2,380000,Maruti Suzuki Wagon-R
Toyota,Fortuner,2018,6,120000.0,1,1,1,3400000,Toyota Fortuner
Maruti Suzuki,Wagon-R-1-0,2011,13,150000.0,1,1,2,140000,Maruti Suzuki Wagon-R-1-0
Hyundai,Grand i10 Nios,2023,1,10000.0,1,0,0,775000,Hyundai Grand i10 Nios
Skoda,Superb,2021,3,62000.0,1,1,0,2425000,Skoda Superb
Maruti Suzuki,Swift-Dzire,2017,7,76000.0,1,1,0,620000,Maruti Suzuki Swift-Dzire
Hyundai,New i20,2022,2,21000.0,0,0,0,860000,Hyundai New i20
Renault,KWID,2019,5,49600.0,1,0,0,369000,Renault KWID
Maruti Suzuki,Ignis,2021,3,14607.0,1,0,0,597000,Maruti Suzuki Ignis
Land Rover,Discovery Sport,2015,9,75000.0,1,0,1,2000000,Land Rover Discovery Sport
Honda,City,2010,14,74000.0,0,1,0,240000,Honda City
Hyundai,Creta,2020,4,90000.0,0,1,1,1125000,Hyundai Creta
Ford,Aspire,2019,5,61000.0,0,0,1,475000,Ford Aspire
Maruti Suzuki,Vitara-Brezza,2019,5,61000.0,1,1,1,845000,Maruti Suzuki Vitara-Brezza
Maruti Suzuki,Wagon-R,2021,3,54900.0,0,0,2,549000,Maruti Suzuki Wagon-R
Honda,Jazz,2019,5,55000.0,1,0,2,545000,Honda Jazz
Hyundai,Grand i10,2015,9,92000.0,0,1,1,450000,Hyundai Grand i10
Honda,City,2014,10,90000.0,0,1,1,490000,Honda City
Maruti Suzuki,Alto-K10,2019,5,53000.0,1,0,0,395000,Maruti Suzuki Alto-K10
Hyundai,Grand i10,2019,5,64000.0,0,0,2,550000,Hyundai Grand i10
Honda,Jazz,2012,12,70000.0,0,1,0,350000,Honda Jazz
Maruti Suzuki,Eeco,2018,6,55644.0,0,0,2,495000,Maruti Suzuki Eeco
Maruti Suzuki,Wagon-R,2018,6,68000.0,0,0,2,390000,Maruti Suzuki Wagon-R
Toyota,Fortuner,2013,11,113000.0,1,1,1,950000,Toyota Fortuner
Maruti Suzuki,Ertiga,2013,11,76140.0,0,1,2,525500,Maruti Suzuki Ertiga
Maruti Suzuki,Wagon-R-1-0,2017,7,57000.0,0,0,2,385000,Maruti Suzuki Wagon-R-1-0
Maruti Suzuki,Swift,2005,19,120000.0,0,1,2,150000,Maruti Suzuki Swift
Maruti Suzuki,Swift-Dzire,2022,2,55000.0,1,0,2,690000,Maruti Suzuki Swift-Dzire
Toyota,Fortuner,2014,10,75000.0,1,1,1,1200000,Toyota Fortuner
Mercedes-Benz,S-Class,2015,9,45000.0,1,1,1,4100000,Mercedes-Benz S-Class
Toyota,Innova,2011,13,165000.0,0,1,1,975000,Toyota Innova
Maruti Suzuki,Omni,2012,12,129698.0,0,1,2,130000,Maruti Suzuki Omni
Maruti Suzuki,Alto-800,2013,11,59000.0,0,1,0,219999,Maruti Suzuki Alto-800
Maruti Suzuki,Alto-K10,2015,9,15000.0,1,1,0,360000,Maruti Suzuki Alto-K10
Maruti Suzuki,Alto,2008,16,100000.0,0,1,0,98000,Maruti Suzuki Alto
Honda,City,2015,9,78000.0,0,1,2,459000,Honda City
Maruti Suzuki,Ertiga,2018,6,57125.0,0,0,2,800000,Maruti Suzuki Ertiga
Ford,Ecosport,2017,7,79840.0,0,0,1,515000,Ford Ecosport
Hyundai,i10,2013,11,42500.0,1,0,0,335000,Hyundai i10
Tata,Tigor,2024,0,4700.0,1,0,2,945000,Tata Tigor
Honda,CRV,2007,17,130000.0,1,1,2,198000,Honda CRV
Maruti Suzuki,Celerio,2017,7,85000.0,1,0,0,455000,Maruti Suzuki Celerio
Maruti Suzuki,Alto-800,2014,10,115000.0,0,1,0,180000,Maruti Suzuki Alto-800
Toyota,Fortuner,2019,5,85000.0,1,0,1,3151000,Toyota Fortuner
Toyota,Innova Crysta,2020,4,72000.0,1,0,1,2175000,Toyota Innova Crysta
Maruti Suzuki,Ciaz,2016,8,82000.0,1,0,0,595000,Maruti Suzuki Ciaz
Maruti Suzuki,Swift,2021,3,73086.0,0,0,0,630000,Maruti Suzuki Swift
Honda,Amaze,2015,9,40000.0,0,1,1,481000,Honda Amaze
Tata,Tiago,2022,2,19300.0,0,0,2,684000,Tata Tiago
Maruti Suzuki,Wagon-R-1-0,2010,14,77200.0,0,1,2,139000,Maruti Suzuki Wagon-R-1-0
Hyundai,Santro Xing,2012,12,74000.0,0,1,2,170000,Hyundai Santro Xing
Ford,Ecosport,2016,8,68000.0,0,0,1,499000,Ford Ecosport
Hyundai,i10,2010,14,60000.0,1,1,0,275000,Hyundai i10
Hyundai,i10,2009,15,69000.0,1,1,0,288000,Hyundai i10
Renault,KWID,2020,4,52000.0,1,0,2,350000,Renault KWID
Hyundai,Grand i10 Nios,2022,2,14000.0,0,1,2,625000,Hyundai Grand i10 Nios
Ford,Figo,2013,11,108000.0,0,1,1,190000,Ford Figo
Hyundai,Santro Xing,2010,14,25.0,1,0,2,80000,Hyundai Santro Xing
Toyota,Urban Cruiser Hyryder,2022,2,29000.0,1,0,2,1750000,Toyota Urban Cruiser Hyryder
Audi,Q7,2014,10,45000.0,1,1,1,1200000,Audi Q7
Maruti Suzuki,Sx4,2010,14,74000.0,0,1,0,330000,Maruti Suzuki Sx4
Maruti Suzuki,Wagon-R,2017,7,82000.0,1,1,2,385000,Maruti Suzuki Wagon-R
Maruti Suzuki,Wagon-R,2016,8,45000.0,1,0,0,299000,Maruti Suzuki Wagon-R
Hyundai,Creta,2021,3,36046.0,1,0,0,1463000,Hyundai Creta
Maruti Suzuki,Wagon-R,2009,15,225000.0,0,1,0,210000,Maruti Suzuki Wagon-R
Toyota,Corolla,2004,20,76000.0,1,1,0,145000,Toyota Corolla
Honda,Amaze,2019,5,44199.0,1,0,0,635000,Honda Amaze
Mercedes-Benz,C-Class,2017,7,43000.0,1,0,1,2650000,Mercedes-Benz C-Class
Maruti Suzuki,Celerio,2019,5,64504.0,0,0,2,520000,Maruti Suzuki Celerio
Maruti Suzuki,Alto-K10,2015,9,52000.0,1,1,2,350000,Maruti Suzuki Alto-K10
Maruti Suzuki,Ertiga,2024,0,29000.0,0,0,2,1199999,Maruti Suzuki Ertiga
Maruti Suzuki,Sx4,2011,13,90000.0,1,1,2,160000,Maruti Suzuki Sx4
Mercedes-Benz,C-Class,2011,13,75000.0,1,1,1,795000,Mercedes-Benz C-Class
Hyundai,Grand i10 Nios,2021,3,18000.0,1,0,2,700000,Hyundai Grand i10 Nios
Maruti Suzuki,Baleno,2018,6,32000.0,0,0,0,685000,Maruti Suzuki Baleno
Maruti Suzuki,Baleno-RS,2020,4,45000.0,0,0,0,950000,Maruti Suzuki Baleno-RS
Maruti Suzuki,Celerio,2014,10,89000.0,0,1,2,325000,Maruti Suzuki Celerio
Honda,Accord,2010,14,58000.0,1,1,2,350000,Honda Accord
Maruti Suzuki,Ritz,2010,14,85000.0,0,1,2,148000,Maruti Suzuki Ritz
Hyundai,Elite i20,2019,5,53000.0,0,0,2,490000,Hyundai Elite i20
Land Rover,Discovery,2019,5,87000.0,1,1,1,2700000,Land Rover Discovery
Maruti Suzuki,Swift-Dzire,2015,9,88000.0,0,1,1,340000,Maruti Suzuki Swift-Dzire
Renault,Captur,2019,5,46231.0,0,1,1,650000,Renault Captur
Renault,KWID,2019,5,16000.0,1,0,0,420000,Renault KWID
Maruti Suzuki,Wagon-R,2019,5,53000.0,1,0,0,490000,Maruti Suzuki Wagon-R
Mercedes-Benz,GLE COUPE,2022,2,14000.0,1,1,0,11500000,Mercedes-Benz GLE COUPE
Mercedes-Benz,C-Class,2017,7,27230.0,1,1,1,3325000,Mercedes-Benz C-Class
Hyundai,Grand i10,2014,10,92000.0,0,1,0,320000,Hyundai Grand i10
Hyundai,Venue,2019,5,28000.0,1,0,0,925000,Hyundai Venue
Chevrolet,Cruze,2010,14,70000.0,1,1,1,303000,Chevrolet Cruze
Hyundai,Creta,2019,5,47000.0,1,0,1,980000,Hyundai Creta
Maruti Suzuki,Wagon-R-1-0,2017,7,63000.0,0,0,2,345000,Maruti Suzuki Wagon-R-1-0
Audi,Q7,2014,10,45000.0,1,1,1,1200000,Audi Q7
Toyota,Innova Crysta,2019,5,55000.0,1,0,1,2140000,Toyota Innova Crysta
Hyundai,Verna,2013,11,75000.0,1,1,2,399000,Hyundai Verna
Mahindra,Ssangyong-Rexton,2014,10,91000.0,0,1,1,585000,Mahindra Ssangyong-Rexton
Maruti Suzuki,Vitara Brezza,2019,5,35000.0,1,1,1,675000,Maruti Suzuki Vitara Brezza
Toyota,Innova Hycross,2023,1,38100.0,1,0,2,3799000,Toyota Innova Hycross
Skoda,Rapid,2016,8,88888.0,1,1,0,355000,Skoda Rapid
Hyundai,i20,2011,13,130000.0,1,0,2,130000,Hyundai i20
Ford,Ecosport,2019,5,93585.0,1,0,2,599999,Ford Ecosport
Maruti Suzuki,Baleno,2022,2,18000.0,0,1,0,595000,Maruti Suzuki Baleno
Hyundai,i10,2012,12,100000.0,1,1,0,320000,Hyundai i10
Maruti Suzuki,Baleno,2018,6,51000.0,0,0,2,395000,Maruti Suzuki Baleno
Maruti Suzuki,Wagon-R,2015,9,47858.0,1,0,2,335000,Maruti Suzuki Wagon-R
Hyundai,i20,2018,6,70000.0,0,0,2,525000,Hyundai i20
Volkswagen,Polo,2013,11,61000.0,0,1,1,290000,Volkswagen Polo
Volkswagen,VentoTest,2010,14,65000.0,0,1,2,199999,Volkswagen VentoTest
Land Rover,Range Rover Evoque,2013,11,113000.0,1,1,1,1990000,Land Rover Range Rover Evoque
Maruti Suzuki,Omni,2014,10,100000.0,1,0,2,180000,Maruti Suzuki Omni
Toyota,Innova,2010,14,230000.0,0,1,1,725000,Toyota Innova
Maruti Suzuki,Alto-800,2018,6,60000.0,0,1,2,245000,Maruti Suzuki Alto-800
Chevrolet,Cruze,2015,9,65000.0,1,1,1,485000,Chevrolet Cruze
Maruti Suzuki,maruti-suzuki-dzire,2016,8,115000.0,1,0,1,551000,Maruti Suzuki maruti-suzuki-dzire
Ford,Endeavour,2011,13,96000.0,1,1,1,351000,Ford Endeavour
BMW,3 Series GT,2016,8,97000.0,1,0,1,1600000,BMW 3 Series GT
Honda,Amaze,2015,9,46000.0,1,1,0,349000,Honda Amaze
Tata,Tiago,2018,6,43000.0,1,0,2,535000,Tata Tiago
Chevrolet,Cruze,2011,13,97000.0,1,1,1,410000,Chevrolet Cruze
Hyundai,Creta,2022,2,25000.0,1,0,0,1650000,Hyundai Creta
Mercedes-Benz,E-Class,2012,12,101000.0,1,1,1,825000,Mercedes-Benz E-Class
BMW,5 Series,2016,8,47000.0,1,1,1,2500000,BMW 5 Series
Maruti Suzuki,Alto-800,2016,8,61000.0,0,1,0,230000,Maruti Suzuki Alto-800
Honda,City,2016,8,38000.0,0,0,1,775000,Honda City
Maruti Suzuki,Alto-800,2013,11,76000.0,0,1,0,284000,Maruti Suzuki Alto-800
Hyundai,Santa Fe,2016,8,94000.0,1,1,1,745000,Hyundai Santa Fe
Maruti Suzuki,Wagon R,2011,13,84000.0,0,1,2,185000,Maruti Suzuki Wagon R
Hyundai,Creta,2015,9,76000.0,1,1,1,650000,Hyundai Creta
Maruti Suzuki,Swift-Dzire,2018,6,61585.0,1,0,0,570000,Maruti Suzuki Swift-Dzire
Volkswagen,Polo,2017,7,60000.0,0,1,1,740000,Volkswagen Polo
Tata,Nano,2010,14,9167.0,0,0,0,55000,Tata Nano
Maruti Suzuki,Wagon-R,2012,12,78000.0,0,1,2,195000,Maruti Suzuki Wagon-R
BMW,7 Series,2015,9,20000.0,1,0,1,3700000,BMW 7 Series
Ford,Endeavour,2016,8,88500.0,1,1,1,1585000,Ford Endeavour
Honda,City,2017,7,59700.0,1,1,2,568000,Honda City
Maruti Suzuki,Wagon-R,2015,9,62000.0,1,1,2,120000,Maruti Suzuki Wagon-R
Ford,Ecosport,2019,5,40392.0,1,0,2,849000,Ford Ecosport
Honda,Accord,2012,12,86000.0,1,1,0,390000,Honda Accord
Hyundai,i10,2012,12,29000.0,0,1,0,199999,Hyundai i10
Maruti Suzuki,Celerio,2018,6,82000.0,1,0,0,425000,Maruti Suzuki Celerio
Honda,Amaze,2019,5,19000.0,1,0,0,695000,Honda Amaze
Toyota,Urban Cruiser Hyryder,2024,0,3600.0,1,0,2,2200000,Toyota Urban Cruiser Hyryder
Honda,Jazz,2021,3,34000.0,1,0,0,790000,Honda Jazz
Hyundai,i10,2015,9,104000.0,1,1,2,245000,Hyundai i10
Skoda,Rapid,2013,11,69000.0,0,0,1,349999,Skoda Rapid
Hyundai,Grand i10,2015,9,53000.0,1,0,2,429000,Hyundai Grand i10
Maruti Suzuki,Wagon-R,2012,12,58500.0,0,1,2,250000,Maruti Suzuki Wagon-R
Maruti Suzuki,maruti-suzuki-dzire,2011,13,59000.0,0,1,2,246000,Maruti Suzuki maruti-suzuki-dzire
Maruti Suzuki,Ritz,2011,13,85000.0,1,1,2,155000,Maruti Suzuki Ritz
Maruti Suzuki,Ertiga,2016,8,59000.0,0,1,1,820000,Maruti Suzuki Ertiga
Maruti Suzuki,Swift,2024,0,19000.0,0,0,0,728000,Maruti Suzuki Swift
Toyota,Innova,2015,9,177000.0,0,0,1,575000,Toyota Innova
Maruti Suzuki,Ertiga,2019,5,65000.0,1,1,2,820000,Maruti Suzuki Ertiga
Honda,City,2015,9,58000.0,1,1,2,510000,Honda City
Maruti Suzuki,Wagon-R,2017,7,60000.0,0,1,2,295000,Maruti Suzuki Wagon-R
Skoda,Kodiaq,2023,1,15000.0,1,0,0,4200000,Skoda Kodiaq
MG,Hector Plus,2023,1,42500.0,1,0,0,1850000,MG Hector Plus
Maruti Suzuki,Eeco,2019,5,82453.0,1,1,2,360000,Maruti Suzuki Eeco
Maruti Suzuki,Baleno,2019,5,251174.0,1,0,1,100000,Maruti Suzuki Baleno
Hyundai,Grand i10,2013,11,42900.0,1,0,2,385000,Hyundai Grand i10
Maruti Suzuki,Wagon-R,2019,5,19000.0,0,0,0,525000,Maruti Suzuki Wagon-R
Renault,Triber,2021,3,18000.0,1,1,0,550000,Renault Triber
Hyundai,i20,2018,6,79100.0,0,1,2,535000,Hyundai i20
Ambassador,Ambassador,2003,21,1.0,0,1,0,155000,Ambassador Ambassador
Toyota,Corolla,2008,16,140000.0,0,1,2,225000,Toyota Corolla
Maruti Suzuki,Vitara-Brezza,2022,2,30000.0,0,0,0,950000,Maruti Suzuki Vitara-Brezza
Maruti Suzuki,Swift,2018,6,80000.0,1,0,0,499999,Maruti Suzuki Swift
Maruti Suzuki,Celerio,2015,9,55000.0,1,1,2,400000,Maruti Suzuki Celerio
Honda,City,2016,8,71000.0,1,1,0,549999,Honda City
Maruti Suzuki,Wagon-R,2022,2,80000.0,0,0,2,499999,Maruti Suzuki Wagon-R
Ford,Figo,2015,9,63500.0,0,0,0,244999,Ford Figo
MG,Hector,2019,5,45000.0,1,1,0,1290000,MG Hector
Maruti Suzuki,Wagon-R,2022,2,24000.0,0,0,2,639000,Maruti Suzuki Wagon-R
Maruti Suzuki,Ignis,2022,2,8000.0,1,1,0,669000,Maruti Suzuki Ignis
Hyundai,i20,2011,13,85000.0,1,1,2,150000,Hyundai i20
Hyundai,Getz,2005,19,50000.0,0,1,0,68000,Hyundai Getz
Maruti Suzuki,maruti-suzuki-dzire,2017,7,62000.0,1,0,0,535000,Maruti Suzuki maruti-suzuki-dzire
Skoda,Slavia,2022,2,14000.0,1,0,0,1680000,Skoda Slavia
Maruti Suzuki,Stingray,2016,8,72500.0,1,0,2,270000,Maruti Suzuki Stingray
Hyundai,i10,2011,13,20198.0,0,0,0,175000,Hyundai i10
Maruti Suzuki,Grand Vitara,2023,1,17000.0,0,0,0,1495000,Maruti Suzuki Grand Vitara
Ford,Figo,2016,8,44000.0,1,1,0,450000,Ford Figo
Maruti Suzuki,Ritz,2012,12,70000.0,0,1,1,345000,Maruti Suzuki Ritz
Toyota,Innova,2014,10,225000.0,0,1,1,550000,Toyota Innova
Mahindra,Jeep,1999,25,78000.0,0,1,1,80000,Mahindra Jeep
Maruti Suzuki,Ignis,2018,6,40200.0,0,1,0,550000,Maruti Suzuki Ignis
Honda,Civic,2008,16,50000.0,1,0,2,40000,Honda Civic
Volkswagen,Polo,2017,7,77948.0,0,1,1,549999,Volkswagen Polo
Honda,City,2021,3,62000.0,1,0,0,1050000,Honda City
Renault,KWID,2017,7,24000.0,1,1,2,230000,Renault KWID
Maruti Suzuki,Wagon-R,2018,6,102200.0,0,0,2,320000,Maruti Suzuki Wagon-R
Hyundai,Venue,2019,5,100000.0,0,0,1,865000,Hyundai Venue
Maruti Suzuki,maruti-suzuki-dzire,2010,14,118979.0,0,0,1,200000,Maruti Suzuki maruti-suzuki-dzire
Tata,Harrier,2023,1,10000.0,1,0,1,2700000,Tata Harrier
Mercedes-Benz,M-Class,2013,11,130000.0,1,1,1,1890000,Mercedes-Benz M-Class
Honda,Brio,2015,9,56000.0,1,0,2,365000,Honda Brio
Mahindra,Bolero,2015,9,115217.0,0,0,1,775000,Mahindra Bolero
Hyundai,Tucson,2019,5,42000.0,1,0,0,1635000,Hyundai Tucson
Maruti Suzuki,Celerio,2014,10,50000.0,1,1,0,350000,Maruti Suzuki Celerio
Hyundai,Grand i10,2016,8,96290.0,0,1,0,377000,Hyundai Grand i10
Maruti Suzuki,Baleno,2018,6,66000.0,1,1,2,535000,Maruti Suzuki Baleno
Honda,Civic,2010,14,72000.0,0,1,0,298000,Honda Civic
Maruti Suzuki,Ertiga,2024,0,12000.0,0,0,2,1450000,Maruti Suzuki Ertiga
Hyundai,i20,2017,7,70000.0,0,0,1,510000,Hyundai i20
Jeep,Compass,2017,7,45000.0,0,0,1,1250000,Jeep Compass
Mahindra,Bolero Power Plus,2013,11,180000.0,1,1,1,350000,Mahindra Bolero Power Plus
Maruti Suzuki,Sx4,2012,12,82000.0,0,1,2,289000,Maruti Suzuki Sx4
Maruti Suzuki,maruti-suzuki-brezza,2024,0,14000.0,0,0,2,1175000,Maruti Suzuki maruti-suzuki-brezza
Maruti Suzuki,Swift-Dzire,2018,6,65000.0,1,1,2,525000,Maruti Suzuki Swift-Dzire
Honda,City,2016,8,74000.0,1,1,0,590000,Honda City
Maruti Suzuki,Eeco,2018,6,85000.0,0,0,2,325000,Maruti Suzuki Eeco
Mahindra,XUV500,2018,6,46000.0,0,1,1,870000,Mahindra XUV500
Hyundai,Grand i10,2016,8,90000.0,0,0,2,395000,Hyundai Grand i10
Maruti Suzuki,Sx4,2010,14,45000.0,0,1,2,250000,Maruti Suzuki Sx4
Toyota,Innova Hycross,2023,1,40000.0,1,0,2,3850000,Toyota Innova Hycross
Maruti Suzuki,Ertiga,2015,9,100000.0,0,1,2,625000,Maruti Suzuki Ertiga
Maruti Suzuki,Swift-Dzire,2015,9,63000.0,0,0,1,435000,Maruti Suzuki Swift-Dzire
Maruti Suzuki,Wagon-R,2016,8,138922.0,0,1,2,285000,Maruti Suzuki Wagon-R
Maruti Suzuki,Swift-Dzire,2013,11,57500.0,0,0,0,570000,Maruti Suzuki Swift-Dzire
Mahindra,Rexton,2014,10,85000.0,1,1,1,550000,Mahindra Rexton
Ford,Mustang,2017,7,24000.0,1,0,0,8200000,Ford Mustang
Honda,CR-V,2019,5,129000.0,1,1,0,1800000,Honda CR-V
Maruti Suzuki,Eeco,2022,2,80000.0,0,0,0,250000,Maruti Suzuki Eeco
Maruti Suzuki,Wagon R 1.0,2016,8,65000.0,1,1,0,460000,Maruti Suzuki Wagon R 1.0
Honda,Amaze,2019,5,51000.0,0,0,0,575000,Honda Amaze
Honda,Brio,2012,12,60000.0,0,1,0,280000,Honda Brio
Volkswagen,Polo,2016,8,45000.0,0,0,2,425000,Volkswagen Polo
Maruti Suzuki,Swift,2012,12,78000.0,0,1,2,365000,Maruti Suzuki Swift
Ford,Endeavour,2018,6,74000.0,1,0,1,2650000,Ford Endeavour
Maruti Suzuki,Alto-K10,2014,10,57862.0,0,1,0,288000,Maruti Suzuki Alto-K10
Hyundai,Eon,2015,9,89000.0,0,1,0,260000,Hyundai Eon
Maruti Suzuki,Swift,2021,3,63946.0,1,0,0,615000,Maruti Suzuki Swift
Hyundai,i10,2011,13,56000.0,0,0,0,175000,Hyundai i10
Maruti Suzuki,Baleno,2021,3,64852.0,1,0,2,650000,Maruti Suzuki Baleno
Maruti Suzuki,Eeco,2017,7,120000.0,1,1,2,280000,Maruti Suzuki Eeco
Audi,A6,2014,10,66000.0,1,0,1,890000,Audi A6
BMW,5 Series,2016,8,47000.0,1,1,1,2500000,BMW 5 Series
Maruti Suzuki,Eeco,2017,7,98656.0,0,1,2,355000,Maruti Suzuki Eeco
Hyundai,Verna,2023,1,15000.0,1,0,0,1750000,Hyundai Verna
Audi,Q7,2024,0,6912.0,1,0,2,8000000,Audi Q7
Maruti Suzuki,Wagon-R,2016,8,62125.0,0,1,2,320000,Maruti Suzuki Wagon-R
Mercedes-Benz,M-Class,2015,9,73000.0,1,1,1,1975000,Mercedes-Benz M-Class
Hyundai,Elite i20,2019,5,,0,0,0,475000,Hyundai Elite i20
Maruti Suzuki,Swift,2018,6,72000.0,1,0,2,645000,Maruti Suzuki Swift
Maruti Suzuki,Eeco,2016,8,12500.0,0,0,0,414000,Maruti Suzuki Eeco
Hyundai,Creta,2017,7,77971.0,0,0,1,765000,Hyundai Creta
Honda,City,2012,12,60000.0,1,0,2,490000,Honda City
Nissan,Micra,2018,6,67000.0,0,0,0,450000,Nissan Micra
Maruti Suzuki,800,2005,19,5000.0,1,1,0,40000,Maruti Suzuki 800
Audi,A3,2015,9,42000.0,1,1,1,1050000,Audi A3
Honda,City,2014,10,65000.0,1,0,0,400000,Honda City
Maruti Suzuki,Celerio,2014,10,180000.0,1,1,2,300000,Maruti Suzuki Celerio
Toyota,Corolla Altis,2015,9,100000.0,1,0,2,625000,Toyota Corolla Altis
Toyota,Urban Cruiser Hyryder,2022,2,29000.0,1,0,2,1750000,Toyota Urban Cruiser Hyryder
Maruti Suzuki,Vitara-Brezza,2017,7,55000.0,0,1,1,420000,Maruti Suzuki Vitara-Brezza
Audi,A4,2011,13,78000.0,1,1,1,790000,Audi A4
Hyundai,Grand i10,2017,7,90001.0,0,0,1,430000,Hyundai Grand i10
Volkswagen,Polo,2019,5,76832.0,1,1,0,945000,Volkswagen Polo
Hyundai,Alcazar,2021,3,28987.0,1,0,1,1700000,Hyundai Alcazar
Hyundai,Creta,2017,7,55000.0,1,1,0,870000,Hyundai Creta
Toyota,Etios Liva,2014,10,100080.0,0,1,1,410000,Toyota Etios Liva
Hyundai,Grand i10,2017,7,64000.0,0,0,2,375000,Hyundai Grand i10
Toyota,Innova Crysta,2016,8,142000.0,1,1,1,1385000,Toyota Innova Crysta
Hyundai,Eon,2018,6,80000.0,1,1,0,110000,Hyundai Eon
Maruti Suzuki,Eeco,2017,7,79000.0,0,1,2,305000,Maruti Suzuki Eeco
Mahindra,XUV 300,2022,2,14555.0,1,0,1,1095000,Mahindra XUV 300
Maruti Suzuki,Ertiga,2012,12,98000.0,0,0,2,450000,Maruti Suzuki Ertiga
Hyundai,Verna,2015,9,42500.0,1,1,0,625000,Hyundai Verna
Maruti Suzuki,Sx4,2010,14,60000.0,1,0,0,175000,Maruti Suzuki Sx4
Maruti Suzuki,Celerio,2017,7,53000.0,1,0,0,495000,Maruti Suzuki Celerio
Maruti Suzuki,Ertiga,2024,0,35.0,0,0,2,1180000,Maruti Suzuki Ertiga
Maruti Suzuki,Celerio,2018,6,85000.0,0,1,0,380000,Maruti Suzuki Celerio
Hyundai,i20,2016,8,62000.0,0,1,2,465000,Hyundai i20
Maruti Suzuki,Wagon-R-Stingray,2023,1,58094.0,1,0,2,350000,Maruti Suzuki Wagon-R-Stingray
Maruti Suzuki,Ertiga,2021,3,110085.0,1,1,2,1000000,Maruti Suzuki Ertiga
Honda,City,2011,13,78000.0,0,1,0,210000,Honda City
Mercedes-Benz,E-Class,2012,12,49000.0,1,1,1,990000,Mercedes-Benz E-Class
Volkswagen,Beetle,2010,14,34000.0,1,1,0,1449000,Volkswagen Beetle
Toyota,2.8 Legender 4X2,2024,0,6000.0,1,0,1,5495000,Toyota 2.8 Legender 4X2
Honda,City,2014,10,99939.0,0,1,0,340000,Honda City
Maruti Suzuki,Ertiga,2016,8,62000.0,0,1,2,625000,Maruti Suzuki Ertiga
Maruti Suzuki,Alto-800,2013,11,35000.0,0,1,2,190000,Maruti Suzuki Alto-800
Maruti Suzuki,Zen-Estilo,2010,14,45078.0,0,0,0,135000,Maruti Suzuki Zen-Estilo
Tata,Nano,2016,8,36000.0,0,0,0,180000,Tata Nano
MG,Hector,2020,4,48000.0,1,0,0,1430000,MG Hector
BMW,7 Series,2009,15,40000.0,1,0,0,1000000,BMW 7 Series
Maruti Suzuki,Baleno,2016,8,64000.0,1,1,0,565000,Maruti Suzuki Baleno
Hyundai,Eon,2012,12,98000.0,0,1,2,145000,Hyundai Eon
Hyundai,Venue,2020,4,46462.0,0,0,0,709000,Hyundai Venue
Nissan,Micra Active,2012,12,62538.0,0,1,2,149999,Nissan Micra Active
Hyundai,Alcazar,2017,7,15000.0,1,0,0,1895000,Hyundai Alcazar
Maruti Suzuki,Ertiga,2019,5,164681.0,1,1,2,1050000,Maruti Suzuki Ertiga
Honda,Accord,2011,13,100000.0,0,1,2,299000,Honda Accord
Maruti Suzuki,Swift-Dzire-Tour,2020,4,87000.0,0,1,2,600000,Maruti Suzuki Swift-Dzire-Tour
Maruti Suzuki,Celerio,2019,5,84000.0,0,1,2,445000,Maruti Suzuki Celerio
Tata,Indica,2014,10,164278.0,0,1,1,110000,Tata Indica
Maruti Suzuki,Ertiga,2017,7,65000.0,0,1,2,725000,Maruti Suzuki Ertiga
Hyundai,Grand i10,2016,8,96000.0,0,1,2,400000,Hyundai Grand i10
Mercedes-Benz,GLA Class,2018,6,39507.0,1,0,0,1925000,Mercedes-Benz GLA Class
Maruti Suzuki,Wagon-R-1-0,2014,10,165000.0,0,1,2,280000,Maruti Suzuki Wagon-R-1-0
Jeep,Compass,2021,3,46000.0,1,0,1,2199000,Jeep Compass
Honda,City,2016,8,55000.0,1,1,2,575000,Honda City
Maruti Suzuki,Swift-Dzire,2016,8,61620.0,0,0,1,465000,Maruti Suzuki Swift-Dzire
Volkswagen,VentoTest,2013,11,44000.0,1,0,0,375000,Volkswagen VentoTest
Maruti Suzuki,Ertiga,2024,0,58000.0,1,0,2,380000,Maruti Suzuki Ertiga
Renault,KWID,2021,3,28000.0,0,1,0,375000,Renault KWID
Maruti Suzuki,Omni,2018,6,94000.0,1,0,2,290000,Maruti Suzuki Omni
Toyota,Glanza,2020,4,84450.0,0,1,0,622000,Toyota Glanza
Hyundai,Verna,2011,13,148000.0,1,1,0,290000,Hyundai Verna
Maruti Suzuki,Omni,2017,7,90000.0,1,1,2,195000,Maruti Suzuki Omni
Honda,Mobilio,2015,9,20000.0,0,0,0,475000,Honda Mobilio
BMW,5 Series,2019,5,48000.0,1,1,1,3750000,BMW 5 Series
Lexus,NX,2018,6,28000.0,1,0,0,5650000,Lexus NX
Hyundai,Elite i20,2014,10,70900.0,0,0,2,525000,Hyundai Elite i20
Volkswagen,VentoTest,2017,7,53000.0,1,1,0,489000,Volkswagen VentoTest
Honda,City,2012,12,78000.0,1,1,2,285000,Honda City
Skoda,Rapid,2016,8,50000.0,1,0,0,500000,Skoda Rapid
Audi,Q7,2014,10,45000.0,1,1,1,1200000,Audi Q7
Maruti Suzuki,Wagon-R,2021,3,48000.0,0,1,2,565000,Maruti Suzuki Wagon-R
Mahindra,Thar,2021,3,22000.0,1,0,0,1375000,Mahindra Thar
Maruti Suzuki,Swift-Dzire,2015,9,59200.0,0,1,0,425000,Maruti Suzuki Swift-Dzire
BMW,5 Series,2022,2,11000.0,1,0,1,7800000,BMW 5 Series
Mahindra,Bolero,2015,9,91000.0,0,1,1,380000,Mahindra Bolero
Ford,Ecosport,2020,4,51000.0,1,0,0,875000,Ford Ecosport
Maruti Suzuki,Wagon-R,2012,12,75000.0,0,0,2,260000,Maruti Suzuki Wagon-R
Hyundai,Verna,2013,11,60000.0,0,1,0,350000,Hyundai Verna
Nissan,Teana,2009,15,53000.0,1,0,2,175000,Nissan Teana
Renault,KWID,2018,6,50743.0,0,0,0,316000,Renault KWID
Audi,A4,2016,8,55500.0,1,1,1,2250000,Audi A4
Maruti Suzuki,Alto,2010,14,89000.0,0,1,0,149000,Maruti Suzuki Alto
Toyota,Innova Crysta,2017,7,90000.0,1,0,0,1325000,Toyota Innova Crysta
Hyundai,Xcent,2018,6,52000.0,0,0,2,511000,Hyundai Xcent
Volkswagen,Polo,2014,10,60000.0,0,1,1,333000,Volkswagen Polo
Tata,Harrier,2021,3,40000.0,0,1,1,1080000,Tata Harrier
Audi,Q3,2014,10,92000.0,1,1,1,795000,Audi Q3
Maruti Suzuki,Omni,2008,16,87913.0,0,1,0,95000,Maruti Suzuki Omni
Maruti Suzuki,Swift-Dzire,2012,12,78850.0,1,1,2,265000,Maruti Suzuki Swift-Dzire
Maruti Suzuki,Ertiga,2020,4,80000.0,0,0,2,979999,Maruti Suzuki Ertiga
Maruti Suzuki,Wagon-R,2019,5,60000.0,1,0,2,270000,Maruti Suzuki Wagon-R
Toyota,Innova,2015,9,132000.0,0,1,1,860000,Toyota Innova
Toyota,Camry,2016,8,72000.0,1,1,2,2150000,Toyota Camry
Maruti Suzuki,Celerio,2014,10,95000.0,1,1,0,380000,Maruti Suzuki Celerio
Maruti Suzuki,Swift-Dzire,2017,7,94000.0,0,1,2,590000,Maruti Suzuki Swift-Dzire
BMW,3 Series,2018,6,98500.0,1,1,1,2400000,BMW 3 Series
Toyota,Corolla Altis,2014,10,120000.0,1,1,2,400000,Toyota Corolla Altis
Ford,Free Style,2020,4,41000.0,0,1,0,450000,Ford Free Style
Renault,Duster,2014,10,176000.0,0,1,1,465000,Renault Duster
Renault,KWID,2017,7,55000.0,1,1,0,365000,Renault KWID
BMW,5 Series,2018,6,60000.0,1,0,1,4700000,BMW 5 Series
Mahindra,XUV500,2012,12,88500.0,0,1,1,485000,Mahindra XUV500
Mitsubishi,Pajero Sport,2015,9,87000.0,1,1,1,890000,Mitsubishi Pajero Sport
Maruti Suzuki,Baleno,2016,8,129000.0,0,0,1,625000,Maruti Suzuki Baleno
Maruti Suzuki,Sx4,2011,13,45000.0,0,0,1,211000,Maruti Suzuki Sx4
Ford,Ecosport,2018,6,33650.0,1,0,2,690000,Ford Ecosport
Maruti Suzuki,Wagon-R,2010,14,75198.0,0,0,0,180000,Maruti Suzuki Wagon-R
Maruti Suzuki,Baleno,2020,4,18100.0,0,0,0,650000,Maruti Suzuki Baleno
Hyundai,Alcazar,2022,2,41000.0,1,0,1,1575000,Hyundai Alcazar
Mahindra,Scorpio,2015,9,74749.0,0,0,1,661000,Mahindra Scorpio
Maruti Suzuki,Swift,2011,13,79000.0,0,0,2,270000,Maruti Suzuki Swift
Mahindra,XUV500,2015,9,55000.0,0,1,1,749000,Mahindra XUV500
Volkswagen,Polo,2013,11,69000.0,0,1,1,395000,Volkswagen Polo
Hyundai,Grand i10,2016,8,62000.0,1,1,2,425000,Hyundai Grand i10
Honda,City ZX,2018,6,83568.0,0,1,1,850000,Honda City ZX
Maruti Suzuki,Wagon-R,2019,5,60000.0,1,0,2,540000,Maruti Suzuki Wagon-R
BMW,7 Series,2014,10,107000.0,1,1,1,2800000,BMW 7 Series
Maruti Suzuki,Ertiga,2012,12,110000.0,1,1,1,645000,Maruti Suzuki Ertiga
Maruti Suzuki,Swift,2018,6,72000.0,0,0,2,510000,Maruti Suzuki Swift
Maruti Suzuki,A-Star,2009,15,56000.0,0,1,0,255000,Maruti Suzuki A-Star
Hyundai,i10,2010,14,35000.0,0,0,0,214999,Hyundai i10
Honda,Mobilio,2015,9,33500.0,0,0,2,475000,Honda Mobilio
Maruti Suzuki,Baleno,2019,5,37000.0,1,1,0,750000,Maruti Suzuki Baleno
Maruti Suzuki,Swift-Dzire,2016,8,70000.0,0,0,0,575000,Maruti Suzuki Swift-Dzire
Skoda,Superb,2011,13,65000.0,1,0,1,515000,Skoda Superb
Maruti Suzuki,S-Presso,2020,4,801270.0,1,0,2,465000,Maruti Suzuki S-Presso
Maruti Suzuki,Celerio,2018,6,53000.0,1,1,2,525000,Maruti Suzuki Celerio
Maruti Suzuki,Alto-K10,2015,9,72000.0,0,0,2,265000,Maruti Suzuki Alto-K10
Maruti Suzuki,Alto K10,2017,7,76443.0,0,0,0,310000,Maruti Suzuki Alto K10
Maruti Suzuki,Ignis,2018,6,95000.0,1,1,2,385000,Maruti Suzuki Ignis
Toyota,Yaris,2021,3,30000.0,1,1,0,900000,Toyota Yaris
Maruti Suzuki,Alto-800,2018,6,50450.0,0,0,2,368000,Maruti Suzuki Alto-800
Honda,City,2017,7,70000.0,1,1,0,640000,Honda City
Maruti Suzuki,Eeco,2015,9,111000.0,0,1,2,300000,Maruti Suzuki Eeco
Honda,Amaze,2020,4,34000.0,1,0,0,845000,Honda Amaze
Hyundai,New i20,2019,5,56000.0,1,0,2,611000,Hyundai New i20
Kia,Sonet,2023,1,39000.0,0,0,0,865000,Kia Sonet
Hyundai,Grand i10,2019,5,43000.0,0,1,2,485000,Hyundai Grand i10
BMW,5 Series,2016,8,47000.0,1,1,1,2500000,BMW 5 Series
Volkswagen,Polo,2014,10,71000.0,0,0,2,329000,Volkswagen Polo
Kia,Seltos,2022,2,22000.0,1,0,0,1550000,Kia Seltos
Hyundai,Grand i10,2020,4,50000.0,0,0,2,550000,Hyundai Grand i10
Toyota,Innova Crysta,2019,5,68000.0,1,0,1,2650000,Toyota Innova Crysta
Honda,City,2016,8,93000.0,1,1,2,615000,Honda City
Hyundai,Grand i10,2015,9,58000.0,0,1,2,315000,Hyundai Grand i10
Mercedes-Benz,C-Class,2013,11,78000.0,1,1,0,790000,Mercedes-Benz C-Class
Skoda,Rapid,2015,9,110000.0,1,1,1,550000,Skoda Rapid
Renault,Kiger,2022,2,25000.0,0,0,2,600000,Renault Kiger
Hyundai,Creta,2019,5,98000.0,1,0,1,850000,Hyundai Creta
Kia,Sonet,2021,3,65000.0,1,0,1,975000,Kia Sonet
Audi,A6,2012,12,80000.0,1,0,1,1150000,Audi A6
Tata,Nexon,2021,3,33000.0,0,0,1,845000,Tata Nexon
Mahindra,XUV500,2018,6,100214.0,1,1,1,1183000,Mahindra XUV500
Maruti Suzuki,Celerio,2020,4,41000.0,1,1,2,491000,Maruti Suzuki Celerio
Honda,City,2010,14,85000.0,1,1,2,190000,Honda City
Land Rover,Range Rover Velar,2023,1,17000.0,1,0,0,8990000,Land Rover Range Rover Velar
Maruti Suzuki,Alto-800,2015,9,85000.0,0,1,0,180000,Maruti Suzuki Alto-800
Maruti Suzuki,Ertiga,2019,5,22600.0,0,1,2,975000,Maruti Suzuki Ertiga
Honda,Accord,2007,17,,1,1,2,135000,Honda Accord
Hyundai,Creta,2023,1,27000.0,0,0,0,1425000,Hyundai Creta
Honda,Amaze,2014,10,61472.0,0,1,0,249000,Honda Amaze
Tata,Tiago,2020,4,26000.0,0,1,0,445000,Tata Tiago
Renault,KWID,2017,7,44000.0,0,0,0,295000,Renault KWID
Mercedes-Benz,GLE Class,2016,8,130000.0,1,0,1,2550000,Mercedes-Benz GLE Class
Maruti Suzuki,Swift,2022,2,23000.0,0,0,0,675000,Maruti Suzuki Swift
Skoda,Octavia,2018,6,28000.0,1,1,1,3000000,Skoda Octavia
BMW,3 Series,2013,11,54000.0,1,0,1,1295000,BMW 3 Series
Honda,Amaze,2016,8,63000.0,0,1,1,515000,Honda Amaze
Volkswagen,Ameo,2018,6,85000.0,0,0,1,475000,Volkswagen Ameo
Hyundai,Grand i10 Nios,2022,2,34165.0,0,0,2,775000,Hyundai Grand i10 Nios
Hyundai,Xcent Prime,2018,6,105000.0,1,1,2,325000,Hyundai Xcent Prime
Maruti Suzuki,Wagon-R,2014,10,18.0,1,1,2,230000,Maruti Suzuki Wagon-R
Hyundai,i10,2012,12,65000.0,0,1,2,275000,Hyundai i10
Maruti Suzuki,Stingray,2016,8,51000.0,0,1,2,395000,Maruti Suzuki Stingray
Honda,City,2019,5,49000.0,1,0,0,800000,Honda City
Maruti Suzuki,Ciaz,2018,6,75200.0,0,1,2,599000,Maruti Suzuki Ciaz
Ford,Endeavour,2021,3,82000.0,0,0,1,3475000,Ford Endeavour
Honda,City,2011,13,80000.0,1,1,2,220000,Honda City
Maruti Suzuki,Ertiga,2016,8,81200.0,0,0,2,649999,Maruti Suzuki Ertiga
Maruti Suzuki,Swift,2010,14,72000.0,0,0,2,85000,Maruti Suzuki Swift
Maruti Suzuki,Esteem,2006,18,45000.0,0,1,0,80000,Maruti Suzuki Esteem
Mahindra,Scorpio-N,2023,1,24000.0,1,0,1,2451000,Mahindra Scorpio-N
Maruti Suzuki,Alto,2007,17,100000.0,0,1,0,180000,Maruti Suzuki Alto
Hyundai,Grand i10,2015,9,48000.0,0,1,1,110000,Hyundai Grand i10
Maruti Suzuki,Swift Dzire,2024,0,36.0,1,0,2,187000,Maruti Suzuki Swift Dzire
Honda,Amaze,2016,8,54000.0,0,0,1,295000,Honda Amaze
Maruti Suzuki,Alto-K10,2015,9,135000.0,1,0,2,215000,Maruti Suzuki Alto-K10
Audi,A4,2012,12,97000.0,1,1,1,1140000,Audi A4
Honda,City,2010,14,83000.0,0,0,2,280000,Honda City
Maruti Suzuki,XL6,2022,2,40000.0,1,1,0,1220000,Maruti Suzuki XL6
Renault,Duster,2017,7,57990.0,1,0,1,551100,Renault Duster
Hyundai,Creta,2017,7,82500.0,1,0,1,1100000,Hyundai Creta
Honda,Civic,2019,5,35274.0,1,1,0,1149999,Honda Civic
Honda,Jazz,2015,9,58000.0,1,0,0,515000,Honda Jazz
Honda,WRV,2017,7,88000.0,0,1,1,525000,Honda WRV
Hyundai,i10,2011,13,75000.0,1,0,0,190000,Hyundai i10
Maruti Suzuki,Ertiga,2013,11,110000.0,0,1,1,699999,Maruti Suzuki Ertiga
Nissan,Kicks,2019,5,70000.0,0,0,1,695000,Nissan Kicks
Toyota,Corolla Altis,2009,15,75000.0,0,1,2,235000,Toyota Corolla Altis
Volkswagen,VentoTest,2015,9,107000.0,1,1,0,499999,Volkswagen VentoTest
Tata,Nano Genx,2016,8,24000.0,1,1,0,186000,Tata Nano Genx
Kia,Carnival,2020,4,48000.0,1,0,1,2699999,Kia Carnival
Nissan,Micra,2010,14,98500.0,0,1,2,148000,Nissan Micra
Kia,Sonet,2021,3,65000.0,1,0,1,975000,Kia Sonet
Toyota,Innova,2014,10,126500.0,0,1,1,795000,Toyota Innova
Hyundai,Xcent Prime,2019,5,51000.0,0,1,2,399999,Hyundai Xcent Prime
Maruti Suzuki,Wagon-R,2015,9,82000.0,1,1,2,240000,Maruti Suzuki Wagon-R
Maruti Suzuki,Alto,2010,14,23.0,1,1,0,95000,Maruti Suzuki Alto
Mahindra,Bolero,2021,3,3000.0,0,0,1,1075000,Mahindra Bolero
Honda,Amaze,2016,8,21000.0,0,0,0,540000,Honda Amaze
Maruti Suzuki,Ertiga,2015,9,70000.0,0,1,1,539999,Maruti Suzuki Ertiga
Maruti Suzuki,Alto-K10,2016,8,62000.0,1,0,2,250000,Maruti Suzuki Alto-K10
Maruti Suzuki,Ertiga,2021,3,64000.0,0,0,2,899000,Maruti Suzuki Ertiga
Volkswagen,Tiguan,2018,6,52000.0,1,0,1,1915000,Volkswagen Tiguan
Maruti Suzuki,Wagon-R,2017,7,32.0,1,1,2,375000,Maruti Suzuki Wagon-R
Maruti Suzuki,Celerio,2015,9,44000.0,0,0,2,290000,Maruti Suzuki Celerio
Hyundai,Creta,2019,5,68000.0,1,1,0,1175000,Hyundai Creta
Maruti Suzuki,Ertiga,2015,9,72000.0,0,1,2,695000,Maruti Suzuki Ertiga
Maruti Suzuki,Eeco,2021,3,63000.0,0,0,2,575000,Maruti Suzuki Eeco
Maruti Suzuki,Brezza,2023,1,8700.0,1,0,0,1285999,Maruti Suzuki Brezza
Maruti Suzuki,Omni,2006,18,25000.0,0,1,0,80000,Maruti Suzuki Omni
Volkswagen,Polo,2017,7,115000.0,0,0,1,590000,Volkswagen Polo
Hyundai,i20,2010,14,71000.0,0,1,2,225000,Hyundai i20
Maruti Suzuki,Vitara-Brezza,2018,6,51000.0,1,1,0,650000,Maruti Suzuki Vitara-Brezza
Honda,City Hybrid eHEV,2022,2,14000.0,1,0,2,900000,Honda City Hybrid eHEV
Maruti Suzuki,Celerio,2022,2,9054.0,0,1,0,635000,Maruti Suzuki Celerio
Renault,Duster,2013,11,65000.0,0,1,1,325000,Renault Duster
Ford,Fiesta Classic,2015,9,134000.0,0,1,1,232000,Ford Fiesta Classic
Hyundai,Creta,2020,4,87500.0,0,0,1,1120000,Hyundai Creta
Maruti Suzuki,Ertiga,2022,2,32000.0,0,0,2,1099000,Maruti Suzuki Ertiga
Maruti Suzuki,Eeco,2021,3,80000.0,0,0,2,510000,Maruti Suzuki Eeco
Maruti Suzuki,Eeco,2016,8,100000.0,1,1,2,350000,Maruti Suzuki Eeco
Hyundai,i10,2010,14,66000.0,1,1,0,295000,Hyundai i10
Nissan,Sunny,2016,8,92000.0,0,0,1,450000,Nissan Sunny
Maruti Suzuki,Omni,2006,18,100000.0,1,1,2,95000,Maruti Suzuki Omni
Jeep,Compass,2021,3,16000.0,1,0,1,2970000,Jeep Compass
Kia,CERATO,2024,0,0.0,1,0,1,45000,Kia CERATO
Toyota,Innova Crysta,2017,7,133000.0,1,1,1,1465000,Toyota Innova Crysta
Honda,City,2019,5,55000.0,1,0,0,899000,Honda City
Honda,Jazz,2016,8,47179.0,0,1,0,365000,Honda Jazz
Hyundai,Santro Xing,2005,19,120000.0,0,1,0,120000,Hyundai Santro Xing
Mahindra,Scorpio,2016,8,150000.0,0,1,1,710000,Mahindra Scorpio
Maruti Suzuki,Alto-800,2018,6,22595.0,0,0,0,298000,Maruti Suzuki Alto-800
Mercedes-Benz,S-Class,2015,9,82000.0,1,1,1,3350000,Mercedes-Benz S-Class
Hyundai,New Elantra,2013,11,63000.0,0,1,2,425000,Hyundai New Elantra
Mahindra,Thar,2021,3,14000.0,1,0,1,1620000,Mahindra Thar
Volkswagen,VentoTest,2017,7,84000.0,1,1,1,675000,Volkswagen VentoTest
Maruti Suzuki,Ertiga,2022,2,58000.0,0,0,2,1070000,Maruti Suzuki Ertiga
Maruti Suzuki,800,2004,20,,1,1,0,60000,Maruti Suzuki 800
Maruti Suzuki,Estilo,2007,17,70000.0,1,1,0,99999,Maruti Suzuki Estilo
Toyota,Etios,2016,8,50000.0,0,0,2,350000,Toyota Etios
Audi,Q7,2012,12,87000.0,1,1,1,975000,Audi Q7
Tata,Nexon,2018,6,78689.0,0,0,0,450000,Tata Nexon
Hyundai,Aura,2022,2,44000.0,0,0,0,670000,Hyundai Aura
Maruti Suzuki,Ertiga,2021,3,62000.0,0,0,2,1000000,Maruti Suzuki Ertiga
Ford,Ecosport,2015,9,78000.0,0,1,1,340000,Ford Ecosport
Mahindra,Bolero,2010,14,66000.0,0,1,1,270000,Mahindra Bolero
Renault,KWID,2017,7,54000.0,1,1,0,365000,Renault KWID
Ford,Endeavour,2014,10,90000.0,0,1,1,365000,Ford Endeavour
Honda,Elevate,2023,1,11293.0,1,0,0,1600000,Honda Elevate
Ford,Ecosport,2017,7,143063.0,0,0,1,609999,Ford Ecosport
Honda,City,2017,7,69000.0,1,1,0,649999,Honda City
Hyundai,Grand i10,2014,10,47000.0,1,1,0,455000,Hyundai Grand i10
Maruti Suzuki,Wagon-R-1-0,2020,4,52000.0,0,0,2,530000,Maruti Suzuki Wagon-R-1-0
Maruti Suzuki,Eeco,2020,4,34309.0,0,1,0,454000,Maruti Suzuki Eeco
Toyota,Innova Crysta,2017,7,57000.0,1,0,1,2025000,Toyota Innova Crysta
Maruti Suzuki,Celerio,2017,7,35000.0,0,0,0,350000,Maruti Suzuki Celerio
Hyundai,Creta,2017,7,57000.0,1,0,0,910000,Hyundai Creta
Maruti Suzuki,Alto-K10,2015,9,60000.0,1,1,2,250000,Maruti Suzuki Alto-K10
Maruti Suzuki,Wagon R,2010,14,80000.0,0,1,0,229000,Maruti Suzuki Wagon R
Maruti Suzuki,Wagon-R-1-0,2017,7,68000.0,0,1,2,390000,Maruti Suzuki Wagon-R-1-0
Honda,CRV,2007,17,97100.0,1,1,2,380000,Honda CRV
Kia,Seltos,2020,4,45000.0,1,0,1,1645000,Kia Seltos
Maruti Suzuki,Alto,2011,13,112000.0,0,1,0,160000,Maruti Suzuki Alto
Tata,Zest,2015,9,80000.0,0,0,0,285000,Tata Zest
Toyota,Etios,2019,5,105000.0,0,1,1,675000,Toyota Etios
Toyota,Etios,2012,12,81000.0,0,1,2,275000,Toyota Etios
Tata,Nano,2011,13,47000.0,0,1,0,33000,Tata Nano
Honda,City,2012,12,83000.0,1,1,0,279000,Honda City
Maruti Suzuki,800,2002,22,80000.0,0,1,0,60000,Maruti Suzuki 800
Toyota,Fortuner,2020,4,60000.0,0,0,1,3200000,Toyota Fortuner
Nissan,Magnite,2022,2,17000.0,0,0,0,745000,Nissan Magnite
BMW,5 Series,2010,14,76486.0,1,1,1,1190000,BMW 5 Series
Toyota,Fortuner,2015,9,91000.0,1,0,1,1495000,Toyota Fortuner
Toyota,Innova,2011,13,170000.0,0,1,1,975000,Toyota Innova
Hyundai,Xcent,2014,10,106985.0,0,1,1,355000,Hyundai Xcent
Hyundai,Santro,2018,6,76814.0,0,0,0,350000,Hyundai Santro
Maruti Suzuki,Eeco,2016,8,100000.0,1,1,2,350000,Maruti Suzuki Eeco
Hyundai,Creta,2019,5,59980.0,1,0,0,1140000,Hyundai Creta
Toyota,Urban Cruiser Hyryder,2023,1,24000.0,1,0,0,1895000,Toyota Urban Cruiser Hyryder
Honda,City,2017,7,55000.0,1,1,0,690000,Honda City
Maruti Suzuki,Alto-K10,2017,7,3240.0,0,1,0,290000,Maruti Suzuki Alto-K10
Fiat,Punto,2012,12,86000.0,0,1,1,160000,Fiat Punto
Hyundai,i10,2011,13,78630.0,0,0,2,200000,Hyundai i10
Hyundai,Verna,2014,10,65000.0,0,1,0,480000,Hyundai Verna
Skoda,Octavia,2015,9,80000.0,1,0,1,1175000,Skoda Octavia
Toyota,Corolla Altis,2010,14,245000.0,0,1,1,525000,Toyota Corolla Altis
Tata,Tigor,2017,7,65000.0,0,0,0,375000,Tata Tigor
Renault,Duster,2015,9,94000.0,0,1,1,449000,Renault Duster
Hyundai,Verna,2012,12,85000.0,1,0,2,425000,Hyundai Verna
Ford,Endeavour,2017,7,95000.0,1,0,1,2000000,Ford Endeavour
Jeep,Compass,2019,5,45723.0,0,0,1,1299000,Jeep Compass
Audi,Q7,2014,10,45000.0,1,1,1,1200000,Audi Q7
Mercedes-Benz,C-Class,2021,3,20300.0,1,0,1,4650000,Mercedes-Benz C-Class
Hyundai,i10,2009,15,115000.0,1,1,2,170000,Hyundai i10
Hyundai,Aura,2023,1,7000.0,0,0,2,895000,Hyundai Aura
Maruti Suzuki,Swift-Dzire,2017,7,88000.0,0,1,2,630000,Maruti Suzuki Swift-Dzire
Honda,City,2009,15,108000.0,1,1,2,200000,Honda City
BMW,X3,2022,2,20000.0,1,0,0,5750000,BMW X3
Honda,City,2015,9,80000.0,0,1,1,453000,Honda City
Renault,KWID,2016,8,43600.0,0,0,0,255000,Renault KWID
Maruti Suzuki,Swift,2008,16,69000.0,0,1,0,110000,Maruti Suzuki Swift
Maruti Suzuki,Alto K10,2018,6,10500.0,1,1,0,375000,Maruti Suzuki Alto K10
Maruti Suzuki,Baleno,2017,7,26000.0,1,1,0,450000,Maruti Suzuki Baleno
Toyota,Urban Cruiser,2022,2,47448.0,1,0,0,929999,Toyota Urban Cruiser
Hyundai,Santro,2011,13,90000.0,0,0,2,110000,Hyundai Santro
Ford,Figo,2012,12,129000.0,0,1,1,299000,Ford Figo
Hyundai,i10,2013,11,46628.0,0,0,0,185000,Hyundai i10
Maruti Suzuki,Wagon-R-1-0,2021,3,66000.0,0,0,2,557000,Maruti Suzuki Wagon-R-1-0
Mahindra,Scorpio,2012,12,119000.0,0,1,1,610000,Mahindra Scorpio
Mahindra,XUV500,2017,7,70000.0,1,0,1,1350000,Mahindra XUV500
Hyundai,Santro Xing,2007,17,,0,1,0,90000,Hyundai Santro Xing
Maruti Suzuki,Alto-800,2022,2,25000.0,0,1,0,335000,Maruti Suzuki Alto-800
Honda,Civic,2013,11,85000.0,1,1,0,400000,Honda Civic
Maruti Suzuki,Wagon-R,2015,9,122000.0,0,1,2,255000,Maruti Suzuki Wagon-R
Hyundai,Venue,2020,4,28000.0,0,0,0,750000,Hyundai Venue
Maruti Suzuki,Alto-800,2013,11,75000.0,0,0,2,235000,Maruti Suzuki Alto-800
Hyundai,Venue,2019,5,90208.0,0,0,1,800000,Hyundai Venue
Maruti Suzuki,Ertiga,2019,5,72000.0,0,0,2,1041000,Maruti Suzuki Ertiga
Toyota,Urban Cruiser Hyryder,2024,0,6000.0,1,0,2,2250000,Toyota Urban Cruiser Hyryder
Toyota,Camry,2014,10,63000.0,1,1,2,900000,Toyota Camry
Mahindra,Thar,2022,2,22000.0,1,0,1,1545000,Mahindra Thar
Maruti Suzuki,Swift,2024,0,7250.0,0,0,0,780000,Maruti Suzuki Swift
Maruti Suzuki,Ertiga,2021,3,54000.0,0,0,2,975000,Maruti Suzuki Ertiga
Volkswagen,Polo,2016,8,86000.0,0,1,1,560000,Volkswagen Polo
Maruti Suzuki,Vitara-Brezza,2018,6,90000.0,1,0,1,800000,Maruti Suzuki Vitara-Brezza
Volkswagen,Taigun,2023,1,2300.0,0,0,0,1700000,Volkswagen Taigun
Toyota,Innova Crysta,2021,3,37000.0,1,0,1,3250000,Toyota Innova Crysta
Maruti Suzuki,Fronx ,2000,24,12580.0,1,0,2,47000,Maruti Suzuki Fronx 
Maruti Suzuki,Ertiga,2023,1,24000.0,0,0,2,1230000,Maruti Suzuki Ertiga
Honda,WRV,2017,7,56000.0,0,0,1,495000,Honda WRV
Maruti Suzuki,Ciaz,2018,6,45700.0,0,1,0,650000,Maruti Suzuki Ciaz
Mercedes-Benz,E-Class,2017,7,50000.0,1,1,1,3600000,Mercedes-Benz E-Class
Maruti Suzuki,Ertiga,2022,2,38000.0,0,0,2,1050000,Maruti Suzuki Ertiga
Maruti Suzuki,Wagon-R,2018,6,44700.0,1,1,0,410000,Maruti Suzuki Wagon-R
Skoda,Rapid,2017,7,94000.0,1,0,1,790000,Skoda Rapid
Honda,Jazz,2021,3,34000.0,1,0,0,790000,Honda Jazz
Maruti Suzuki,Wagon R,2013,11,74000.0,0,1,2,225000,Maruti Suzuki Wagon R
Nissan,Urvan,2016,8,51000.0,1,0,2,3800000,Nissan Urvan
Maruti Suzuki,Wagon-R-1-0,2019,5,73500.0,0,0,2,465000,Maruti Suzuki Wagon-R-1-0
Hyundai,Creta,2018,6,52000.0,0,0,1,690000,Hyundai Creta
Honda,WRV,2019,5,50000.0,0,1,2,670000,Honda WRV
Honda,City,2015,9,94000.0,0,0,1,645000,Honda City
Hyundai,Creta,2022,2,33000.0,1,0,1,1835000,Hyundai Creta
Maruti Suzuki,Wagon-R,2017,7,25000.0,1,1,2,395000,Maruti Suzuki Wagon-R
Maruti Suzuki,Baleno,2021,3,22.0,0,1,0,535000,Maruti Suzuki Baleno
Mercedes-Benz,M-Class,2013,11,57000.0,1,1,1,1349999,Mercedes-Benz M-Class
Maruti Suzuki,Alto,2009,15,85000.0,0,1,2,60000,Maruti Suzuki Alto
Maruti Suzuki,Eeco,2010,14,76917.0,0,1,2,265000,Maruti Suzuki Eeco
Toyota,Fortuner,2017,7,58200.0,1,0,1,3525000,Toyota Fortuner
Tata,Nexon,2019,5,50000.0,1,0,2,650000,Tata Nexon
Isuzu,Hi-Lande Isuzu Hi-Lander,2022,2,26000.0,0,0,1,1599000,Isuzu Hi-Lande Isuzu Hi-Lander
Kia,Sonet,2020,4,32550.0,0,0,0,740000,Kia Sonet
Audi,Q3,2013,11,89000.0,1,1,1,929000,Audi Q3
Maruti Suzuki,Celerio,2019,5,61382.0,1,0,0,495000,Maruti Suzuki Celerio
Maruti Suzuki,Alto-K10,2022,2,18305.0,0,0,0,495000,Maruti Suzuki Alto-K10
Volkswagen,Polo,2014,10,67000.0,0,1,2,293000,Volkswagen Polo
Maruti Suzuki,Swift,2014,10,72786.0,0,0,0,475000,Maruti Suzuki Swift
Maruti Suzuki,Alto,2020,4,50000.0,0,0,0,340000,Maruti Suzuki Alto
Maruti Suzuki,Baleno,2019,5,28303.0,0,0,0,635000,Maruti Suzuki Baleno
Volkswagen,Jetta,2013,11,74000.0,0,0,1,759000,Volkswagen Jetta
Maruti Suzuki,Alto-800,2016,8,86000.0,0,0,2,240000,Maruti Suzuki Alto-800
Tata,Tiago,2018,6,34128.0,0,0,0,440000,Tata Tiago
Ford,Ikon,2004,20,72416.0,0,1,0,93000,Ford Ikon
Hyundai,Aura,2024,0,4000.0,0,0,0,835000,Hyundai Aura
Maruti Suzuki,Baleno,2021,3,51600.0,0,0,0,515000,Maruti Suzuki Baleno
Honda,City,2015,9,86529.0,0,0,1,590000,Honda City
Maruti Suzuki,A-Star,2013,11,28000.0,1,0,0,320000,Maruti Suzuki A-Star
Mahindra,XUV500,2017,7,83255.0,1,0,1,871001,Mahindra XUV500
Maruti Suzuki,Alto-K10,2012,12,80000.0,0,1,0,195000,Maruti Suzuki Alto-K10
Honda,Amaze,2020,4,68000.0,1,0,0,595000,Honda Amaze
Maruti Suzuki,Celerio,2018,6,86000.0,0,1,2,365000,Maruti Suzuki Celerio
Maruti Suzuki,Ertiga,2017,7,65000.0,0,1,1,645000,Maruti Suzuki Ertiga
Tata,Tiago,2019,5,61000.0,1,1,2,400000,Tata Tiago
Mercedes-Benz,AMG,2024,0,16000.0,1,0,0,21500000,Mercedes-Benz AMG
Toyota,Innova Crysta,2021,3,40000.0,1,0,1,2650000,Toyota Innova Crysta
Hyundai,i10,2010,14,91200.0,0,1,2,152000,Hyundai i10
Tata,Nexon,2020,4,105800.0,1,0,0,675000,Tata Nexon
Honda,City,2010,14,69.0,1,1,2,220000,Honda City
Mercedes-Benz,S-Class,2008,16,84000.0,1,1,1,895000,Mercedes-Benz S-Class
Maruti Suzuki,Swift,2011,13,50000.0,1,1,2,109999,Maruti Suzuki Swift
Mahindra,Scorpio Classic,2018,6,99000.0,0,1,1,1400000,Mahindra Scorpio Classic
Land Rover,Range Rover Sport,2019,5,71000.0,1,1,1,11700000,Land Rover Range Rover Sport
Hyundai,Venue,2019,5,26000.0,1,0,0,945000,Hyundai Venue
BMW,3 Series,2018,6,64000.0,1,1,1,2399000,BMW 3 Series
MG,Hector Plus,2024,0,8000.0,1,0,0,2190000,MG Hector Plus
Datsun,Redi Go,2017,7,60000.0,0,0,0,170000,Datsun Redi Go
Maruti Suzuki,Swift,2015,9,58000.0,0,1,2,315000,Maruti Suzuki Swift
Maruti Suzuki,Wagon-R,2023,1,42000.0,1,0,2,606666,Maruti Suzuki Wagon-R
Toyota,Fortuner,2017,7,146000.0,1,0,1,2600000,Toyota Fortuner
Maruti Suzuki,Ertiga,2019,5,65000.0,1,1,2,820000,Maruti Suzuki Ertiga
Hyundai,Verna,2017,7,41435.0,0,0,0,676000,Hyundai Verna
Hyundai,Xcent Prime,2019,5,128500.0,0,0,1,465000,Hyundai Xcent Prime
Audi,Q3,2015,9,122000.0,1,0,1,1900000,Audi Q3
Volkswagen,VentoTest,2010,14,70000.0,0,1,2,269000,Volkswagen VentoTest
Maruti Suzuki,Swift-Dzire,2021,3,57000.0,1,0,0,810000,Maruti Suzuki Swift-Dzire
Hyundai,Creta,2020,4,30000.0,0,0,0,875000,Hyundai Creta
Maruti Suzuki,Eeco,2013,11,37000.0,0,0,2,411000,Maruti Suzuki Eeco
Maruti Suzuki,Brezza,2023,1,25000.0,1,0,2,1095000,Maruti Suzuki Brezza
Hyundai,i10,2012,12,74000.0,1,0,2,130000,Hyundai i10
Tata,Nexon,2022,2,38400.0,1,0,1,1200000,Tata Nexon
Honda,City,2016,8,38000.0,1,1,0,625000,Honda City
Hyundai,Creta,2016,8,64000.0,1,1,0,775000,Hyundai Creta
Chevrolet,Sail U-VA,2016,8,100000.0,0,1,1,240000,Chevrolet Sail U-VA
Hyundai,Verna,2023,1,12000.0,1,0,0,1549999,Hyundai Verna
Maruti Suzuki,Ertiga,2019,5,100000.0,0,1,2,365000,Maruti Suzuki Ertiga
Hyundai,Verna,2018,6,44500.0,1,1,0,765000,Hyundai Verna
Hyundai,Aura,2022,2,37444.0,1,0,2,758500,Hyundai Aura
Ford,Ecosport,2019,5,40868.0,1,0,2,775000,Ford Ecosport
Mahindra,Bolero Neo,2022,2,41000.0,0,0,1,1050000,Mahindra Bolero Neo
Hyundai,Verna,2019,5,39000.0,1,1,2,785000,Hyundai Verna
Ford,Ecosport,2015,9,58000.0,1,1,0,490000,Ford Ecosport
Toyota,Fortuner,2024,0,3500.0,1,0,1,4150000,Toyota Fortuner
Hyundai,Santro Xing,2011,13,96000.0,0,1,2,190000,Hyundai Santro Xing
Maruti Suzuki,Ritz,2013,11,67000.0,0,0,2,250000,Maruti Suzuki Ritz
Maruti Suzuki,Ritz,2015,9,92000.0,0,0,1,211000,Maruti Suzuki Ritz
Chevrolet,Spark,2010,14,27000.0,0,1,0,90000,Chevrolet Spark
Skoda,Rapid,2016,8,107423.0,1,0,1,560000,Skoda Rapid
Toyota,Fortuner,2015,9,139000.0,0,0,1,1550000,Toyota Fortuner
Hyundai,Venue,2019,5,19000.0,1,0,0,925000,Hyundai Venue
Mercedes-Benz,GLE,2018,6,70000.0,1,0,1,3298000,Mercedes-Benz GLE
Hyundai,Venue,2019,5,73000.0,1,1,0,865000,Hyundai Venue
Hyundai,i20,2009,15,72386.0,0,1,0,185000,Hyundai i20
Hyundai,Santro Xing,2014,10,62000.0,0,1,2,185000,Hyundai Santro Xing
Toyota,Innova,2007,17,50000.0,0,0,1,380000,Toyota Innova
Tata,Harrier,2021,3,34000.0,1,0,1,1650000,Tata Harrier
Hyundai,Grand i10,2015,9,58000.0,1,0,2,449900,Hyundai Grand i10
Maruti Suzuki,maruti-suzuki-dzire,2020,4,51000.0,0,0,2,595000,Maruti Suzuki maruti-suzuki-dzire
Renault,KWID,2018,6,75000.0,0,1,2,280000,Renault KWID
Skoda,Kodiaq,2018,6,106000.0,1,0,1,2250000,Skoda Kodiaq
Hyundai,Grand i10,2018,6,81000.0,1,0,2,435000,Hyundai Grand i10
Mercedes-Benz,GLC,2022,2,29000.0,1,0,1,6800000,Mercedes-Benz GLC
Honda,City,2014,10,38000.0,1,1,0,475000,Honda City
Toyota,Etios Liva,2017,7,92459.0,0,0,1,530000,Toyota Etios Liva
Maruti Suzuki,Swift,2018,6,82000.0,1,1,0,620000,Maruti Suzuki Swift
Skoda,Superb,2016,8,64000.0,1,0,0,1375000,Skoda Superb
Hyundai,Alcazar,2021,3,32000.0,1,0,0,900000,Hyundai Alcazar
Ford,Ecosport,2019,5,41256.0,1,0,2,775000,Ford Ecosport
Maruti Suzuki,Estilo,2010,14,85000.0,0,1,0,230000,Maruti Suzuki Estilo
Volvo,XC60,2020,4,94000.0,1,0,1,3950000,Volvo XC60
Hyundai,Creta,2022,2,30000.0,1,1,0,1690000,Hyundai Creta
Maruti Suzuki,Fronx ,2024,0,10700.0,0,0,2,890000,Maruti Suzuki Fronx 
Maruti Suzuki,Baleno,2018,6,66000.0,1,1,2,535000,Maruti Suzuki Baleno
Mahindra,XUV 300,2019,5,83000.0,1,0,1,990000,Mahindra XUV 300
Tata,Indica,2012,12,150000.0,0,0,1,125000,Tata Indica
Maruti Suzuki,XL6,2020,4,42000.0,1,0,0,1040000,Maruti Suzuki XL6
Maruti Suzuki,Wagon R,2020,4,800000.0,1,0,2,535000,Maruti Suzuki Wagon R
Mercedes-Benz,B Class,2014,10,41000.0,1,1,0,1050000,Mercedes-Benz B Class
Toyota,Fortuner,2021,3,114000.0,0,0,1,3349000,Toyota Fortuner
Toyota,Innova Crysta,2016,8,145000.0,1,0,1,1820000,Toyota Innova Crysta
Volkswagen,VentoTest,2017,7,76555.0,1,0,0,775000,Volkswagen VentoTest
Hyundai,Santro Xing,2012,12,78000.0,0,0,2,142000,Hyundai Santro Xing
Hyundai,i10,2013,11,59800.0,0,1,0,410000,Hyundai i10
Maruti Suzuki,Wagon-R-1-0,2017,7,23115.0,1,0,2,425000,Maruti Suzuki Wagon-R-1-0
Maruti Suzuki,Swift,2015,9,103650.0,0,1,0,398000,Maruti Suzuki Swift
Hyundai,Verna,2014,10,54000.0,1,1,2,465000,Hyundai Verna
Mercedes-Benz,C-Class,2020,4,23000.0,1,0,0,3900000,Mercedes-Benz C-Class
Tata,Harrier,2022,2,19000.0,1,0,1,2000000,Tata Harrier
Hyundai,i10,2010,14,46000.0,1,0,0,325000,Hyundai i10
Volkswagen,Polo,2010,14,100000.0,0,0,1,178000,Volkswagen Polo
Mahindra,XUV500,2018,6,90000.0,0,1,1,1290000,Mahindra XUV500
Mercedes-Benz,E-Class,2021,3,18000.0,1,0,1,6700000,Mercedes-Benz E-Class
Maruti Suzuki,Ciaz,2019,5,50000.0,0,0,2,710000,Maruti Suzuki Ciaz
Tata,Harrier,2023,1,9000.0,1,0,1,2690000,Tata Harrier
Ford,Ecosport,2019,5,40683.0,1,0,2,775000,Ford Ecosport
Maruti Suzuki,Wagon-R,2021,3,50000.0,0,0,2,525000,Maruti Suzuki Wagon-R
BMW,5 Series,2013,11,69000.0,1,1,1,1475000,BMW 5 Series
Chevrolet,Beat,2011,13,45000.0,0,1,0,140000,Chevrolet Beat
Toyota,Corolla Altis,2012,12,126000.0,0,1,1,525000,Toyota Corolla Altis
Honda,Elevate,2009,15,101000.0,1,1,2,75000,Honda Elevate
Honda,City,2011,13,65000.0,0,1,2,245000,Honda City
Skoda,Superb,2016,8,60000.0,1,1,0,1650000,Skoda Superb
Maruti Suzuki,Zen-Estilo,2010,14,60000.0,1,1,2,90000,Maruti Suzuki Zen-Estilo
BMW,M340i,2023,1,9000.0,1,1,0,5299000,BMW M340i
Maruti Suzuki,Omni,2014,10,41100.0,0,0,0,290000,Maruti Suzuki Omni
Maruti Suzuki,Swift-Dzire,2015,9,51000.0,0,0,0,450000,Maruti Suzuki Swift-Dzire
Audi,Q7,2014,10,45000.0,1,1,1,1200000,Audi Q7
Hyundai,Eon,2018,6,81000.0,1,1,2,355000,Hyundai Eon
Maruti Suzuki,Omni,2011,13,80000.0,0,0,2,210000,Maruti Suzuki Omni
Hyundai,Xcent,2015,9,86090.0,0,1,2,449999,Hyundai Xcent
Mahindra,XUV 300,2021,3,48000.0,0,0,0,900000,Mahindra XUV 300
Maruti Suzuki,Ciaz,2018,6,79000.0,0,0,0,600000,Maruti Suzuki Ciaz
Hyundai,Santro Xing,2015,9,30.0,1,1,2,195000,Hyundai Santro Xing
Mahindra,KUV100 NXT,2016,8,35000.0,0,0,2,265000,Mahindra KUV100 NXT
Toyota,Innova Crysta,2016,8,110000.0,1,1,1,1545000,Toyota Innova Crysta
Mercedes-Benz,C-Class,2005,19,158000.0,1,1,1,388000,Mercedes-Benz C-Class
Hyundai,Grand i10,2014,10,37000.0,1,1,2,360000,Hyundai Grand i10
BMW,5 Series,2017,7,69000.0,1,1,1,3649000,BMW 5 Series
Maruti Suzuki,Wagon-R,2017,7,63000.0,1,0,2,340000,Maruti Suzuki Wagon-R
Nissan,Terrano,2014,10,80000.0,0,1,1,340000,Nissan Terrano
Maruti Suzuki,Alto 800,2017,7,29584.0,0,0,0,280000,Maruti Suzuki Alto 800
Hyundai,Xcent,2016,8,57101.0,1,1,2,370000,Hyundai Xcent
Honda,Amaze,2020,4,23500.0,0,1,2,575000,Honda Amaze
Hyundai,i20,2013,11,68000.0,0,1,0,379000,Hyundai i20
Maruti Suzuki,Baleno,2023,1,28000.0,0,0,0,875000,Maruti Suzuki Baleno
Honda,Amaze,2018,6,45600.0,1,0,0,595000,Honda Amaze
Datsun,GO,2017,7,40400.0,0,0,0,239999,Datsun GO
Maruti Suzuki,Fronx ,2024,0,3000.0,1,0,0,1195000,Maruti Suzuki Fronx 
Maruti Suzuki,Alto-K10,2018,6,34000.0,1,0,2,350000,Maruti Suzuki Alto-K10
Maruti Suzuki,Baleno,2017,7,65000.0,1,1,2,570000,Maruti Suzuki Baleno
Hyundai,Xcent,2017,7,112986.0,0,1,2,400000,Hyundai Xcent
Maruti Suzuki,Wagon-R,2016,8,58000.0,1,1,0,350000,Maruti Suzuki Wagon-R
Mercedes-Benz,GLA Class,2019,5,50000.0,1,1,0,2485000,Mercedes-Benz GLA Class
Honda,City,2016,8,54000.0,0,0,0,625000,Honda City
Maruti Suzuki,S-Presso,2020,4,57805.0,0,0,0,405000,Maruti Suzuki S-Presso
Maruti Suzuki,Alto-K10,2023,1,22000.0,1,0,0,575000,Maruti Suzuki Alto-K10
Chevrolet,Tavera,2007,17,325000.0,0,1,1,270000,Chevrolet Tavera
Maruti Suzuki,S-Presso,2021,3,24008.0,0,0,0,480000,Maruti Suzuki S-Presso
Maruti Suzuki,S-Presso,2022,2,12000.0,0,0,0,465000,Maruti Suzuki S-Presso
Maruti Suzuki,Swift Dzire,2016,8,49000.0,1,1,0,599000,Maruti Suzuki Swift Dzire
Maruti Suzuki,Celerio,2023,1,40000.0,1,0,2,680000,Maruti Suzuki Celerio
Honda,City,2013,11,56000.0,0,1,2,299000,Honda City
Volkswagen,Taigun,2022,2,43000.0,0,1,0,1045000,Volkswagen Taigun
Hyundai,Eon,2015,9,76000.0,0,1,0,255000,Hyundai Eon
Mahindra,XUV500,2016,8,110000.0,1,1,1,950000,Mahindra XUV500
Toyota,Innova Hycross,2023,1,500.0,1,0,2,4400000,Toyota Innova Hycross
Honda,City,2015,9,48000.0,0,1,0,570000,Honda City
Hyundai,Getz,2008,16,175000.0,0,1,1,250000,Hyundai Getz
Renault,Duster,2014,10,110000.0,0,1,1,495000,Renault Duster
Toyota,2.8 Legender 4X2,2021,3,28000.0,1,1,1,4100000,Toyota 2.8 Legender 4X2
Ford,Ecosport,2019,5,42380.0,1,0,2,775000,Ford Ecosport
Maruti Suzuki,Vitara-Brezza,2018,6,90000.0,0,0,1,860000,Maruti Suzuki Vitara-Brezza
Maruti Suzuki,Swift-Dzire,2015,9,54000.0,0,1,2,349000,Maruti Suzuki Swift-Dzire
Honda,Accord,2008,16,114000.0,1,1,2,375000,Honda Accord
Hyundai,i20 Active,2016,8,76000.0,0,0,2,490000,Hyundai i20 Active
Mahindra,XUV 300,2019,5,43000.0,0,0,1,775000,Mahindra XUV 300
Mahindra,XUV500,2016,8,82000.0,1,1,1,998000,Mahindra XUV500
Toyota,VELLFIRE,2024,0,500.0,1,0,2,12900000,Toyota VELLFIRE
Maruti Suzuki,Swift-Dzire,2017,7,61000.0,1,1,2,499000,Maruti Suzuki Swift-Dzire
Maruti Suzuki,Ertiga,2013,11,96000.0,0,0,1,575000,Maruti Suzuki Ertiga
Maruti Suzuki,Eeco,2017,7,85000.0,1,1,2,460000,Maruti Suzuki Eeco
Hyundai,Creta,2022,2,49596.0,0,0,1,1735000,Hyundai Creta
Mahindra,XUV500,2021,3,61105.0,0,1,1,1695000,Mahindra XUV500
Maruti Suzuki,Ertiga,2017,7,73000.0,0,0,2,751000,Maruti Suzuki Ertiga
Kia,Sonet,2021,3,34000.0,1,0,2,899000,Kia Sonet
Maruti Suzuki,Alto-800,2014,10,71000.0,0,0,2,210000,Maruti Suzuki Alto-800
Maruti Suzuki,S-Presso,2021,3,21000.0,0,0,0,395000,Maruti Suzuki S-Presso
Tata,Nexon,2018,6,51167.0,1,0,0,865001,Tata Nexon
Maruti Suzuki,Ertiga,2019,5,15000.0,1,1,0,1055000,Maruti Suzuki Ertiga
Maruti Suzuki,S-Presso,2021,3,10000.0,1,1,0,515000,Maruti Suzuki S-Presso
Mercedes-Benz,C-Class,2021,3,14000.0,1,0,1,5200000,Mercedes-Benz C-Class
Hyundai,i20,2012,12,1.0,0,1,1,248000,Hyundai i20
Maruti Suzuki,Alto,2011,13,80000.0,1,1,0,89000,Maruti Suzuki Alto
Ford,Endeavour,2016,8,90000.0,1,1,1,1933000,Ford Endeavour
Honda,Amaze,2013,11,850000.0,1,1,2,450000,Honda Amaze
Maruti Suzuki,Wagon-R,2005,19,48000.0,0,1,0,68000,Maruti Suzuki Wagon-R
Maruti Suzuki,XL6,2019,5,32000.0,0,0,0,975000,Maruti Suzuki XL6
Tata,Zest,2016,8,98000.0,0,0,0,425000,Tata Zest
Maruti Suzuki,Ignis,2022,2,16000.0,0,0,0,525000,Maruti Suzuki Ignis
Toyota,Etios,2015,9,127000.0,0,1,1,449000,Toyota Etios
Hyundai,i10,2012,12,102000.0,0,1,0,195000,Hyundai i10
Renault,Duster,2019,5,60000.0,1,1,0,845000,Renault Duster
Skoda,Rapid,2017,7,55000.0,1,0,2,575000,Skoda Rapid
Chevrolet,Sail U-VA,2010,14,100000.0,0,0,2,125000,Chevrolet Sail U-VA
Tata,Tiago,2019,5,33000.0,1,0,2,490000,Tata Tiago
Honda,City,2016,8,74000.0,0,1,2,499900,Honda City
Honda,Civic,2007,17,97422.0,1,1,2,191000,Honda Civic
Maruti Suzuki,Swift-Dzire,2017,7,59000.0,1,1,2,475000,Maruti Suzuki Swift-Dzire
Tata,Nexon,2024,0,4500.0,1,0,0,1575000,Tata Nexon
Honda,Accord,2011,13,72000.0,1,1,2,388888,Honda Accord
Honda,Amaze,2018,6,50000.0,1,0,2,250000,Honda Amaze
Tata,Manza,2010,14,61000.0,0,1,0,199999,Tata Manza
Maruti Suzuki,Swift,2022,2,40000.0,1,0,2,695000,Maruti Suzuki Swift
BMW,6 Series GT,2020,4,24000.0,1,0,1,4300000,BMW 6 Series GT
BMW,3 Series GT,2015,9,74000.0,1,0,1,1775000,BMW 3 Series GT
Skoda,Rapid,2014,10,59000.0,1,1,0,700000,Skoda Rapid
Maruti Suzuki,Wagon-R,2022,2,22000.0,1,0,0,600000,Maruti Suzuki Wagon-R
Hyundai,Fluidic Verna,2011,13,102500.0,0,1,1,320000,Hyundai Fluidic Verna
Maruti Suzuki,Swift,2008,16,120000.0,0,1,1,200000,Maruti Suzuki Swift
Hyundai,Santro Xing,2010,14,140000.0,0,1,0,98000,Hyundai Santro Xing
Land Rover,Range Rover,2019,5,55000.0,1,0,0,16500000,Land Rover Range Rover
Mahindra,XUV 300,2022,2,14555.0,1,0,1,1095000,Mahindra XUV 300
Maruti Suzuki,Celerio X,2020,4,35000.0,0,0,2,450000,Maruti Suzuki Celerio X
Maruti Suzuki,Ciaz,2015,9,162000.0,1,0,2,599000,Maruti Suzuki Ciaz
Hyundai,Venue,2022,2,42000.0,0,0,0,985000,Hyundai Venue
Hyundai,i10,2011,13,67000.0,1,1,0,225000,Hyundai i10
Fiat,Urban Cross,2019,5,135000.0,0,1,1,450000,Fiat Urban Cross
Mercedes-Benz,E-Class,2018,6,55000.0,1,1,0,3850000,Mercedes-Benz E-Class
Maruti Suzuki,Celerio,2015,9,51133.0,0,0,2,395000,Maruti Suzuki Celerio
Honda,Jazz,2015,9,57000.0,0,1,0,329991,Honda Jazz
Maruti Suzuki,Alto-800,2023,1,12007.0,0,0,2,455000,Maruti Suzuki Alto-800
Hyundai,Grand i10,2016,8,62000.0,1,0,0,490000,Hyundai Grand i10
Hyundai,Creta,2017,7,54479.0,0,1,0,865000,Hyundai Creta
BMW,5 Series,2011,13,90000.0,1,0,1,1099999,BMW 5 Series
Maruti Suzuki,Wagon-R-1-0,2006,18,32000.0,0,0,0,120000,Maruti Suzuki Wagon-R-1-0
Jaguar,XF,2019,5,41000.0,1,0,1,3300000,Jaguar XF
Toyota,Innova Hycross,2024,0,20000.0,1,0,2,3400000,Toyota Innova Hycross
Maruti Suzuki,Wagon-R,2011,13,70000.0,0,1,0,250000,Maruti Suzuki Wagon-R
Hyundai,i20,2024,0,11000.0,0,0,0,950000,Hyundai i20
Hyundai,Elite i20,2017,7,82000.0,0,1,0,475000,Hyundai Elite i20
Hyundai,Creta,2020,4,26000.0,0,1,0,1040000,Hyundai Creta
Honda,Jazz,2015,9,79000.0,1,1,0,525000,Honda Jazz
Skoda,Rapid,2019,5,120000.0,0,0,1,840000,Skoda Rapid
Jeep,Compass,2022,2,51000.0,1,0,1,2800000,Jeep Compass
Audi,A4,2016,8,41000.0,1,1,1,1145000,Audi A4
Maruti Suzuki,Wagon-R,2015,9,80000.0,0,0,2,325000,Maruti Suzuki Wagon-R
Maruti Suzuki,Swift,2016,8,71000.0,0,1,2,488888,Maruti Suzuki Swift
Toyota,Etios,2013,11,87000.0,0,0,0,325000,Toyota Etios
Renault,KWID,2018,6,56765.0,1,0,0,388000,Renault KWID
Hyundai,Elantra,2017,7,85000.0,1,1,2,899000,Hyundai Elantra
Toyota,Innova Crysta,2016,8,188394.0,1,0,1,1800000,Toyota Innova Crysta
Maruti Suzuki,Eeco,2017,7,84240.0,1,1,2,295000,Maruti Suzuki Eeco
Tata,Indica,2013,11,110000.0,0,1,1,85000,Tata Indica
Maruti Suzuki,Ignis,2019,5,39800.0,0,0,0,425000,Maruti Suzuki Ignis
Mahindra,XUV700,2022,2,29705.0,1,0,1,2695000,Mahindra XUV700
Honda,City,2010,14,103000.0,1,0,2,170000,Honda City
Nissan,Sunny,2012,12,75000.0,0,1,0,280000,Nissan Sunny
Volkswagen,Tiguan,2018,6,52000.0,1,0,1,1915000,Volkswagen Tiguan
Maruti Suzuki,Wagon-R,2018,6,85000.0,1,0,2,380000,Maruti Suzuki Wagon-R
Maruti Suzuki,Celerio,2023,1,1234.0,0,0,2,130000,Maruti Suzuki Celerio
Volvo,XC60,2020,4,480000.0,1,0,1,5600000,Volvo XC60
Ford,Ecosport,2016,8,52000.0,0,1,1,470000,Ford Ecosport
Maruti Suzuki,Swift-Dzire,2014,10,81158.0,0,1,2,270000,Maruti Suzuki Swift-Dzire
Maruti Suzuki,Eeco,2018,6,93000.0,0,0,2,445000,Maruti Suzuki Eeco
BMW,X7,2023,1,6500.0,1,0,1,12900000,BMW X7
Maruti Suzuki,maruti-suzuki-dzire,2018,6,43000.0,1,1,0,640000,Maruti Suzuki maruti-suzuki-dzire
Maruti Suzuki,Ertiga,2020,4,42000.0,0,0,2,865000,Maruti Suzuki Ertiga
Maruti Suzuki,Ignis,2018,6,62000.0,0,0,1,475000,Maruti Suzuki Ignis
Hyundai,Eon,2017,7,27000.0,0,1,0,300000,Hyundai Eon
Audi,A3,2015,9,25000.0,1,0,1,1275000,Audi A3
Maruti Suzuki,Celerio,2018,6,48000.0,1,1,0,350000,Maruti Suzuki Celerio
Maruti Suzuki,Omni,2013,11,45000.0,0,1,0,265000,Maruti Suzuki Omni
Honda,City,2016,8,105000.0,1,0,0,695000,Honda City
Maruti Suzuki,maruti-suzuki-dzire,2018,6,25000.0,1,0,0,625111,Maruti Suzuki maruti-suzuki-dzire
BMW,5 Series,2021,3,46000.0,1,0,1,5150000,BMW 5 Series
Renault,KWID,2019,5,78000.0,0,0,0,390000,Renault KWID
Hyundai,Verna,2019,5,41000.0,1,1,2,875000,Hyundai Verna
Hyundai,i10,2015,9,95000.0,1,0,2,170000,Hyundai i10
Land Rover,Range Rover,2019,5,29700.0,1,1,1,17400000,Land Rover Range Rover
Mini,Cooper S,2017,7,22000.0,1,1,0,2850000,Mini Cooper S
Maruti Suzuki,Eeco,2022,2,85024.0,1,0,2,450000,Maruti Suzuki Eeco
Fiat,Linea,2015,9,79000.0,0,1,1,415000,Fiat Linea
Maruti Suzuki,Wagon-R,2014,10,72000.0,1,0,2,350000,Maruti Suzuki Wagon-R
Hyundai,i10,2010,14,130000.0,0,1,2,160000,Hyundai i10
Honda,Civic,2011,13,100000.0,0,1,0,295000,Honda Civic
Maruti Suzuki,Celerio,2017,7,65000.0,1,0,0,490000,Maruti Suzuki Celerio
Maruti Suzuki,Zen-Estilo,2012,12,130000.0,1,1,2,105000,Maruti Suzuki Zen-Estilo
BMW,7 Series,2009,15,40000.0,1,0,0,1000000,BMW 7 Series
Maruti Suzuki,XL6,2021,3,36831.0,1,0,0,1210000,Maruti Suzuki XL6
Jeep,Compass,2019,5,68530.0,1,1,0,1075000,Jeep Compass
Maruti Suzuki,Swift-Dzire,2022,2,96000.0,0,1,0,725000,Maruti Suzuki Swift-Dzire
Audi,A6,2017,7,52000.0,1,0,0,2175000,Audi A6
Maruti Suzuki,Swift,2012,12,75235.0,0,1,0,325000,Maruti Suzuki Swift
BMW,X1,2020,4,45000.0,1,0,0,3700000,BMW X1
Renault,Duster,2014,10,72000.0,0,0,1,420000,Renault Duster
Skoda,Rapid,2017,7,130000.0,0,1,1,689000,Skoda Rapid
Maruti Suzuki,Ciaz,2014,10,70000.0,0,1,2,511000,Maruti Suzuki Ciaz
Maruti Suzuki,Wagon-R,2010,14,96000.0,0,1,2,199000,Maruti Suzuki Wagon-R
Hyundai,Grand i10,2018,6,50000.0,1,1,0,525000,Hyundai Grand i10
Hyundai,Creta,2015,9,89000.0,0,1,1,770000,Hyundai Creta
Skoda,Rapid,2018,6,65000.0,0,0,1,830000,Skoda Rapid
Volkswagen,VentoTest,2014,10,72900.0,1,1,1,511000,Volkswagen VentoTest
Hyundai,Alcazar,2022,2,42200.0,1,1,1,1840000,Hyundai Alcazar
MG,Hector Plus,2021,3,48000.0,0,0,1,1385000,MG Hector Plus
Nissan,Micra,2018,6,62000.0,0,0,2,345000,Nissan Micra
Tata,Zest,2016,8,98000.0,0,0,0,348888,Tata Zest
Toyota,Fortuner,2014,10,124653.0,0,1,1,1760000,Toyota Fortuner
Honda,City ZX,2008,16,119000.0,1,1,2,145000,Honda City ZX
Mahindra,XUV500,2016,8,89000.0,0,0,1,870000,Mahindra XUV500
Hyundai,Eon,2016,8,24500.0,1,1,2,310000,Hyundai Eon
Renault,KWID,2020,4,35000.0,0,0,0,435000,Renault KWID
Maruti Suzuki,Celerio,2017,7,53000.0,1,0,2,399999,Maruti Suzuki Celerio
Toyota,Corolla,2010,14,85000.0,1,1,0,300000,Toyota Corolla
Maruti Suzuki,Vitara-Brezza,2020,4,42554.0,0,0,0,835000,Maruti Suzuki Vitara-Brezza
Volvo,XC60,2023,1,6200.0,1,0,0,6000000,Volvo XC60
Hyundai,Grand i10,2015,9,47000.0,0,0,1,475000,Hyundai Grand i10
Hyundai,i10,2013,11,78220.0,0,1,0,310000,Hyundai i10
Kia,Seltos,2020,4,32028.0,1,1,1,1550000,Kia Seltos
Audi,Q3,2015,9,57000.0,1,1,1,1195000,Audi Q3
Mercedes-Benz,CLA,2016,8,98000.0,1,1,1,2050000,Mercedes-Benz CLA
Maruti Suzuki,Wagon R,2017,7,58000.0,1,0,2,399999,Maruti Suzuki Wagon R
Maruti Suzuki,Sx4,2010,14,112000.0,0,0,0,170000,Maruti Suzuki Sx4
Renault,Duster,2016,8,80000.0,0,0,1,545000,Renault Duster
Maruti Suzuki,Celerio-X,2020,4,142000.0,1,1,2,320000,Maruti Suzuki Celerio-X
Maruti Suzuki,Wagon-R,2013,11,65000.0,0,0,2,350000,Maruti Suzuki Wagon-R
Maruti Suzuki,Celerio,2015,9,103000.0,1,1,0,360000,Maruti Suzuki Celerio
Hyundai,Creta,2017,7,120000.0,1,1,1,820000,Hyundai Creta
Honda,City,2015,9,80000.0,1,1,0,585000,Honda City
Hyundai,i20,2012,12,50000.0,1,1,0,345111,Hyundai i20
Maruti Suzuki,Baleno,2017,7,42000.0,1,0,2,485000,Maruti Suzuki Baleno
Honda,Jazz,2016,8,78000.0,0,1,1,335999,Honda Jazz
Hyundai,i10,2010,14,25.0,1,1,2,100000,Hyundai i10
Maserati,Gran Turismo,2017,7,21000.0,1,1,0,8000000,Maserati Gran Turismo
Tata,Safari,2010,14,0.0,0,1,1,290000,Tata Safari
Hyundai,Grand i10 Nios,2020,4,22000.0,1,0,0,625000,Hyundai Grand i10 Nios
Honda,City,2022,2,11000.0,1,0,0,1275000,Honda City
Audi,Q3,2017,7,72000.0,1,1,1,1860000,Audi Q3
Hyundai,Eon,2018,6,48000.0,0,0,2,280000,Hyundai Eon
Maruti Suzuki,S-Cross1,2017,7,99600.0,0,0,1,745000,Maruti Suzuki S-Cross1
Audi,A4,2014,10,52000.0,1,1,1,620000,Audi A4
Maruti Suzuki,Swift,2012,12,71000.0,0,0,2,298000,Maruti Suzuki Swift
Maruti Suzuki,Ertiga,2017,7,80000.0,0,0,2,775000,Maruti Suzuki Ertiga
Maruti Suzuki,Ertiga,2015,9,82000.0,0,1,2,650000,Maruti Suzuki Ertiga
Maruti Suzuki,Ritz,2012,12,243000.0,0,1,1,235000,Maruti Suzuki Ritz
Maruti Suzuki,Wagon-R,2019,5,65000.0,0,0,2,475000,Maruti Suzuki Wagon-R
BMW,5 Series,2016,8,47000.0,1,1,1,2500000,BMW 5 Series
Maruti Suzuki,Eeco,2015,9,,0,1,2,320000,Maruti Suzuki Eeco
Maruti Suzuki,Wagon-R-1-0,2019,5,35.0,1,1,2,440000,Maruti Suzuki Wagon-R-1-0
Skoda,Kushaq,2021,3,57000.0,0,0,0,1190000,Skoda Kushaq
Honda,WR-V,2021,3,68000.0,0,0,1,965000,Honda WR-V
Maruti Suzuki,Baleno,2022,2,22000.0,0,0,0,980000,Maruti Suzuki Baleno
Toyota,Fortuner,2018,6,86000.0,1,0,1,2700000,Toyota Fortuner
Maruti Suzuki,Alto-800,2019,5,53000.0,0,0,0,300000,Maruti Suzuki Alto-800
Hyundai,Grand i10,2019,5,57000.0,1,1,2,595000,Hyundai Grand i10
Mahindra,KUV100 NXT,2018,6,43700.0,0,1,0,345000,Mahindra KUV100 NXT
Kia,Sonet,2023,1,12000.0,0,0,0,970000,Kia Sonet
Toyota,Corolla Altis,2017,7,82000.0,0,1,0,790000,Toyota Corolla Altis
Audi,Q5,2012,12,160000.0,1,1,1,975000,Audi Q5
Volkswagen,VentoTest,2018,6,75000.0,1,0,1,595000,Volkswagen VentoTest
Porsche,Cayenne,2023,1,7700.0,1,0,0,13600000,Porsche Cayenne
Skoda,Octavia,2014,10,105904.0,1,1,1,1040000,Skoda Octavia
Maruti Suzuki,Alto-800,2020,4,55000.0,0,0,2,375000,Maruti Suzuki Alto-800
Maruti Suzuki,Ritz,2013,11,92000.0,0,0,1,415000,Maruti Suzuki Ritz
Hyundai,Verna,2019,5,72000.0,1,0,0,855000,Hyundai Verna
Hyundai,New i20,2021,3,83228.0,0,1,0,699000,Hyundai New i20
